trace_id,ticker,quarter,guidance_availability,actual,baseline_prediction,online_anchor_prediction,pre_ram_prediction,final_came_prediction,compressed_base_delta_log,compressed_base_support,intrinsic_delta_log,intrinsic_support,temporal_delta_log,temporal_support,guidance_delta_log,guidance_support,guidance_active,base_weight,intrinsic_weight,temporal_weight,guidance_weight,blend_support_sum,ram_active,ram_reason,ram_history_n,ram_prior_signed_log_error,normalized_card_ids_json,normalized_card_count,public_release_status,derived_artifact_status,source_material_access_status,source_material_redistribution_status,verbatim_text_status
AAPL:FY2019_Q1,AAPL,FY2019_Q1,explicit_numeric,84310000000.0,91000000000.0,91000000000.0,91000000000.0,91000000000.0,0.0,0.0,0.0,0.0,0.0,0.0,0.0,0.0,0,0.0,0.0,0.0,0.0,0.0,0,not_no_guidance_current_kept,0,,"[""7c1fcf621915b3029cc2"",""c3b6139d14b969db740b"",""b44443c0e00455f28619"",""b1884848fbf27de9c27d"",""bc6c3820fc68159c4c81"",""6bb1e18870d7d3e7ce38""]",6,included_in_public_release,author_created_derived_forecast_trace,not_required_for_public_post_extraction_replay,not_redistributed_no_rights_grant,absent
AAPL:FY2019_Q2,AAPL,FY2019_Q2,explicit_numeric,58015000000.0,57000000000.0,57000000000.0,57000000000.0,57000000000.0,0.0,0.0,0.0,0.0,0.0,0.0,0.0,0.0,0,0.0,0.0,0.0,0.0,0.0,0,not_no_guidance_current_kept,0,,"[""4b16ad9d3c2d137cfad7"",""e04e9e989feebbcda18e""]",2,included_in_public_release,author_created_derived_forecast_trace,not_required_for_public_post_extraction_replay,not_redistributed_no_rights_grant,absent
AAPL:FY2019_Q3,AAPL,FY2019_Q3,explicit_numeric,53809000000.0,53500000000.0,53500000000.0,53500000000.0,53500000000.0,0.0,0.0,0.0,0.0,0.0,0.0,0.0,0.0,0,0.0,0.0,0.0,0.0,0.0,0,not_no_guidance_current_kept,0,,"[""871ed4f1b3337a231ef3"",""ff451d03ae52d7aa091d"",""257d2b95ad3914d76132"",""a940601b9eb7109d61dd"",""1a942724b1ce13b1f487"",""a0b41c518f122d5192e0""]",6,included_in_public_release,author_created_derived_forecast_trace,not_required_for_public_post_extraction_replay,not_redistributed_no_rights_grant,absent
AAPL:FY2019_Q4,AAPL,FY2019_Q4,explicit_numeric,64040000000.0,32030500000.0,62500000000.0,62500000000.0,62500000000.0,0.0,0.0,0.0,0.0,0.0,0.0,0.0,0.0,0,0.0,0.0,0.0,0.0,0.0,0,not_no_guidance_current_kept,0,,"[""878f39945af6f5cc2eb5"",""df216ab11b949742aa38"",""bc8c0f7d7e85fff3948e""]",3,included_in_public_release,author_created_derived_forecast_trace,not_required_for_public_post_extraction_replay,not_redistributed_no_rights_grant,absent
AAPL:FY2020_Q1,AAPL,FY2020_Q1,explicit_numeric,91819000000.0,87500000000.0,84310000000.0,87499999999.99998,87499999999.99998,0.0,0.0,0.0178031780412693,0.0,0.0,0.0,0.0371383114289843,0.3302393647373786,1,0.0,0.0,0.0,1.0,0.3302393647373786,0,not_no_guidance_current_kept,0,,"[""e94fb24a5f7c2a5827e3"",""d9a4398e39b366cda9fa"",""77282e6d3edf60f02b7f"",""b5eeea128664efef81f8"",""4841d0940946758abe42""]",5,included_in_public_release,author_created_derived_forecast_trace,not_required_for_public_post_extraction_replay,not_redistributed_no_rights_grant,absent
AAPL:FY2020_Q2,AAPL,FY2020_Q2,explicit_numeric,58313000000.0,65000000000.0,58015000000.0,65000000000.00001,65000000000.00001,0.0,0.0,0.0544980690610815,0.0,0.0,0.0,0.1136856720961284,0.3411811487005559,1,0.0,0.0,0.0,1.0,0.3411811487005559,0,not_no_guidance_current_kept,0,,"[""d203f4a9675d02a6d45e"",""37bf85b301011f837712"",""1b577ee72d6264ab9b6e""]",3,included_in_public_release,author_created_derived_forecast_trace,not_required_for_public_post_extraction_replay,not_redistributed_no_rights_grant,absent
AAPL:FY2020_Q3,AAPL,FY2020_Q3,no_total_revenue_guidance_but_forward_commentary,59685000000.0,58313000000.0,53809000000.0,53927214792.60277,53927214792.60277,0.0,0.0,0.0032333785280781,0.0,0.0043842420719703,0.0172597175784965,0.0,0.0,0,0.0,0.0,1.0,0.0,0.0128045529785471,0,not_no_guidance_current_kept,0,,"[""2a9bf2caae9d8bf7b9f3"",""d987247b409eaa63ebbe"",""43aad3c6ad3f8cd70207"",""d66011127f440fc4ea43"",""926afc8996800f432c11"",""297515be65b32ec639f2"",""7bf4b8eb878ba0b5f796"",""5c10c41b1df84f0e3708"",""8923eadd689ee2484236"",""27fc13a035b18c06b6d7"",""dba26b59897a47999025""]",11,included_in_public_release,author_created_derived_forecast_trace,not_required_for_public_post_extraction_replay,not_redistributed_no_rights_grant,absent
AAPL:FY2020_Q4,AAPL,FY2020_Q4,none,64698000000.0,59685000000.0,64040000000.0,64483222150.97411,67257998174.1985,0.0,0.0,0.0,0.0,0.0068971801453741,0.0258607388303869,0.0,0.0,0,0.0,0.0,1.0,0.0,0.0193955541227902,1,prior_signed_error_strength_active,35,0.1108398626241852,"[""9b3aed8f59061bc76fbe""]",1,included_in_public_release,author_created_derived_forecast_trace,not_required_for_public_post_extraction_replay,not_redistributed_no_rights_grant,absent
AAPL:FY2021_Q1,AAPL,FY2021_Q1,none,111439000000.0,64698000000.0,91819000000.0,91829531178.42966,91928461116.64966,0.0,0.0,0.0,0.0,0.0001146884036983,0.0740966067017467,0.0,0.0,0,0.0,0.0,1.0,0.0,0.05557245502631,1,prior_signed_error_strength_active,38,0.120560685766804,"[""c3f7d2b7ce603cc90a5e"",""810b716b6343a7ad86f6"",""0783fafd0aaeaf0a8fdf"",""fa24e878c1824343c465""]",4,included_in_public_release,author_created_derived_forecast_trace,not_required_for_public_post_extraction_replay,not_redistributed_no_rights_grant,absent
AAPL:FY2021_Q2,AAPL,FY2021_Q2,none,89584000000.0,111439000000.0,58313000000.0,59972236590.38662,67939116533.84829,0.0,0.0,0.0,0.0,0.0280566785773007,0.4951344811804672,0.0,0.0,0,0.0,0.0,1.0,0.0,0.3713508608853504,1,prior_signed_error_strength_active,43,0.1206553423479563,"[""7e44a087b77a7763ea48""]",1,included_in_public_release,author_created_derived_forecast_trace,not_required_for_public_post_extraction_replay,not_redistributed_no_rights_grant,absent
AAPL:FY2021_Q3,AAPL,FY2021_Q3,none,81434000000.0,89584000000.0,59685000000.0,61899123176.37241,81586391796.18408,0.0221594915556127,0.1582820825400912,0.0,0.0,0.0452692303788135,0.4595723508768178,0.0,0.0,0,0.3826935720417985,0.0,0.6173064279582016,0.0,0.5583600745867365,1,prior_signed_error_strength_active,49,0.1218179120040395,"[""24981ef832cc9631d419"",""601284c8b3e4eb5e3f01""]",2,included_in_public_release,author_created_derived_forecast_trace,not_required_for_public_post_extraction_replay,not_redistributed_no_rights_grant,absent
AAPL:FY2021_Q4,AAPL,FY2021_Q4,none,83360000000.0,81434000000.0,89886407773.15353,92613655354.81668,92613655354.81668,0.0260102283262415,0.1857873451874394,0.0,0.0,0.0363986754000462,0.1993320287901135,0.0,0.0,0,0.6265436836819983,0.0,0.3734563163180017,0.0,0.4003119375956284,0,prior_signed_error_strength_active,53,0.1235701827835939,"[""5e8494fc15eaea3f464d"",""25b94321929f9865c67f""]",2,included_in_public_release,author_created_derived_forecast_trace,not_required_for_public_post_extraction_replay,not_redistributed_no_rights_grant,absent
AAPL:FY2022_Q1,AAPL,FY2022_Q1,qualitative_only,123945000000.0,83360000000.0,121609453907.6756,123046675982.9032,123046675982.9032,0.0157764871944462,0.2280685448116242,0.0193779519310883,0.0,0.0346498011197994,0.2171924198651435,0.0,0.0,0,0.5981005218058457,0.0,0.4018994781941543,0.0,0.4346350690383188,0,not_no_guidance_current_kept,0,,"[""bc8ae21f2094341cb44d"",""5dca6bf74f5ae0dba216"",""ddf4fd58403d2a391ca7""]",3,included_in_public_release,author_created_derived_forecast_trace,not_required_for_public_post_extraction_replay,not_redistributed_no_rights_grant,absent
AAPL:FY2022_Q2,AAPL,FY2022_Q2,qualitative_only,97278000000.0,123945000000.0,92646511144.67863,93460270636.43285,93460270636.43285,0.0140973461988539,0.1290599032213424,0.0224487938313581,0.1845950611752289,0.0159433229865177,0.1756689368718544,0.0,0.0,0,0.3595445503649463,0.3281618855790873,0.3122935640559663,0.0,0.422686872603601,0,not_no_guidance_current_kept,0,,"[""16edbddb9aa70b430f03"",""096123a43299f4f4175a""]",2,included_in_public_release,author_created_derived_forecast_trace,not_required_for_public_post_extraction_replay,not_redistributed_no_rights_grant,absent
AAPL:FY2022_Q3,AAPL,FY2022_Q3,none,82959000000.0,97278000000.0,87489947410.54858,86021482552.25694,87585876283.06288,-0.0316660396195334,0.2891127236559714,0.0,0.0,0.0242779744593523,0.186151154534698,0.0,0.0,0,0.7365365711794617,0.0,0.2634634288205383,0.0,0.5299155428365849,1,prior_signed_error_strength_active,65,0.1014683459800075,"[""cb9c93a337a7c9388ee7"",""c8cd9d4cbad31a9f9763"",""53ead25dd78a034de17c"",""9d71f3800ff238decc40"",""68a464d100b10d5fbb17"",""4fbf397952d889192555"",""900136bfdd6f79315db0"",""0d0e0207bd77d4ace70e""]",8,included_in_public_release,author_created_derived_forecast_trace,not_required_for_public_post_extraction_replay,not_redistributed_no_rights_grant,absent
AAPL:FY2022_Q4,AAPL,FY2022_Q4,none,90146000000.0,82959000000.0,88203197701.5225,89776537609.80551,90086324525.78207,0.0295723015673666,0.2112307254811906,-0.0002099091096151,0.3432832516163143,0.0014203033922676,0.1629920754188453,0.0,0.0,0,0.5935434399705263,0.2756004926900365,0.1308560673394371,0.0,0.6227914331096635,1,prior_signed_error_strength_active,68,0.0989495402264964,"[""79e6f05a7aa0f3a0aabb"",""4cbb913b08514c3b9aca"",""26164ea29988e2704386""]",3,included_in_public_release,author_created_derived_forecast_trace,not_required_for_public_post_extraction_replay,not_redistributed_no_rights_grant,absent
AAPL:FY2023_Q1,AAPL,FY2023_Q1,none,117154000000.0,90146000000.0,130008345016.23276,130630437991.90971,131161318798.92397,0.017532090900091,0.1515844752491139,-0.0158777099488292,0.3794557134356748,0.0082463231353393,0.3073408367963418,0.0,0.0,0,0.4358229407006512,0.3117083341029508,0.252468725196398,0.0,0.6086711068019576,1,prior_signed_error_strength_active,70,0.0974929777525249,"[""165b7d34f4c689fa6bdc"",""3aadb8ae5e6658095e4d"",""8381872da81366eeeac0"",""8cbb8f0a5f0864d9330b"",""f85ebda1664ceaae98df""]",5,included_in_public_release,author_created_derived_forecast_trace,not_required_for_public_post_extraction_replay,not_redistributed_no_rights_grant,absent
AAPL:FY2023_Q2,AAPL,FY2023_Q2,derived_weak_numeric,94836000000.0,91948096429.86807,93000640895.40604,93000640895.40604,93000640895.40604,-0.0169951526020235,0.2141080448254961,-0.0939046868789795,0.6341210204194526,-0.0231881789546676,0.4773628518665573,0.0,0.0,0,0.1829217872043937,0.4661574342008328,0.3509207785947735,0.0,1.2427477399854785,0,not_no_guidance_current_kept,0,,"[""c10be41f47011790767d"",""d5e9a6847809015daf4d"",""c20a5c27056a79aa28a5"",""7d57d65ec69a1ca0df75""]",4,included_in_public_release,author_created_derived_forecast_trace,not_required_for_public_post_extraction_replay,not_redistributed_no_rights_grant,absent
AAPL:FY2023_Q3,AAPL,FY2023_Q3,derived_weak_numeric,81797000000.0,94836000000.0,82701702424.2,82701702424.2,82701702424.2,-0.0005523664648229,0.1464572241921137,0.0045749502044097,0.0,0.0076862011020008,0.3276171491583122,0.0,0.0,0,0.3934613083078641,0.0,0.6065386916921358,0.0,0.4276167516266351,0,not_no_guidance_current_kept,0,,"[""f680507fa5127e257915"",""4cd03b31578f0f94ba7f""]",2,included_in_public_release,author_created_derived_forecast_trace,not_required_for_public_post_extraction_replay,not_redistributed_no_rights_grant,absent
AAPL:FY2023_Q4,AAPL,FY2023_Q4,derived_weak_numeric,89498000000.0,88883332272.56837,87416839576.28404,87416839576.28404,87416839576.28404,-0.0119376400699184,0.183032009103347,-0.0705250791741958,0.6047734402752908,-0.0117299871797383,0.345129051496782,0.0,0.0,0,0.1756673218934542,0.5248270364464546,0.2995056416600913,0.0,1.0852482071911829,0,not_no_guidance_current_kept,0,,"[""b1129dc466729362a60d"",""2b7d0b6cd7d6f25a151b"",""fa3791e505b97c12c3fd"",""670d0994048aa8b128af"",""98a6f775cf8d01f88baf""]",5,included_in_public_release,author_created_derived_forecast_trace,not_required_for_public_post_extraction_replay,not_redistributed_no_rights_grant,absent
AAPL:FY2024_Q1,AAPL,FY2024_Q1,derived_weak_numeric,119575000000.0,117154000000.0,122627409315.20802,122627409315.20802,122627409315.20802,-0.0030725124205935,0.1411825395253825,0.0107475176743398,0.5175173411212917,0.0086454253067987,0.043373954321933,0.0,0.0,0,0.2961743205615442,0.6493985504767849,0.0544271289616709,0.0,0.5725504792362724,0,not_no_guidance_current_kept,0,,"[""af5949f7b7c50db9eef7""]",1,included_in_public_release,author_created_derived_forecast_trace,not_required_for_public_post_extraction_replay,not_redistributed_no_rights_grant,absent
AAPL:FY2024_Q2,AAPL,FY2024_Q2,derived_weak_numeric,90753000000.0,94836000000.0,98544079360.84056,98544079360.84056,98544079360.84056,0.005948749333163,0.106109295427544,0.0034482727329702,0.0,0.0044504390912981,0.4384680621605734,0.0,0.0,0,0.2838548475421943,0.0,0.7161451524578057,0.0,0.4462248904392468,0,not_no_guidance_current_kept,0,,"[""f01a9b3aa2e088f5f33f"",""c00da4e78962d3b6ed58""]",2,included_in_public_release,author_created_derived_forecast_trace,not_required_for_public_post_extraction_replay,not_redistributed_no_rights_grant,absent
AAPL:FY2024_Q3,AAPL,FY2024_Q3,derived_weak_numeric,85777000000.0,83432940000.0,80421289498.18916,80421289498.18916,80421289498.18916,0.0160649635938519,0.1914165424952717,0.1507710390977539,0.3585963090772897,-0.0015011729985547,0.103618540321139,0.0,0.0,0,0.5917452966774748,0.3167328569504828,0.0915218463720424,0.0,0.5660863740659399,0,not_no_guidance_current_kept,0,,"[""78550d5650d1a5aa7bd6"",""086d84e7be250c75da35"",""aeaffbcd05da238ba1e0"",""6c0053649a3342f339a0"",""7559d3dc462f2826be4f""]",5,included_in_public_release,author_created_derived_forecast_trace,not_required_for_public_post_extraction_replay,not_redistributed_no_rights_grant,absent
AAPL:FY2024_Q4,AAPL,FY2024_Q4,no_total_revenue_guidance_but_forward_commentary,94930000000.0,85777000000.0,90926515969.05998,93019056412.6405,93019056412.6405,0.019592126139473,0.3136501426277636,0.1000347393137162,0.3859960014224843,0.0180373771287747,0.4582149234046178,0.0,0.0,0,0.2930027736946362,0.3232581980937387,0.3837390282116251,0.0,1.1187225008013135,0,not_no_guidance_current_kept,0,,"[""e98a3b4137e35eab5c93"",""90a574428268bf7d82fb"",""ba23fc46f5b367b5dd0e""]",3,included_in_public_release,author_created_derived_forecast_trace,not_required_for_public_post_extraction_replay,not_redistributed_no_rights_grant,absent
AAPL:FY2025_Q1,AAPL,FY2025_Q1,derived_weak_numeric,124300000000.0,125553750000.0,124381808429.9252,124381808429.9252,124381808429.9252,0.0283595188207091,0.202567991576494,0.0268717199815441,0.3553267266904591,0.0,0.0,0.0,0.0,0,0.5064557744418209,0.4935442255581791,0.0,0.0,0.5399618336461114,0,not_no_guidance_current_kept,0,,[],0,included_in_public_release,author_created_derived_forecast_trace,not_required_for_public_post_extraction_replay,not_redistributed_no_rights_grant,absent
AAPL:FY2025_Q2,AAPL,FY2025_Q2,derived_weak_numeric,95359000000.0,93475590000.0,99928529721.5149,99928529721.5149,99928529721.5149,0.0099445296370712,0.1359965280464323,0.0092355175968742,0.348263741496355,0.0,0.0,0.0,0.0,0,0.4127656319901293,0.5872343680098706,0.0,0.0,0.4447931189849499,0,not_no_guidance_current_kept,0,,[],0,included_in_public_release,author_created_derived_forecast_trace,not_required_for_public_post_extraction_replay,not_redistributed_no_rights_grant,absent
AAPL:FY2025_Q3,AAPL,FY2025_Q3,derived_weak_numeric,94036000000.0,88350310000.0,90423707821.68454,90423707821.68454,90423707821.68454,-0.0060763400386693,0.0978190909655928,-0.0072526202554621,0.5466362873497336,-6.76731163325571e-05,0.0690813368677579,0.0,0.0,0,0.1377544241790084,0.765504675864255,0.0967408999567364,0.0,0.7117540897996949,0,not_no_guidance_current_kept,0,,"[""10e983f71000eb9c5da3""]",1,included_in_public_release,author_created_derived_forecast_trace,not_required_for_public_post_extraction_replay,not_redistributed_no_rights_grant,absent
AAPL:FY2025_Q4,AAPL,FY2025_Q4,derived_weak_numeric,102466000000.0,102524400000.0,97314385335.0618,97314385335.0618,97314385335.0618,0.0318213648172025,0.253230195364642,0.0286260847052811,0.3407526347724023,0.0,0.0,0.0,0.0,0,0.5722235033865818,0.4277764966134181,0.0,0.0,0.5974252398215685,0,not_no_guidance_current_kept,0,,[],0,included_in_public_release,author_created_derived_forecast_trace,not_required_for_public_post_extraction_replay,not_redistributed_no_rights_grant,absent
AMZN:FY2019_Q1,AMZN,FY2019_Q1,no_total_revenue_guidance_but_forward_commentary,59700000000.0,72383000000.0,51042000000.0,51042000000.0,51042000000.0,0.0,0.0,0.0,0.0,0.0,0.0,0.0,0.0,0,0.0,0.0,0.0,0.0,0.0,0,not_no_guidance_current_kept,0,,"[""9d769b4612b3de8403db"",""f56c981d0ce0e082451f"",""68477c788a378aefa01f""]",3,included_in_public_release,author_created_derived_forecast_trace,not_required_for_public_post_extraction_replay,not_redistributed_no_rights_grant,absent
AMZN:FY2019_Q2,AMZN,FY2019_Q2,none,63404000000.0,59700000000.0,52886000000.0,52886000000.0,52886000000.0,0.0,0.0,0.0,0.0,0.0,0.0,0.0,0.0,0,0.0,0.0,0.0,0.0,0.0,0,insufficient_prior_no_guidance_history_current_kept,5,,"[""187133d28d19efb2e440"",""a93f95ad6d448231d18a"",""b082fbd1ab23e13a911e""]",3,included_in_public_release,author_created_derived_forecast_trace,not_required_for_public_post_extraction_replay,not_redistributed_no_rights_grant,absent
AMZN:FY2019_Q3,AMZN,FY2019_Q3,none,69981000000.0,63404000000.0,56576000000.0,56576000000.0,64796497489.04415,0.0,0.0,0.0,0.0,0.0,0.0,0.0,0.0,0,0.0,0.0,0.0,0.0,0.0,1,prior_signed_error_strength_active,8,0.2095735134835755,[],0,included_in_public_release,author_created_derived_forecast_trace,not_required_for_public_post_extraction_replay,not_redistributed_no_rights_grant,absent
AMZN:FY2019_Q4,AMZN,FY2019_Q4,none,87437000000.0,69981000000.0,72383000000.0,72383000000.0,79754355023.88013,0.0,0.0,0.0,0.0,0.0,0.0,0.0,0.0,0,0.0,0.0,0.0,0.0,0.0,1,prior_signed_error_strength_active,14,0.1808792808408042,"[""d85fdc9bb67c75bf4199"",""8f694dbcdfaf36ea3588"",""055265fc5b11c3cb0a55"",""763f23b0b7677b5ffa2d"",""684624ca097e3556be55"",""06c77b53610a8539fc40"",""b7e4947944b8c090832b"",""276a2a6a9c04dc1dc8af"",""2f36a36cc8092be5aa7e"",""0d75e5197616368f6716""]",10,included_in_public_release,author_created_derived_forecast_trace,not_required_for_public_post_extraction_replay,not_redistributed_no_rights_grant,absent
AMZN:FY2020_Q1,AMZN,FY2020_Q1,explicit_numeric,75452000000.0,87437000000.0,74944687096.00726,71000000000.0,71000000000.0,0.0,0.0,-0.0259200262915334,0.0,0.0,0.0,-0.0540704590175403,0.9448356807511736,1,0.0,0.0,0.0,1.0,0.9448356807511736,0,not_no_guidance_current_kept,0,,"[""33612334b2b61dc48820"",""339f0552e2b4ffec7060"",""8bcf758abc39d83a9b05""]",3,included_in_public_release,author_created_derived_forecast_trace,not_required_for_public_post_extraction_replay,not_redistributed_no_rights_grant,absent
AMZN:FY2020_Q2,AMZN,FY2020_Q2,explicit_numeric,88912000000.0,75452000000.0,78549231280.44243,78000000000.0,78000000000.0,0.0,0.0,-0.003363655294262,0.0,0.0,0.0,-0.0070167515916809,0.8056923259711949,1,0.0,0.0,0.0,1.0,0.8056923259711949,0,not_no_guidance_current_kept,0,,"[""3d69aed21913193e57d0"",""6b64c8715a13284ad1bd""]",2,included_in_public_release,author_created_derived_forecast_trace,not_required_for_public_post_extraction_replay,not_redistributed_no_rights_grant,absent
AMZN:FY2020_Q3,AMZN,FY2020_Q3,explicit_numeric,96145000000.0,88912000000.0,86904634487.13847,89999999999.99998,89999999999.99998,0.0,0.0,0.0167773139998771,0.0,0.0,0.0,0.0349983082135638,0.6411750487569102,1,0.0,0.0,0.0,1.0,0.6411750487569102,0,not_no_guidance_current_kept,0,,"[""cfc5f1ed812b89b35a15"",""8c496a2708054000aff9"",""1b54febda2845dfcec1b"",""e0bab369d5d2e964cb48""]",4,included_in_public_release,author_created_derived_forecast_trace,not_required_for_public_post_extraction_replay,not_redistributed_no_rights_grant,absent
AMZN:FY2020_Q4,AMZN,FY2020_Q4,explicit_numeric,125555000000.0,96145000000.0,107046786852.42365,115282426982.97226,115282426982.97226,0.0,0.0,0.0347156077997014,0.0,0.0556231441070387,0.4107510222766183,0.0846252738112521,0.5651524352753351,1,0.0,0.0,0.362258520419848,0.637741479580152,0.8861779472889157,0,not_no_guidance_current_kept,0,,"[""147d803b27099948aa75"",""c5ada09e733bba1aff41"",""94b2590dbbee32fb6ad6""]",3,included_in_public_release,author_created_derived_forecast_trace,not_required_for_public_post_extraction_replay,not_redistributed_no_rights_grant,absent
AMZN:FY2021_Q1,AMZN,FY2021_Q1,explicit_numeric,108518000000.0,125555000000.0,109565821459.70483,105924839380.97542,105924839380.97542,0.0,0.0,-0.0108220318656363,0.0,0.0325953210274429,0.4833802256945224,-0.061796489654188,0.5730571067438928,1,0.0,0.0,0.2966442928992664,0.7033557071007336,0.814747219591154,0,not_no_guidance_current_kept,0,,"[""933e49d642139c3a85f3"",""95dcde25deb216138e75""]",2,included_in_public_release,author_created_derived_forecast_trace,not_required_for_public_post_extraction_replay,not_redistributed_no_rights_grant,absent
AMZN:FY2021_Q2,AMZN,FY2021_Q2,explicit_numeric,113080000000.0,108518000000.0,119065371178.84528,116255901584.63304,116255901584.63304,0.0,0.0,-0.0030425051566824,0.0,0.0654135142703512,0.4101196059021108,-0.0522848612058596,0.6445921547873987,1,0.0,0.0,0.2413456487487766,0.7586543512512233,0.8496519577384541,0,not_no_guidance_current_kept,0,,"[""297e22bf0621bb0379d3""]",1,included_in_public_release,author_created_derived_forecast_trace,not_required_for_public_post_extraction_replay,not_redistributed_no_rights_grant,absent
AMZN:FY2021_Q3,AMZN,FY2021_Q3,explicit_numeric,110812000000.0,113080000000.0,122850382409.42683,115839927491.09116,115839927491.09116,0.0013383399454658,0.1282078994314796,-0.0255789668769377,0.0,0.0700161712225288,0.4077283476342468,-0.1196193295490469,0.6528905409149748,1,0.2075293466590259,0.0,0.1885678272201762,0.6039028261207978,1.0811185387371876,0,not_no_guidance_current_kept,0,,"[""80da82a78fd51577712f""]",1,included_in_public_release,author_created_derived_forecast_trace,not_required_for_public_post_extraction_replay,not_redistributed_no_rights_grant,absent
AMZN:FY2021_Q4,AMZN,FY2021_Q4,explicit_numeric,137412000000.0,110812000000.0,134634005063.69724,137947525428.3407,137947525428.3407,0.0069826270111804,0.075464145033278,0.0176395495212171,0.0,0.0628080642924769,0.3954830660250449,0.0027147552178738,0.5707718466296333,1,0.0801103228460703,0.0,0.3537279545103334,0.5661617226435961,1.0081427687560915,0,not_no_guidance_current_kept,0,,"[""05978f653dc385fcc056"",""2893f8e7d155b7cd3068"",""fbce4633a93d086ff226"",""926854494f08fa8d3142"",""88a854b8dc6d8a89ea6f""]",5,included_in_public_release,author_created_derived_forecast_trace,not_required_for_public_post_extraction_replay,not_redistributed_no_rights_grant,absent
AMZN:FY2022_Q1,AMZN,FY2022_Q1,explicit_numeric,116444000000.0,137412000000.0,122139486340.54391,117737649792.66435,117737649792.66435,-0.0034268434938872,0.070262643290313,-0.0175610164964598,0.0,0.0336190399740574,0.4443697210765282,-0.0645888992944213,0.7070991069574234,1,0.1168547155301116,0.0,0.2111534458016766,0.6719918386682117,1.0522435932537353,0,not_no_guidance_current_kept,0,,"[""d8ee6d339f8d4b60bd43"",""57b7f9bbb6ae2f718d80"",""b12ad942acddbc2a0b9d""]",3,included_in_public_release,author_created_derived_forecast_trace,not_required_for_public_post_extraction_replay,not_redistributed_no_rights_grant,absent
AMZN:FY2022_Q2,AMZN,FY2022_Q2,explicit_numeric,121234000000.0,116444000000.0,125235925993.16924,121803853209.31108,121803853209.31108,-0.0022135994447652,0.0829194227436553,-0.011427896107865,0.0,0.0471400870351687,0.4311484136665632,-0.0552864057561019,0.7223314234632427,1,0.1339861781259026,0.0,0.1990501354578116,0.6669636864162858,1.0830146200979212,0,not_no_guidance_current_kept,0,,"[""7e624e11c96a5e5c7ef6"",""082f5b687f0181c67ed5"",""9b278e961ae97c56c93a""]",3,included_in_public_release,author_created_derived_forecast_trace,not_required_for_public_post_extraction_replay,not_redistributed_no_rights_grant,absent
AMZN:FY2022_Q3,AMZN,FY2022_Q3,explicit_numeric,127101000000.0,121234000000.0,125934586436.51324,129826833889.0652,129826833889.0652,-0.0086852662792602,0.0930218950506859,0.0964384944029873,0.2102795631042968,0.0477337470563725,0.4288505777214904,0.0123537477205252,0.7473740631745303,1,0.075730935772015,0.1259503344481527,0.256866967454725,0.5414517623251072,1.3803151364124286,0,not_no_guidance_current_kept,0,,"[""a56b9c5486e401d513b6"",""ad2920bdc60044747280"",""dbff24893167af5bb38b"",""9981e286f276ae50a88e"",""549b2009d8cb72ff1c6e"",""6b4f90e36e91eda94492"",""93f3e118937973066bfe""]",7,included_in_public_release,author_created_derived_forecast_trace,not_required_for_public_post_extraction_replay,not_redistributed_no_rights_grant,absent
AMZN:FY2022_Q4,AMZN,FY2022_Q4,explicit_numeric,149204000000.0,127101000000.0,149461586724.51117,146879824217.9289,146879824217.9289,-7.346075482459701e-05,0.1064834150710445,-0.006658573445089,0.0,0.0398463015661397,0.372085632826016,-0.0372261152521743,0.7013728804467789,1,0.1735450063262768,0.0,0.1732626718298266,0.6531923218438966,1.0737616732341149,0,not_no_guidance_current_kept,0,,"[""a95850c4d4e7451de055"",""91414c488af97d766622"",""aaf8c5c9bc1807e4bd8d""]",3,included_in_public_release,author_created_derived_forecast_trace,not_required_for_public_post_extraction_replay,not_redistributed_no_rights_grant,absent
AMZN:FY2023_Q1,AMZN,FY2023_Q1,explicit_numeric,127358000000.0,149204000000.0,131406551858.90204,125832434944.21016,125832434944.21016,-0.004042841856473,0.0625997266966165,-0.0293503054774858,0.0,0.004936817374427,0.4266245463627225,-0.0620548106793067,0.780576853096639,1,0.0992801203020478,0.0,0.1933159343009761,0.7074039453969762,1.1034386479970792,0,not_no_guidance_current_kept,0,,"[""6cc8fd460c7cd607ba12"",""e950e79d62315cca934b""]",2,included_in_public_release,author_created_derived_forecast_trace,not_required_for_public_post_extraction_replay,not_redistributed_no_rights_grant,absent
AMZN:FY2023_Q2,AMZN,FY2023_Q2,explicit_numeric,134383000000.0,127358000000.0,135442175233.91109,132016470500.58098,132016470500.58098,-0.0049071562702983,0.075412974971109,0.0037628556070948,0.1974805791106992,0.0006566674795736,0.1900532116067607,-0.0410103477387865,0.7644364318004994,1,0.0652054026091096,0.1536189713483506,0.1478412662144113,0.6333343598281284,1.207002936028844,0,not_no_guidance_current_kept,0,,"[""4844cb813a34ea4b5e7b"",""9b11ad0b2c57b76379e8""]",2,included_in_public_release,author_created_derived_forecast_trace,not_required_for_public_post_extraction_replay,not_redistributed_no_rights_grant,absent
AMZN:FY2023_Q3,AMZN,FY2023_Q3,explicit_numeric,143083000000.0,134383000000.0,139078428854.13104,141056055955.11053,141056055955.11053,-0.0087431070530891,0.1080650461274994,0.0291093894367881,0.279492200897407,0.0226026981933486,0.5089482194669532,0.0101694784039372,0.8215393947980446,1,0.0846318438858624,0.1334878358875197,0.2430779684631991,0.5388023517634186,1.5247509445889953,0,not_no_guidance_current_kept,0,,"[""bcd8ecc9db4a8c44ad9e"",""92125684959f2da5e017"",""baaa6b069e03aedc15a2""]",3,included_in_public_release,author_created_derived_forecast_trace,not_required_for_public_post_extraction_replay,not_redistributed_no_rights_grant,absent
AMZN:FY2023_Q4,AMZN,FY2023_Q4,explicit_numeric,169961000000.0,143083000000.0,163633864560.00183,163661106118.30008,163661106118.30008,-0.0049921954626417,0.1321279978887646,0.0001251379833155,0.0,0.0038483499977772,0.4044117507153002,-0.0008184084986351,0.796962148011475,1,0.1001539670836842,0.0,0.3006143767586245,0.5992316561576914,1.3299733747740283,0,not_no_guidance_current_kept,0,,"[""f4a3b348caf469dc65ef"",""1da2c472255caca80a55"",""bc9d0dc2a622f1fa62f8"",""d17641b411f7dcbe22e2""]",4,included_in_public_release,author_created_derived_forecast_trace,not_required_for_public_post_extraction_replay,not_redistributed_no_rights_grant,absent
AMZN:FY2024_Q1,AMZN,FY2024_Q1,explicit_numeric,143313000000.0,169961000000.0,148028183673.68182,142668147243.293,142668147243.293,-0.0044269841307239,0.1212668380413708,-0.0248830627075044,0.0,-0.000924191171157,0.1991562413578434,-0.0504174188423609,0.8156165822750912,1,0.107875332021486,0.0,0.1732516690206765,0.7188729989578374,1.1345767381129972,0,not_no_guidance_current_kept,0,,"[""29778c9d99d3ab9debd9"",""ef868de9cca19a19e48b""]",2,included_in_public_release,author_created_derived_forecast_trace,not_required_for_public_post_extraction_replay,not_redistributed_no_rights_grant,absent
AMZN:FY2024_Q2,AMZN,FY2024_Q2,explicit_numeric,147977000000.0,146500000000.0,152944177310.83307,149009016769.30716,149009016769.30716,-0.0032249893433889,0.1016086680698338,-0.0236577267297191,0.2247263735873661,0.0121555142839767,0.5202407100771905,-0.0430475721822723,0.8405891577724505,1,0.1278429218632565,0.0807852231082636,0.1870174878127883,0.6043543672156915,1.390887868726938,0,not_no_guidance_current_kept,0,,"[""3f21cdc86fe462e3b382"",""8991ff7c6bd7cf198b59""]",2,included_in_public_release,author_created_derived_forecast_trace,not_required_for_public_post_extraction_replay,not_redistributed_no_rights_grant,absent
AMZN:FY2024_Q3,AMZN,FY2024_Q3,explicit_numeric,158877000000.0,147977000000.0,156301850845.03952,156697359458.74207,156697359458.74207,-0.0007064438132176,0.0922127435053802,0.0018237834465597,0.0,0.0088134205736737,0.4788011883541576,-0.0003317903597435,0.8668168525214975,1,0.0688838595629661,0.0,0.3154456761030419,0.615670464333992,1.407923398532989,0,not_no_guidance_current_kept,0,,"[""7a33d620717de3b25cfd"",""4a0f1fea0389b6732ec6"",""2b4971e573df59aa6d3e""]",3,included_in_public_release,author_created_derived_forecast_trace,not_required_for_public_post_extraction_replay,not_redistributed_no_rights_grant,absent
AMZN:FY2024_Q4,AMZN,FY2024_Q4,explicit_numeric,187792000000.0,158877000000.0,181060357738.14944,183927265473.0292,183927265473.0292,0.0029722229770039,0.1432562389802702,0.0111155006014764,0.4255293480448341,0.0114097757224884,0.4573738666719935,0.021525381234079,0.8346376120451399,1,0.1117157833553487,0.1758610797518678,0.1890216559980934,0.5234014808946899,1.5946412887835748,0,not_no_guidance_current_kept,0,,"[""f5f4c95adaa10272d5f6"",""9878a988afb05323c8a5"",""aef6af93b768489e2dfd""]",3,included_in_public_release,author_created_derived_forecast_trace,not_required_for_public_post_extraction_replay,not_redistributed_no_rights_grant,absent
AMZN:FY2025_Q1,AMZN,FY2025_Q1,explicit_numeric,155667000000.0,153250000000.0,161436981545.3476,158020625257.62308,158020625257.62308,-0.0020436624627033,0.1181574695393656,0.0425636523964313,0.3252493114438897,0.0004324639594192,0.172360200122154,-0.0520442845462198,0.8731416126449291,1,0.0796386198599638,0.2178863434619818,0.1154650676930651,0.5870099689849891,1.4874391556836692,0,not_no_guidance_current_kept,0,,"[""70a1043677e5837f524e"",""caf4fa70ddad943e838d"",""a75ad3fef42415420fda"",""7b6d99e042f6a197a02d"",""f9985de882d3165c5600""]",5,included_in_public_release,author_created_derived_forecast_trace,not_required_for_public_post_extraction_replay,not_redistributed_no_rights_grant,absent
AMZN:FY2025_Q2,AMZN,FY2025_Q2,explicit_numeric,167702000000.0,161500000000.0,165542603226.65213,163544837658.74332,163544837658.74332,-0.0025500050236613,0.1315864578178679,0.0148984762220256,0.2811950862133366,0.0005783105678787,0.1709974434950086,-0.0247234403363024,0.8679041522088523,1,0.0918315375639293,0.1917138615954252,0.1165830479359877,0.5998715529046577,1.4468166526756356,0,not_no_guidance_current_kept,0,,"[""f4459eba771b55a3862c"",""b394d482ce37665e4f8b"",""ea4788f1950156c7a168"",""020b0cad850421771687"",""deb02de3978d0379f0fa"",""296065a687755314d96a"",""7abee471b92d4776b6f5""]",7,included_in_public_release,author_created_derived_forecast_trace,not_required_for_public_post_extraction_replay,not_redistributed_no_rights_grant,absent
AMZN:FY2025_Q3,AMZN,FY2025_Q3,explicit_numeric,180169000000.0,176750000000.0,175740313519.2733,176985058662.89304,176985058662.89304,0.0004619110919326,0.1220038775589555,0.0080052191071326,0.4493154315379896,0.0120799571162098,0.4593647996878262,0.005728890715622,0.8733891776070124,1,0.0829963519756589,0.2013982080413807,0.2059026710427902,0.5097027689401701,1.7135264527266725,0,not_no_guidance_current_kept,0,,"[""e4a20b6ca57d50ba7ad2""]",1,included_in_public_release,author_created_derived_forecast_trace,not_required_for_public_post_extraction_replay,not_redistributed_no_rights_grant,absent
AMZN:FY2025_Q4,AMZN,FY2025_Q4,explicit_numeric,213386000000.0,180169000000.0,203648134847.8944,209390337946.61584,209390337946.61584,0.0029978518442683,0.1389989397141634,0.0488200994015171,0.479083863363276,0.0117435241280168,0.4090760656213725,0.028330063925501,0.8667035193738056,1,0.0806359752452587,0.2400887034424821,0.2050049056440744,0.4742704156681846,1.82744588475487,0,not_no_guidance_current_kept,0,,"[""c2f0140a70483903cb0a"",""124adfe1deaf99b3479b"",""71947ba694ef2c84a54d""]",3,included_in_public_release,author_created_derived_forecast_trace,not_required_for_public_post_extraction_replay,not_redistributed_no_rights_grant,absent
ASML:FY2019_Q1,ASML,FY2019_Q1,explicit_numeric,2230000000.0,2100000000.0,2100000000.0,2100000000.0,2100000000.0,0.0,0.0,0.0,0.0,0.0,0.0,0.0,0.0,0,0.0,0.0,0.0,0.0,0.0,0,not_no_guidance_current_kept,0,,[],0,included_in_public_release,author_created_derived_forecast_trace,not_required_for_public_post_extraction_replay,not_redistributed_no_rights_grant,absent
ASML:FY2019_Q2,ASML,FY2019_Q2,explicit_numeric,2570000000.0,2550000000.0,2550000000.0,2550000000.0,2550000000.0,0.0,0.0,0.0,0.0,0.0,0.0,0.0,0.0,0,0.0,0.0,0.0,0.0,0.0,0,not_no_guidance_current_kept,0,,[],0,included_in_public_release,author_created_derived_forecast_trace,not_required_for_public_post_extraction_replay,not_redistributed_no_rights_grant,absent
ASML:FY2019_Q3,ASML,FY2019_Q3,explicit_numeric,3000000000.0,3000000000.0,3000000000.0,3000000000.0,3000000000.0,0.0,0.0,0.0,0.0,0.0,0.0,0.0,0.0,0,0.0,0.0,0.0,0.0,0.0,0,not_no_guidance_current_kept,0,,[],0,included_in_public_release,author_created_derived_forecast_trace,not_required_for_public_post_extraction_replay,not_redistributed_no_rights_grant,absent
ASML:FY2019_Q4,ASML,FY2019_Q4,explicit_numeric,4000000000.0,3900000000.0,3900000000.0,3900000000.0,3900000000.0,0.0,0.0,0.0,0.0,0.0,0.0,0.0,0.0,0,0.0,0.0,0.0,0.0,0.0,0,not_no_guidance_current_kept,0,,[],0,included_in_public_release,author_created_derived_forecast_trace,not_required_for_public_post_extraction_replay,not_redistributed_no_rights_grant,absent
ASML:FY2020_Q1,ASML,FY2020_Q1,explicit_numeric,2400000000.0,3200000000.0,3200000000.0,3200000000.0,3200000000.0,0.0,0.0,0.0,0.0,0.0,0.0,0.0,0.0,0,0.0,0.0,0.0,0.0,0.0,0,not_no_guidance_current_kept,0,,[],0,included_in_public_release,author_created_derived_forecast_trace,not_required_for_public_post_extraction_replay,not_redistributed_no_rights_grant,absent
ASML:FY2020_Q2,ASML,FY2020_Q2,none,3300000000.0,2400000000.0,2570000000.0,2570000000.0,2676873483.485739,0.0,0.0,0.0,0.0,0.0,0.0,0.0,0.0,0,0.0,0.0,0.0,0.0,0.0,1,prior_signed_error_strength_active,26,0.1297006221051704,[],0,included_in_public_release,author_created_derived_forecast_trace,not_required_for_public_post_extraction_replay,not_redistributed_no_rights_grant,absent
ASML:FY2020_Q3,ASML,FY2020_Q3,explicit_numeric,4000000000.0,3700000000.0,3700000000.0,3700000000.0,3700000000.0,0.0,0.0,0.0,0.0,0.0,0.0,0.0,0.0,0,0.0,0.0,0.0,0.0,0.0,0,not_no_guidance_current_kept,0,,"[""82d9bffb72c4f7bc35f3"",""e4c2b4d2b99cb38a0a98"",""7e76c0e72ca7f755b6e8""]",3,included_in_public_release,author_created_derived_forecast_trace,not_required_for_public_post_extraction_replay,not_redistributed_no_rights_grant,absent
ASML:FY2020_Q4,ASML,FY2020_Q4,explicit_numeric,4300000000.0,3700000000.0,3700000000.0,3700000000.0,3700000000.0,0.0,0.0,0.0,0.0,0.0,0.0,0.0,0.0,0,0.0,0.0,0.0,0.0,0.0,0,not_no_guidance_current_kept,0,,"[""2be6d563986380b89512"",""6f296077d5efe65fc4eb"",""e49bd82ef3062727d417""]",3,included_in_public_release,author_created_derived_forecast_trace,not_required_for_public_post_extraction_replay,not_redistributed_no_rights_grant,absent
ASML:FY2021_Q1,ASML,FY2021_Q1,explicit_numeric,4400000000.0,4000000000.0,4000000000.0,4000000000.0,4000000000.0,0.0,0.0,0.0,0.0,0.0,0.0,0.0,0.0,0,0.0,0.0,0.0,0.0,0.0,0,not_no_guidance_current_kept,0,,"[""b79d97fe3679edbe4008"",""42fb621fb6f0b56d2515"",""13237ef06a0652dababb"",""aa7fe00bd930772d347d"",""504f2704ca4abd4f83a7"",""8d28f9fad57f898a460e"",""ef84649e4f84e43c7978""]",7,included_in_public_release,author_created_derived_forecast_trace,not_required_for_public_post_extraction_replay,not_redistributed_no_rights_grant,absent
ASML:FY2021_Q2,ASML,FY2021_Q2,explicit_numeric,4000000000.0,4050000000.0,4050000000.0,4050000000.0,4050000000.0,0.0,0.0,0.0,0.0,0.0,0.0,0.0,0.0,0,0.0,0.0,0.0,0.0,0.0,0,not_no_guidance_current_kept,0,,"[""aa21fb734d5a52e814c8"",""7021286c833897441230"",""80c9c9d23778ca45ac41"",""61daf91dfa2cdafb6af3"",""bed5575ef86a10216fab"",""3bc88cc3d7a2e796027c"",""5e9c631f3c4302898bd4""]",7,included_in_public_release,author_created_derived_forecast_trace,not_required_for_public_post_extraction_replay,not_redistributed_no_rights_grant,absent
ASML:FY2021_Q3,ASML,FY2021_Q3,explicit_numeric,5200000000.0,5300000000.0,5300000000.0,5317785888.569428,5317785888.569428,0.003350209806767,0.1037988753175949,0.0016060068261189,0.0,0.0,0.0,0.0,0.0,0,1.0,0.0,0.0,0.0,0.1401284816787531,0,not_no_guidance_current_kept,0,,"[""7c2cda74df4e66eb356c"",""fff482437ac1d6479ad8"",""7f615ec8cc43845ac212"",""a961b6a8b7b68a6e9d0d""]",4,included_in_public_release,author_created_derived_forecast_trace,not_required_for_public_post_extraction_replay,not_redistributed_no_rights_grant,absent
ASML:FY2021_Q4,ASML,FY2021_Q4,explicit_numeric,5000000000.0,5050000000.0,5050000000.0,5035749716.164115,5035749716.164115,-0.0028258272750468,0.0906104186485144,-0.0013546309499755,0.0,0.0,0.0,0.0,0.0,0,1.0,0.0,0.0,0.0,0.1223240651754944,0,not_no_guidance_current_kept,0,,"[""8146df1f76121eae850d"",""8d551b6fa45674d8cda7"",""3bd8b518540daf25f71f"",""db1076d3c8287c5fc673""]",4,included_in_public_release,author_created_derived_forecast_trace,not_required_for_public_post_extraction_replay,not_redistributed_no_rights_grant,absent
ASML:FY2022_Q1,ASML,FY2022_Q1,explicit_numeric,3500000000.0,3400000000.0,3400000000.0,3426661614.495341,3426661614.495341,-0.0012412014387383,0.0838912104667642,0.0039587675554407,0.0,0.0104709498563355,0.3601445209582337,0.0,0.0,0,0.2271046900505245,0.0,0.7728953099494755,0.0,0.4043088192675098,0,not_no_guidance_current_kept,0,,"[""b42521a4d9b5ca47c282"",""0ffa1c5b8ca2467707c0"",""bad7af68dce3d69b67e4"",""c4b2f7f6cf49b2e5c95d""]",4,included_in_public_release,author_created_derived_forecast_trace,not_required_for_public_post_extraction_replay,not_redistributed_no_rights_grant,absent
ASML:FY2022_Q2,ASML,FY2022_Q2,explicit_numeric,5400000000.0,5200000000.0,5200000000.0,5179967805.341537,5179967805.341537,0.0048561287185071,0.0707341907224264,-0.0019825128158912,0.0,-0.0056771884106702,0.4202003388906062,0.0,0.0,0,0.1725386094471972,0.0,0.8274613905528028,0.0,0.4457518588048851,0,not_no_guidance_current_kept,0,,"[""2a15afde54122c64e962"",""7e794655b9af91a80e6d""]",2,included_in_public_release,author_created_derived_forecast_trace,not_required_for_public_post_extraction_replay,not_redistributed_no_rights_grant,absent
ASML:FY2022_Q3,ASML,FY2022_Q3,explicit_numeric,5800000000.0,5250000000.0,5250000000.0,5278932724.9363785,5278932724.9363785,0.0052863395843236,0.0758858139340896,0.0027815306227902,0.0,0.0055615741127778,0.3299970203444637,0.0,0.0,0,0.2387377025136304,0.0,0.7612622974863696,0.0,0.3576061770114938,0,not_no_guidance_current_kept,0,,"[""2d58fa93a767ee56e0d7"",""d161a43e4ed3c6d0adc8"",""980ccc3b834ec14c89a4""]",3,included_in_public_release,author_created_derived_forecast_trace,not_required_for_public_post_extraction_replay,not_redistributed_no_rights_grant,absent
ASML:FY2022_Q4,ASML,FY2022_Q4,explicit_numeric,6400000000.0,6350000000.0,6350000000.0,6443544470.737727,6443544470.737727,0.0093971954328138,0.093649391277132,0.0075415246329927,0.0,0.0165638940630102,0.3343141938704174,0.0,0.0,0,0.2706873418368955,0.0,0.7293126581631045,0.0,0.3853486810434172,0,not_no_guidance_current_kept,0,,"[""a2729801493957e6db9c"",""633809d249074ca4373b"",""7fc4dd1f572608b709ee"",""0d14a981ed6cda46e2a6"",""1233d7de6dcd5e638bd2"",""f8362f6644e6ed5d6c86""]",6,included_in_public_release,author_created_derived_forecast_trace,not_required_for_public_post_extraction_replay,not_redistributed_no_rights_grant,absent
ASML:FY2023_Q1,ASML,FY2023_Q1,explicit_numeric,6700000000.0,6300000000.0,6300000000.0,6374357720.437411,6374357720.437411,0.0068426128352866,0.0842905858694214,0.0079013514995499,0.0,0.0132575282594221,0.3927991769159007,0.0,0.0,0,0.2375441175092599,0.0,0.76245588249074,0.0,0.4077123401482447,0,not_no_guidance_current_kept,0,,"[""5c645caba3413a939cb2"",""21b9b80771b0ae90b8c3"",""3b01114e1eca11907dfa"",""78a3c278f228454783cc"",""88cf11e769d9016b893a"",""fea8a697a96de5ba94ff""]",6,included_in_public_release,author_created_derived_forecast_trace,not_required_for_public_post_extraction_replay,not_redistributed_no_rights_grant,absent
ASML:FY2023_Q2,ASML,FY2023_Q2,explicit_numeric,6900000000.0,6750000000.0,6750000000.0,6788372349.00462,6788372349.00462,0.0075801169182132,0.0966688263411756,0.0028571480837477,0.0,0.0048640785776012,0.3315242890330269,0.0,0.0,0,0.2962463383653141,0.0,0.7037536616346859,0.0,0.3742310743993168,0,not_no_guidance_current_kept,0,,"[""bdef39a1014380689fe5"",""89dda5e85e307544dea3"",""1dd6bb9cf21eea5fdbab"",""ac15670efa54665c8a3e""]",4,included_in_public_release,author_created_derived_forecast_trace,not_required_for_public_post_extraction_replay,not_redistributed_no_rights_grant,absent
ASML:FY2023_Q3,ASML,FY2023_Q3,explicit_numeric,6700000000.0,6750000000.0,6750000000.0,6783230914.9813175,6783230914.9813175,0.0070449771581678,0.1054164609146268,-0.0040771497392585,0.2125497584091329,0.0079144987605281,0.3739308194233655,0.0,0.0,0,0.3861658625996699,0.2224631173463711,0.3913710200539589,0.0,0.4777190955168462,0,not_no_guidance_current_kept,0,,"[""56b4153d157a40cfea12"",""1edd19a96638de46c817"",""32bda06c55998ceeba32"",""706d16794d5969dbd040""]",4,included_in_public_release,author_created_derived_forecast_trace,not_required_for_public_post_extraction_replay,not_redistributed_no_rights_grant,absent
ASML:FY2023_Q4,ASML,FY2023_Q4,explicit_numeric,7200000000.0,6900000000.0,6900000000.0,7004600988.566135,7004600988.566135,0.001844305556743,0.0690783867208139,0.0182276998883806,0.1612290721234187,0.0181908364633344,0.3936678171216344,0.0,0.0,0,0.1929262769264306,0.2345007694733704,0.5725729536001989,0.0,0.4473888109204936,0,not_no_guidance_current_kept,0,,"[""eccd9a912b773b7335ef"",""594593534015d062fd47"",""2bd64a25607e2e9d7d01"",""6d3b2f29a0599cf3f31e""]",4,included_in_public_release,author_created_derived_forecast_trace,not_required_for_public_post_extraction_replay,not_redistributed_no_rights_grant,absent
ASML:FY2024_Q1,ASML,FY2024_Q1,explicit_numeric,5300000000.0,5250000000.0,5250000000.0,5310498298.98607,5310498298.98607,0.0007174926842689,0.0943428774425849,-0.0206076861318684,0.1680111447563037,0.0300352009437386,0.4808858585460833,0.0,0.0,0,0.3372495738155237,0.1715980459522834,0.4911523802321928,0.0,0.4895485371757173,0,not_no_guidance_current_kept,0,,"[""c62ac1428e39be569c55"",""5c5e26c5508e9a98ca12"",""14a81e10a836fad776f0"",""7b65a465cfb1c9e24a78"",""0f2ca91215b30e0b1c4e"",""a7587b3d34d7b1dd4333"",""3bed8c697258a714ea50""]",7,included_in_public_release,author_created_derived_forecast_trace,not_required_for_public_post_extraction_replay,not_redistributed_no_rights_grant,absent
ASML:FY2024_Q2,ASML,FY2024_Q2,explicit_numeric,6200000000.0,5950000000.0,5950000000.0,6016949683.873558,6016949683.873558,0.0041279315982042,0.1003376690574125,0.026895261985202,0.2489078826043234,-0.0001110565235313,0.1265071270181687,0.0,0.0,0,0.4833241997419824,0.3425666958932705,0.174109104364747,0.0,0.363298425661718,0,not_no_guidance_current_kept,0,,"[""c9ad3a7963f7386d5e9e"",""4078608b12ae2ee9dfeb"",""f63bd211e7a81a1bd1f5""]",3,included_in_public_release,author_created_derived_forecast_trace,not_required_for_public_post_extraction_replay,not_redistributed_no_rights_grant,absent
ASML:FY2024_Q3,ASML,FY2024_Q3,explicit_numeric,7500000000.0,7000000000.0,7000000000.0,7024211118.92812,7024211118.92812,0.0048041482013782,0.0755293161513322,0.0023029885440357,0.1597916666666666,0.0,0.0,0.0,0.0,0,0.4596967944051165,0.5403032055948834,0.0,0.0,0.2218083268042985,0,not_no_guidance_current_kept,0,,[],0,included_in_public_release,author_created_derived_forecast_trace,not_required_for_public_post_extraction_replay,not_redistributed_no_rights_grant,absent
ASML:FY2024_Q4,ASML,FY2024_Q4,explicit_numeric,9300000000.0,9000000000.0,9000000000.0,9052027445.724775,9052027445.724775,0.0107303674557409,0.0848810266172511,0.0055746616946381,0.1900947684428029,0.0040068193039321,0.3575806687556276,0.0,0.0,0,0.196326926740634,0.2789499699793964,0.5247231032799696,0.0,0.5100329667253171,0,not_no_guidance_current_kept,0,,"[""e1b6c5f2e3a939a7c4f8"",""4fd4a0301c5a52998d99"",""91dc3bda42bab6c3aadd"",""089c560cd3b0b633a70b"",""7f41568aaabfc1a8fcf5""]",5,included_in_public_release,author_created_derived_forecast_trace,not_required_for_public_post_extraction_replay,not_redistributed_no_rights_grant,absent
ASML:FY2025_Q1,ASML,FY2025_Q1,explicit_numeric,7700000000.0,7750000000.0,7750000000.0,7915453256.035109,7915453256.035109,9.675728143262344e-05,0.1323542542389331,0.0388051249082124,0.3213484900289967,0.01695282363424,0.4884639649482399,0.0,0.0,0,0.1762848700496231,0.3268653273936531,0.4968498025567238,0.0,0.8327979562018657,0,not_no_guidance_current_kept,0,,"[""6469e6aed1512a15e7a1"",""8e6f538ef48ac3442501"",""36ba5d7db469ab1457e2"",""99c46023f4596946dd81""]",4,included_in_public_release,author_created_derived_forecast_trace,not_required_for_public_post_extraction_replay,not_redistributed_no_rights_grant,absent
ASML:FY2025_Q2,ASML,FY2025_Q2,explicit_numeric,7700000000.0,7450000000.0,7450000000.0,7571425236.513899,7571425236.513899,0.005830882668817,0.0870020282926158,0.0311162438456117,0.1806825714480618,0.0132572169357078,0.5262925372709792,0.0,0.0,0,0.137956570397954,0.2203135890351452,0.6417298405669007,0.0,0.6978205553025381,0,not_no_guidance_current_kept,0,,"[""122e7fc8b023a86bae6c"",""5e2df2111528aff4f7bc""]",2,included_in_public_release,author_created_derived_forecast_trace,not_required_for_public_post_extraction_replay,not_redistributed_no_rights_grant,absent
ASML:FY2025_Q3,ASML,FY2025_Q3,explicit_numeric,7500000000.0,7650000000.0,7650000000.0,7691363152.732443,7691363152.732443,0.0029294060341496,0.0671644145090217,-0.0019849288569388,0.4521742563665158,0.0143375985015972,0.4376435567380809,0.0,0.0,0,0.2089757831507143,0.4019708099276795,0.3890534069216061,0.0,0.5624466319430864,0,not_no_guidance_current_kept,0,,"[""5b5a101b84f58f61d423"",""4928bcd1547f509d1ef6""]",2,included_in_public_release,author_created_derived_forecast_trace,not_required_for_public_post_extraction_replay,not_redistributed_no_rights_grant,absent
ASML:FY2025_Q4,ASML,FY2025_Q4,explicit_numeric,9767300000.0,9500000000.0,9500000000.0,9630344776.267223,9630344776.267223,-0.0203096159302483,0.1450686852160595,0.0322458322003756,0.3221029068950849,0.0146611612024114,0.506112187378442,0.0,0.0,0,0.1883015233625456,0.3156793937407876,0.4960190828966668,0.0,0.857976183002492,0,not_no_guidance_current_kept,0,,"[""e2708b732044f22e0bb5"",""6d36985c8aa6bfeff138"",""088288e2b184bc31be5a"",""509008ec4f27f83c8014""]",4,included_in_public_release,author_created_derived_forecast_trace,not_required_for_public_post_extraction_replay,not_redistributed_no_rights_grant,absent
AVGO:FY2019_Q1,AVGO,FY2019_Q1,none,5789000000.0,5327000000.0,5444000000.0,5444000000.0,5444000000.0,0.0,0.0,0.0,0.0,0.0,0.0,0.0,0.0,0,0.0,0.0,0.0,0.0,0.0,0,insufficient_prior_no_guidance_history_current_kept,0,,[],0,included_in_public_release,author_created_derived_forecast_trace,not_required_for_public_post_extraction_replay,not_redistributed_no_rights_grant,absent
AVGO:FY2019_Q2,AVGO,FY2019_Q2,none,5517000000.0,5789000000.0,4844000000.0,4844000000.0,4844000000.0,0.0,0.0,0.0,0.0,0.0,0.0,0.0,0.0,0,0.0,0.0,0.0,0.0,0.0,0,insufficient_prior_no_guidance_history_current_kept,5,,"[""6c405984929bd530df60"",""df0591b547f3f4584b3d"",""91b2f3a6ae177cf82513"",""506510ca041807c29b8c"",""48bf5b106e987f03b064"",""79e02d6c01e4574fa64d""]",6,included_in_public_release,author_created_derived_forecast_trace,not_required_for_public_post_extraction_replay,not_redistributed_no_rights_grant,absent
AVGO:FY2019_Q3,AVGO,FY2019_Q3,none,5515000000.0,5517000000.0,4139000000.0,4139000000.0,5332249973.614797,0.0,0.0,0.0,0.0,0.0,0.0,0.0,0.0,0,0.0,0.0,0.0,0.0,0.0,1,prior_signed_error_strength_active,8,0.2095735134835755,"[""3f9a1d3e409b5a826d66"",""0f23c69aaf9ba1d8f927""]",2,included_in_public_release,author_created_derived_forecast_trace,not_required_for_public_post_extraction_replay,not_redistributed_no_rights_grant,absent
AVGO:FY2019_Q4,AVGO,FY2019_Q4,none,5776000000.0,5515000000.0,5327000000.0,5327000000.0,5615812470.230438,0.0,0.0,0.0,0.0,0.0,0.0,0.0,0.0,0,0.0,0.0,0.0,0.0,0.0,1,prior_signed_error_strength_active,14,0.1808792808408042,"[""77426697eed678dd8951""]",1,included_in_public_release,author_created_derived_forecast_trace,not_required_for_public_post_extraction_replay,not_redistributed_no_rights_grant,absent
AVGO:FY2020_Q1,AVGO,FY2020_Q1,none,5858000000.0,5776000000.0,5716999964.776133,5716999964.776133,5720494985.50088,0.0,0.0,0.0,0.0,0.0,0.0,0.0,0.0,0,0.0,0.0,0.0,0.0,0.0,1,prior_signed_error_strength_active,20,0.1641825725209362,"[""be5af738adcf605740d7"",""afaced48504d931622ef"",""618c8954a0e3aff861c0"",""b86cfb980dcb1ef7f758"",""81ba1990fd7b42614ab8"",""025bf8f1bd4e4e793c6d""]",6,included_in_public_release,author_created_derived_forecast_trace,not_required_for_public_post_extraction_replay,not_redistributed_no_rights_grant,absent
AVGO:FY2020_Q2,AVGO,FY2020_Q2,explicit_numeric,5742000000.0,5700000000.0,5727071414.447644,5700000000.0,5700000000.0,0.0,0.0,-0.0022713402425659,0.0,0.0,0.0,-0.004738128276539,1.0,1,0.0,0.0,0.0,1.0,1.0,0,not_no_guidance_current_kept,0,,"[""b180cd23330089444694"",""8fd400623b3e555ce94b"",""befaafc9ff0c3347f1a9"",""8b593903e33539209cfc"",""4a97c4e9e97a5ba0169f""]",5,included_in_public_release,author_created_derived_forecast_trace,not_required_for_public_post_extraction_replay,not_redistributed_no_rights_grant,absent
AVGO:FY2020_Q3,AVGO,FY2020_Q3,explicit_numeric,5821000000.0,5750000000.0,5728066623.99064,5750000000.0,5750000000.0,0.0,0.0,0.0018320724677226,0.0,0.0,0.0,0.0038217939352754,1.0,1,0.0,0.0,0.0,1.0,1.0,0,not_no_guidance_current_kept,0,,"[""a4fdbfb039a5edc6351a"",""8f88f11a4e9e1231d7a1"",""08e46cff2283b9118c60"",""e30bc2c7b53e00bc9c49"",""ef146e193f9dd90cffed"",""5b69498862a9757e8f8c"",""987daa5d36b2b7c2c360"",""89274c46820b6b6eb4e9"",""b388f20f067c3a092607""]",9,included_in_public_release,author_created_derived_forecast_trace,not_required_for_public_post_extraction_replay,not_redistributed_no_rights_grant,absent
AVGO:FY2020_Q4,AVGO,FY2020_Q4,explicit_numeric,6467000000.0,6400000000.0,5733874972.299529,6316095281.274735,6316095281.274735,0.0,0.0,0.0443932167355318,0.0,0.0366985553395731,0.3051494148317837,0.10990642776381,0.986143505200028,1,0.0,0.0,0.180264880675224,0.8197351193247759,1.2030026309136597,0,not_no_guidance_current_kept,0,,"[""84601ad5425e86b4f458"",""1d0225f7c69233920e7f"",""ebba7772c2eb92fb3544"",""3ec815538b1f232823a1"",""6bc80cdf28050872ae80"",""7ed2f7b9c876d5983c52""]",6,included_in_public_release,author_created_derived_forecast_trace,not_required_for_public_post_extraction_replay,not_redistributed_no_rights_grant,absent
AVGO:FY2021_Q1,AVGO,FY2021_Q1,none,6655000000.0,6467000000.0,5776999959.045299,5823865636.790723,5882785577.175968,0.0,0.0,0.0,0.0,0.0080797303124053,0.5281657385229918,0.0,0.0,0,0.0,0.0,1.0,0.0,0.3961243038922438,1,prior_signed_error_strength_active,38,0.120560685766804,"[""f0a489fe43a914912001"",""cede79944b332dd66e0f"",""e05412e6e1c467843c29"",""98299fb7d36e12f077da""]",4,included_in_public_release,author_created_derived_forecast_trace,not_required_for_public_post_extraction_replay,not_redistributed_no_rights_grant,absent
AVGO:FY2021_Q2,AVGO,FY2021_Q2,explicit_numeric,6610000000.0,6500000000.0,6655000000.0,6580053521.970849,6580053521.970849,0.0,0.0,-0.0017475682056184,0.0,0.0346962365770758,0.4108615532805719,-0.0235662749454835,0.7723654772184647,1,0.0,0.0,0.2100956879611464,0.7899043120388536,0.9777962538587508,0,not_no_guidance_current_kept,0,,"[""8a82dcc65372fd9af5ae"",""bd92ba3a63f2a85ecf3d"",""d51926f189ce87f1b015"",""346b85dd3c8dac453748"",""bc2dd49b537ecb943f60""]",5,included_in_public_release,author_created_derived_forecast_trace,not_required_for_public_post_extraction_replay,not_redistributed_no_rights_grant,absent
AVGO:FY2021_Q3,AVGO,FY2021_Q3,explicit_numeric,6778000000.0,6750000000.0,6750000000.0,6874989683.303349,6874989683.303349,0.0025772739409458,0.072989962634311,0.0109480394403276,0.0,0.021970684850593,0.4327657594828701,0.0,0.0,0,0.1868184411099335,0.0,0.8131815588900665,0.0,0.4393716483554502,0,not_no_guidance_current_kept,0,,"[""157f06a34c91f4048f4a"",""d9e6c103b28d4ae71cbe"",""98272060b19208e94e7a"",""6d6d58965f655f1c5691""]",4,included_in_public_release,author_created_derived_forecast_trace,not_required_for_public_post_extraction_replay,not_redistributed_no_rights_grant,absent
AVGO:FY2021_Q4,AVGO,FY2021_Q4,explicit_numeric,7407000000.0,7350000000.0,7350000000.0,7570749652.114145,7570749652.114145,0.0048947581019387,0.1129103893749525,0.019908610315831,0.0,0.0385455660172131,0.429248951534622,0.0,0.0,0,0.266079417078471,0.0,0.733920582921529,0.0,0.4791419681759573,0,not_no_guidance_current_kept,0,,"[""8b64431d55702df66c55"",""37eafb3a5e44a707d0a0"",""35d11c3a5247817fe1ab"",""0a5bd37ae949395d1ec2"",""88e46f1a86ac4b4e707c"",""3149ffdbd420d5aee3c1"",""7169d1fc137e5828aada"",""64df3d4471f33b1946c5"",""05a801c3fe1d7e980b15"",""bd801b2f444c70903724""]",10,included_in_public_release,author_created_derived_forecast_trace,not_required_for_public_post_extraction_replay,not_redistributed_no_rights_grant,absent
AVGO:FY2022_Q1,AVGO,FY2022_Q1,explicit_numeric,7706000000.0,7600000000.0,7600000000.0,7755383815.304123,7755383815.304123,0.0011311341964654,0.1106486600229598,0.0144702282097432,0.0,0.0271460406134698,0.4264608245973797,0.0,0.0,0,0.2655016230545748,0.0,0.7344983769454251,0.0,0.4722909317529259,0,not_no_guidance_current_kept,0,,"[""dd6c006823e426461d63"",""bd22744cca076f84f008"",""011b66e50757b46b8ea7"",""11a02166243829a84fb7""]",4,included_in_public_release,author_created_derived_forecast_trace,not_required_for_public_post_extraction_replay,not_redistributed_no_rights_grant,absent
AVGO:FY2022_Q2,AVGO,FY2022_Q2,explicit_numeric,8103000000.0,7900000000.0,7900000000.0,8051386429.373712,8051386429.373712,0.0028695507396115,0.104614581754666,0.0242401235726434,0.3132763383350324,0.0224402266906766,0.4114713270562529,0.0,0.0,0,0.2082049367161479,0.3422579609185769,0.4495371023652751,0.0,0.6187473169460022,0,not_no_guidance_current_kept,0,,"[""bb1af61aec809af9ee09"",""90d45d48a1947332ded7"",""30d82f42dd6b5010215f"",""7ee7343c6cdf83b115ba"",""b06a0a962674ffff6631""]",5,included_in_public_release,author_created_derived_forecast_trace,not_required_for_public_post_extraction_replay,not_redistributed_no_rights_grant,absent
AVGO:FY2022_Q3,AVGO,FY2022_Q3,explicit_numeric,8464000000.0,8400000000.0,8400000000.0,8483346128.565304,8483346128.565304,0.0081143700806999,0.1173240389785124,0.0123817694772523,0.4830651185668355,0.0081124934963795,0.5112288455847002,0.0,0.0,0,0.1512381437242489,0.4123601887563765,0.4364016675193746,0.0,0.9028252663456934,0,not_no_guidance_current_kept,0,,"[""5bc767c990ee08a203c1"",""316982f769848534b4f5"",""94417965dbf3484ae410"",""45ad9965971858ccfc5b""]",4,included_in_public_release,author_created_derived_forecast_trace,not_required_for_public_post_extraction_replay,not_redistributed_no_rights_grant,absent
AVGO:FY2022_Q4,AVGO,FY2022_Q4,explicit_numeric,8930000000.0,8900000000.0,8900000000.0,9235067426.83454,9235067426.83454,0.0024049532686564,0.0903788825938987,0.069611892367739,0.325269938961901,0.0201768633868929,0.4108901790531169,0.0,0.0,0,0.1278046229066505,0.3853766729919733,0.4868187041013762,0.0,0.758406961770212,0,not_no_guidance_current_kept,0,,"[""9819663e9b2fb97d1316"",""a5d2e513d05a7f7b1244"",""03cf5343f124358f04ea"",""e91c2f57be167bb0f334""]",4,included_in_public_release,author_created_derived_forecast_trace,not_required_for_public_post_extraction_replay,not_redistributed_no_rights_grant,absent
AVGO:FY2023_Q1,AVGO,FY2023_Q1,explicit_numeric,8915000000.0,8900000000.0,8900000000.0,9207905032.450674,9207905032.450674,0.0031140778351429,0.044820594474312,0.0203324528458103,0.0,0.0384532724179918,0.4331046552685235,0.0,0.0,0,0.1257015456491152,0.0,0.8742984543508847,0.0,0.4036975011588466,0,not_no_guidance_current_kept,0,,"[""c73eef2948fa0f596801"",""3cf583bb1d048043c1e7"",""687a78ec78db97a750f0"",""9a8e112a2b15f332bc58""]",4,included_in_public_release,author_created_derived_forecast_trace,not_required_for_public_post_extraction_replay,not_redistributed_no_rights_grant,absent
AVGO:FY2023_Q2,AVGO,FY2023_Q2,explicit_numeric,8733000000.0,8700000000.0,8700000000.0,8869817408.758942,8869817408.758942,0.0018586780429101,0.0639941128965615,0.0587115832143573,0.1817597816096741,0.007817544078066,0.5164256266704449,0.0,0.0,0,0.0903619276806747,0.2368076092794411,0.672830463039884,0.0,0.7317721633088493,0,not_no_guidance_current_kept,0,,"[""7930ddc3c377d0968c44"",""89938a46e15fbb003292"",""8de3ee9b745ff9b20984"",""2eb80d3a413e73896f8c"",""75eb4e80c833876a7415"",""bcd739a19234692b51bc""]",6,included_in_public_release,author_created_derived_forecast_trace,not_required_for_public_post_extraction_replay,not_redistributed_no_rights_grant,absent
AVGO:FY2023_Q3,AVGO,FY2023_Q3,explicit_numeric,8876000000.0,8850000000.0,8850000000.0,8877295047.461077,8877295047.461077,0.0031396895680276,0.1168944221614458,0.0031868741016712,0.4219681660577756,0.002949682025958,0.4482358833995537,0.0,0.0,0,0.1965778348551439,0.3895851528245113,0.4138370123203447,0.0,0.7322441958135081,0,not_no_guidance_current_kept,0,,"[""49ae57df83fbb17ac231"",""bd59d0d22bd86e81d041"",""381f590f0ddc8d778d31"",""4fa2818ad47335c1ba04"",""1cf6e910859f9b6a9dd8"",""fbbb6152b986fea410a2"",""f5b1faffdbf475de84ee""]",7,included_in_public_release,author_created_derived_forecast_trace,not_required_for_public_post_extraction_replay,not_redistributed_no_rights_grant,absent
AVGO:FY2023_Q4,AVGO,FY2023_Q4,explicit_numeric,9295000000.0,9270000000.0,9270000000.0,9392307807.096786,9392307807.096786,0.0025263668941603,0.0482884190051932,0.0144955166443372,0.1697642487082177,0.0148435200832414,0.420651932969787,0.0,0.0,0,0.13389450008279,0.2490340780932191,0.6170714218239909,0.0,0.4486927810583136,0,not_no_guidance_current_kept,0,,"[""7e62a453da0e7d434bcf"",""7ccab2436e4d513cc8fd"",""e4f4f057f7255f5f4609"",""9103d762692bdb0321fc"",""2776ccaff8280af4897f""]",5,included_in_public_release,author_created_derived_forecast_trace,not_required_for_public_post_extraction_replay,not_redistributed_no_rights_grant,absent
AVGO:FY2024_Q1,AVGO,FY2024_Q1,none,11961000000.0,9295000000.0,9295000000.0,9348831080.972342,9425576270.03546,0.004097710357821,0.0997215839190561,0.0113442911782894,0.1946180555555555,0.0040023868413157,0.4944532424250462,0.0,0.0,0,0.1523050806609761,0.2394189649018419,0.608275954437182,0.0,0.7124994968747532,1,prior_signed_error_strength_active,78,0.0824250564654368,"[""447537fa1eca0570a0d2"",""168baaa7d37bfaff754d"",""93de7f92ab2b11ff4165"",""758287695bf7bcd03aa2""]",4,included_in_public_release,author_created_derived_forecast_trace,not_required_for_public_post_extraction_replay,not_redistributed_no_rights_grant,absent
AVGO:FY2024_Q2,AVGO,FY2024_Q2,none,12487000000.0,11961000000.0,11961000000.0,12204889636.13215,12347748466.469095,0.0187349976480161,0.2451673826759987,0.0371311091356845,0.5971401115321158,0.0019786882235237,0.5356221679657797,0.0,0.0,0,0.1826625553315528,0.430862663510502,0.3864747811579451,0.0,1.3600684469802873,1,prior_signed_error_strength_active,82,0.0780835127292811,"[""6b8ebc77e9978a888dc8""]",1,included_in_public_release,author_created_derived_forecast_trace,not_required_for_public_post_extraction_replay,not_redistributed_no_rights_grant,absent
AVGO:FY2024_Q3,AVGO,FY2024_Q3,none,13072000000.0,12487000000.0,12487000000.0,12604670638.359535,12604670638.359535,0.0179490038028388,0.2167691509539195,0.0,0.0,0.0030263151752426,0.5263258194686697,0.0,0.0,0,0.4257284129480515,0.0,0.5742715870519485,0.0,0.6873827183892938,0,proposal_not_upward_current_kept,86,0.0769063466162093,"[""86ab70a7db9acc97ac79"",""a08e4ffbedf205637a6c""]",2,included_in_public_release,author_created_derived_forecast_trace,not_required_for_public_post_extraction_replay,not_redistributed_no_rights_grant,absent
AVGO:FY2024_Q4,AVGO,FY2024_Q4,explicit_numeric,14054000000.0,14000000000.0,14000000000.0,14060372627.36212,14060372627.36212,-0.0039581435601935,0.0753226998974445,0.0158987171635933,0.1365906867754579,0.0020597578103109,0.4060691890966809,0.0,0.0,0,0.1305140322564817,0.2188547389556655,0.6506312287878527,0.0,0.5958156840822686,0,not_no_guidance_current_kept,0,,"[""769abe3f7cbbbf7f7440"",""e4b94e4e0f475b230d6d"",""4869d60946c933e99aa6""]",3,included_in_public_release,author_created_derived_forecast_trace,not_required_for_public_post_extraction_replay,not_redistributed_no_rights_grant,absent
AVGO:FY2025_Q1,AVGO,FY2025_Q1,explicit_numeric,14916000000.0,14600000000.0,14600000000.0,14899370683.270077,14899370683.270077,0.0005712293321084,0.1054132241021614,0.0153790039901783,0.2164318186419569,0.0323956153302063,0.3185787265380663,0.0,0.0,0,0.2090697807305704,0.3199609191212558,0.4709693001481737,0.0,0.5640403564516082,0,not_no_guidance_current_kept,0,,"[""21feb32e1f2f56ed06a1"",""9bf1279f4225b27492d9"",""5870fc996a9d156c3224""]",3,included_in_public_release,author_created_derived_forecast_trace,not_required_for_public_post_extraction_replay,not_redistributed_no_rights_grant,absent
AVGO:FY2025_Q2,AVGO,FY2025_Q2,explicit_numeric,15004000000.0,14900000000.0,14900000000.0,15013201520.71492,15013201520.71492,0.0062549222404278,0.090990960943761,0.0247816676640539,0.0761355250912957,0.0051696843044546,0.4897149051148226,0.0,0.0,0,0.1543457002889411,0.1137833086576617,0.7318709910533971,0.0,0.6202722139934977,0,not_no_guidance_current_kept,0,,"[""4f4421077a91728f8e2e"",""f239639164eb90987a02"",""d4007811d75b11e108a4"",""c454402a570c2750be4d"",""c8c215a9ce7b8764217e"",""2d68f839a4b4124ff595""]",6,included_in_public_release,author_created_derived_forecast_trace,not_required_for_public_post_extraction_replay,not_redistributed_no_rights_grant,absent
AVGO:FY2025_Q3,AVGO,FY2025_Q3,explicit_numeric,15952000000.0,15800000000.0,15800000000.0,15911972589.962715,15911972589.962715,0.0022542858979064,0.1407798358322864,0.0089467740712175,0.4530558437854801,0.0077689140243838,0.4659425993173969,0.0,0.0,0,0.2112622571624664,0.3888387910649716,0.3998989517725619,0.0,0.8110360692178615,0,not_no_guidance_current_kept,0,,"[""61f4325bc9cf485236ae"",""f10de404b71379a95ea0"",""9ef7ec646fdd4f72466a"",""3690abacdf00d4f4b3bf"",""5fd3ef0ee21cfc7e5242""]",5,included_in_public_release,author_created_derived_forecast_trace,not_required_for_public_post_extraction_replay,not_redistributed_no_rights_grant,absent
AVGO:FY2025_Q4,AVGO,FY2025_Q4,explicit_numeric,18015000000.0,17400000000.0,17400000000.0,17442328655.127693,17442328655.127693,-0.0005008157067243,0.1025811927686717,0.0069408857532905,0.0890714694377622,0.0023584607678713,0.4439037569938195,0.0,0.0,0,0.1915959990077436,0.1351014619381936,0.6733025390540627,0.0,0.5808851581470538,0,not_no_guidance_current_kept,0,,"[""3accf88e9e078c7f585d"",""d441cf2fc2e166d329e1"",""10501067e9c391ea6c02""]",3,included_in_public_release,author_created_derived_forecast_trace,not_required_for_public_post_extraction_replay,not_redistributed_no_rights_grant,absent
GOOGL:FY2019_Q1,GOOGL,FY2019_Q1,none,36339000000.0,39276000000.0,31146000000.0,31146000000.0,31146000000.0,0.0,0.0,0.0,0.0,0.0,0.0,0.0,0.0,0,0.0,0.0,0.0,0.0,0.0,0,insufficient_prior_no_guidance_history_current_kept,0,,"[""7d813a15dc4e39ca734d""]",1,included_in_public_release,author_created_derived_forecast_trace,not_required_for_public_post_extraction_replay,not_redistributed_no_rights_grant,absent
GOOGL:FY2019_Q2,GOOGL,FY2019_Q2,no_total_revenue_guidance_but_forward_commentary,38944000000.0,36339000000.0,32657000000.0,32657000000.0,32657000000.0,0.0,0.0,0.0,0.0,0.0,0.0,0.0,0.0,0,0.0,0.0,0.0,0.0,0.0,0,not_no_guidance_current_kept,0,,"[""35edaccc13a20a7d6620"",""609f16afed65087ebfd3"",""0e2506e3eec6f72697d1""]",3,included_in_public_release,author_created_derived_forecast_trace,not_required_for_public_post_extraction_replay,not_redistributed_no_rights_grant,absent
GOOGL:FY2019_Q3,GOOGL,FY2019_Q3,none,40499000000.0,38944000000.0,33740000000.0,33740000000.0,34444060803.98822,0.0,0.0,0.0,0.0,0.0,0.0,0.0,0.0,0,0.0,0.0,0.0,0.0,0.0,1,prior_signed_error_strength_active,8,0.2095735134835755,[],0,included_in_public_release,author_created_derived_forecast_trace,not_required_for_public_post_extraction_replay,not_redistributed_no_rights_grant,absent
GOOGL:FY2019_Q4,GOOGL,FY2019_Q4,none,46075000000.0,40499000000.0,39276000000.0,39276000000.0,39276000000.0,0.0,0.0,0.0,0.0,0.0,0.0,0.0,0.0,0,0.0,0.0,0.0,0.0,0.0,0,prior_signed_error_strength_active,14,0.1808792808408042,[],0,included_in_public_release,author_created_derived_forecast_trace,not_required_for_public_post_extraction_replay,not_redistributed_no_rights_grant,absent
GOOGL:FY2020_Q1,GOOGL,FY2020_Q1,none,41159000000.0,46075000000.0,43578084104.81218,43578084104.81218,43578084104.81218,0.0,0.0,0.0,0.0,0.0,0.0,0.0,0.0,0,0.0,0.0,0.0,0.0,0.0,0,prior_signed_error_strength_active,20,0.1641825725209362,"[""e532bf6384ea93a764cd"",""2a95bea99c3ef79eb039"",""3717b9ac8768cccae4a4"",""a64a5082b411aecf61b5""]",4,included_in_public_release,author_created_derived_forecast_trace,not_required_for_public_post_extraction_replay,not_redistributed_no_rights_grant,absent
GOOGL:FY2020_Q2,GOOGL,FY2020_Q2,none,38297000000.0,41159000000.0,43380982724.19946,43380982724.19946,43380982724.19946,0.0,0.0,0.0,0.0,0.0,0.0,0.0,0.0,0,0.0,0.0,0.0,0.0,0.0,0,prior_signed_error_strength_active,26,0.1297006221051704,"[""e35b97f6f0966fa75279"",""243bee9dfdac8d4d3d52"",""a29553af4ba5b1abdaa2"",""130fbbdc67d9aa9b0fc7""]",4,included_in_public_release,author_created_derived_forecast_trace,not_required_for_public_post_extraction_replay,not_redistributed_no_rights_grant,absent
GOOGL:FY2020_Q3,GOOGL,FY2020_Q3,none,46173000000.0,38297000000.0,39568524371.87263,39568524371.87263,39568524371.87263,0.0,0.0,0.0,0.0,0.0,0.0,0.0,0.0,0,0.0,0.0,0.0,0.0,0.0,0,prior_signed_error_strength_active,31,0.1085595699112108,"[""5535e61a9a6f83864d58"",""e6e45091fe71a7f4307c"",""c28cf5d81b7f86f42369"",""d5f1f6eec516b37fcbdb""]",4,included_in_public_release,author_created_derived_forecast_trace,not_required_for_public_post_extraction_replay,not_redistributed_no_rights_grant,absent
GOOGL:FY2020_Q4,GOOGL,FY2020_Q4,none,56898000000.0,46173000000.0,42628046518.31728,42628046518.31728,48571693296.55502,0.0,0.0,0.0,0.0,0.0,0.0,0.0,0.0,0,0.0,0.0,0.0,0.0,0.0,1,prior_signed_error_strength_active,35,0.1108398626241852,"[""db1a647330accc9e0f98""]",1,included_in_public_release,author_created_derived_forecast_trace,not_required_for_public_post_extraction_replay,not_redistributed_no_rights_grant,absent
GOOGL:FY2021_Q1,GOOGL,FY2021_Q1,none,55314000000.0,56898000000.0,52434747519.7628,52367550341.26417,52367550341.26417,0.0,0.0,0.0,0.0,-0.001282360961136,0.1023120890713704,0.0,0.0,0,0.0,0.0,1.0,0.0,0.0767340668035278,0,prior_signed_error_strength_active,38,0.120560685766804,"[""abab389251adeb0dfe40"",""295aead2770eff6f088a""]",2,included_in_public_release,author_created_derived_forecast_trace,not_required_for_public_post_extraction_replay,not_redistributed_no_rights_grant,absent
GOOGL:FY2021_Q2,GOOGL,FY2021_Q2,none,61880000000.0,55314000000.0,55314000000.0,55314000000.0,55314000000.0,0.0,0.0,0.0,0.0,0.0,0.0,0.0,0.0,0,0.0,0.0,0.0,0.0,0.0,0,prior_signed_error_strength_active,43,0.1206553423479563,[],0,included_in_public_release,author_created_derived_forecast_trace,not_required_for_public_post_extraction_replay,not_redistributed_no_rights_grant,absent
GOOGL:FY2021_Q3,GOOGL,FY2021_Q3,no_total_revenue_guidance_but_forward_commentary,65118000000.0,61880000000.0,61880000000.0,62415300565.9346,62415300565.9346,0.0224993958683698,0.1995723977164253,0.0116079306719801,0.0,0.0071734004211862,0.1574887948315255,0.0,0.0,0,0.6511736028929903,0.0,0.3488263971070097,0.0,0.3538304371176751,0,not_no_guidance_current_kept,0,,"[""fefa7e72bf828d181b95"",""9908d692b5b4f7cb1aed""]",2,included_in_public_release,author_created_derived_forecast_trace,not_required_for_public_post_extraction_replay,not_redistributed_no_rights_grant,absent
GOOGL:FY2021_Q4,GOOGL,FY2021_Q4,none,75325000000.0,65118000000.0,65118000000.0,68273539523.062256,70017849551.5122,0.0080235419225881,0.1948002163438032,0.0,0.0,0.0761348347187208,0.4782250516489167,0.0,0.0,0,0.4230365654612686,0.0,0.5769634345387313,0.0,0.6216490808008219,1,prior_signed_error_strength_active,53,0.1235701827835939,"[""77af7f76a69865b17d6e"",""8b00446366ed1b46d053"",""f95e7e6c6aef1404dca9"",""c6320f2b7aa3cd8b862d"",""095d5691ff0cd6777f06"",""5637f989d7e340f97dc2""]",6,included_in_public_release,author_created_derived_forecast_trace,not_required_for_public_post_extraction_replay,not_redistributed_no_rights_grant,absent
GOOGL:FY2022_Q1,GOOGL,FY2022_Q1,no_total_revenue_guidance_but_forward_commentary,68011000000.0,75325000000.0,75325000000.0,78532745845.80411,78532745845.80411,0.0102971268132723,0.0799042817013387,0.0642828509344652,0.0,0.0961258778214341,0.6045634314984011,0.0,0.0,0,0.167641603060567,0.0,0.8323583969394329,0.0,0.5563237331044095,0,not_no_guidance_current_kept,0,,"[""40fa97612f5ddd002ecd""]",1,included_in_public_release,author_created_derived_forecast_trace,not_required_for_public_post_extraction_replay,not_redistributed_no_rights_grant,absent
GOOGL:FY2022_Q2,GOOGL,FY2022_Q2,none,69685000000.0,68011000000.0,68011000000.0,67968611992.72174,67968611992.72174,-0.0064180284017836,0.1331395279525957,0.0,0.0,0.0084429280893683,0.1531679716874342,0.0,0.0,0,0.610080153667741,0.0,0.3899198463322588,0.0,0.2946143415015799,0,prior_signed_error_strength_active,61,0.1106085018865648,"[""7851e41f6a90bf9931c4"",""a52093a3dbc1b7babf48"",""4f1a507b0d65ca5dd6b6""]",3,included_in_public_release,author_created_derived_forecast_trace,not_required_for_public_post_extraction_replay,not_redistributed_no_rights_grant,absent
GOOGL:FY2022_Q3,GOOGL,FY2022_Q3,none,69092000000.0,69685000000.0,69685000000.0,72113702654.81992,74025181793.01248,-0.0066501583681639,0.1774914965794229,0.0,0.0,0.0609342832550077,0.4899607626662534,0.0,0.0,0,0.3946957651980152,0.0,0.6053042348019847,0.0,0.6070840923819111,1,prior_signed_error_strength_active,65,0.1014683459800075,"[""076449c9b6380a33b4f2"",""e5872ec7627b234392a5"",""fb5e7bc73a788fd50c10"",""85e28f7f021d0bc0e3d8"",""dd01c08abc2d21f8e83d""]",5,included_in_public_release,author_created_derived_forecast_trace,not_required_for_public_post_extraction_replay,not_redistributed_no_rights_grant,absent
GOOGL:FY2022_Q4,GOOGL,FY2022_Q4,no_total_revenue_guidance_but_forward_commentary,76048000000.0,69092000000.0,69326239867.79121,69570421146.47879,69570421146.47879,0.0066636182205599,0.1305751994176064,-0.0096492946752019,0.3596302300081249,0.025825041687787,0.3274296358164092,0.0,0.0,0,0.3994615487661238,0.3143420131035834,0.2861964381302928,0.0,0.5720365318930782,0,not_no_guidance_current_kept,0,,"[""60da25e1fdd05c95817c"",""ce302adedd5306727b6f"",""889862f712d9877b8659"",""707e197f71a0589c21e7""]",4,included_in_public_release,author_created_derived_forecast_trace,not_required_for_public_post_extraction_replay,not_redistributed_no_rights_grant,absent
GOOGL:FY2023_Q1,GOOGL,FY2023_Q1,none,69787000000.0,76048000000.0,73292712940.03748,75329357944.73872,75814259217.41211,0.0177306215956421,0.1676427768252537,0.0450986972180621,0.2055461743275543,0.0226132379110186,0.296447511179618,0.0,0.0,0,0.3130967344095711,0.2812591920007315,0.4056440735896973,0.0,0.6025533842927354,1,prior_signed_error_strength_active,70,0.0974929777525249,"[""abac142b800924220a65"",""cfe91837a820f74991ea"",""4e4a0c9f3dd7c2b43c01"",""e2df75b3d4cf8ee37a44""]",4,included_in_public_release,author_created_derived_forecast_trace,not_required_for_public_post_extraction_replay,not_redistributed_no_rights_grant,absent
GOOGL:FY2023_Q2,GOOGL,FY2023_Q2,none,74604000000.0,69787000000.0,72308351234.30905,74851312609.21005,75064515362.94821,0.0404284313296945,0.2982382317309484,0.0256931623084122,0.4587257228970892,-0.0001128907214811,0.0591801687649855,0.0,0.0,0,0.6683788657226717,0.2937273875397001,0.0378937467376283,0.0,0.780869851360197,1,prior_signed_error_strength_active,73,0.089219432528903,"[""6dd3f8d188333dce2876""]",1,included_in_public_release,author_created_derived_forecast_trace,not_required_for_public_post_extraction_replay,not_redistributed_no_rights_grant,absent
GOOGL:FY2023_Q3,GOOGL,FY2023_Q3,no_total_revenue_guidance_but_forward_commentary,76693000000.0,74604000000.0,72645602155.60744,73128070258.41376,73128070258.41376,0.0027749500160964,0.1640481073378652,0.0050200181858715,0.6232525708676641,0.0363952877668149,0.299715726680912,0.0,0.0,0,0.1619142001239842,0.565933987947098,0.2721518119289177,0.0,1.04811631259814,0,not_no_guidance_current_kept,0,,"[""5c764a3a47cbfeaa46d8""]",1,included_in_public_release,author_created_derived_forecast_trace,not_required_for_public_post_extraction_replay,not_redistributed_no_rights_grant,absent
GOOGL:FY2023_Q4,GOOGL,FY2023_Q4,no_total_revenue_guidance_but_forward_commentary,86310000000.0,76693000000.0,75854545429.28133,78684542280.58456,78684542280.58456,0.0124924866141353,0.1472988384952032,0.1185799278170865,0.2142435996100322,0.0799767208576789,0.4259582673059266,0.0,0.0,0,0.2603332059632434,0.2475295444385976,0.4921372495981588,0.0,0.6612119071765399,0,not_no_guidance_current_kept,0,,"[""79905fdf55ad0b0ed26b"",""68a7828c5715b1d1053d""]",2,included_in_public_release,author_created_derived_forecast_trace,not_required_for_public_post_extraction_replay,not_redistributed_no_rights_grant,absent
GOOGL:FY2024_Q1,GOOGL,FY2024_Q1,none,80539000000.0,86310000000.0,82505943289.14253,83270910365.78978,83270910365.78978,0.0158174511077009,0.2309240756294993,0.0,0.2967405670192919,0.0,0.0,0.0,0.0,0,0.5834658320845612,0.4165341679154388,0.0,0.0,0.5343029273642931,0,proposal_not_upward_current_kept,78,0.0824250564654368,[],0,included_in_public_release,author_created_derived_forecast_trace,not_required_for_public_post_extraction_replay,not_redistributed_no_rights_grant,absent
GOOGL:FY2024_Q2,GOOGL,FY2024_Q2,none,84742000000.0,80539000000.0,82850095944.10274,83937344301.5011,83937344301.5011,0.0081890515098958,0.1884296523634359,0.0,0.0,0.0163970871146281,0.4895377809887942,0.0,0.0,0,0.409278156940869,0.0,0.590721843059131,0.0,0.6215333664322342,0,prior_signed_error_strength_active,82,0.0780835127292811,"[""2aadc4509cffea7889b0"",""e88c44ef5af6525b49bf"",""34c7709c4fa476e4e109""]",3,included_in_public_release,author_created_derived_forecast_trace,not_required_for_public_post_extraction_replay,not_redistributed_no_rights_grant,absent
GOOGL:FY2024_Q3,GOOGL,FY2024_Q3,none,88268000000.0,84742000000.0,83047023117.95703,85198633781.7034,86225345031.12793,0.0071964605260279,0.2213723963459833,0.0406033721556007,0.2124860341472489,0.0331650289916632,0.4836535309497559,0.0,0.0,0,0.3490583796331731,0.1986900476686125,0.4522515726982142,0.0,0.7637029233435129,1,prior_signed_error_strength_active,86,0.0769063466162093,"[""f549444e9b5ac7ef6092"",""970388b6dc1d853dec75""]",2,included_in_public_release,author_created_derived_forecast_trace,not_required_for_public_post_extraction_replay,not_redistributed_no_rights_grant,absent
GOOGL:FY2024_Q4,GOOGL,FY2024_Q4,no_total_revenue_guidance_but_forward_commentary,96469000000.0,88268000000.0,86865871154.54431,88286364833.94733,88286364833.94733,0.0048854664784913,0.254566982579369,0.0372050616451344,0.0,0.054431478342133,0.4806738595151229,0.0,0.0,0,0.4490668152522501,0.0,0.5509331847477499,0.0,0.6637485686955865,0,not_no_guidance_current_kept,0,,"[""7aea619b2395ad9bd6fb""]",1,included_in_public_release,author_created_derived_forecast_trace,not_required_for_public_post_extraction_replay,not_redistributed_no_rights_grant,absent
GOOGL:FY2025_Q1,GOOGL,FY2025_Q1,no_total_revenue_guidance_but_forward_commentary,90234000000.0,96469000000.0,93278776383.8979,92718252918.82307,92718252918.82307,0.0020056064384958,0.1390899969217796,-0.0194316076791166,0.6750654937251026,-0.0039140601532942,0.3350526517103371,0.0,0.0,0,0.1346490551009152,0.5783170666753664,0.2870338782237183,0.0,1.0849993295279308,0,not_no_guidance_current_kept,0,,"[""10b25e595d4e7101313f"",""c3a21e0d339c3de0db21"",""270c555848c97953965f""]",3,included_in_public_release,author_created_derived_forecast_trace,not_required_for_public_post_extraction_replay,not_redistributed_no_rights_grant,absent
GOOGL:FY2025_Q2,GOOGL,FY2025_Q2,none,96428000000.0,90234000000.0,92698541147.97664,91156810636.00864,93338769361.76602,-0.0034538895365503,0.1882807583770169,-0.0247743339128285,0.5858259062773864,-0.0002138518678848,0.1309229173997993,0.0,0.0,0,0.2088932141122019,0.6466014794795698,0.1445053064082283,0.0,0.9032704518855132,1,prior_signed_error_strength_active,95,0.0659307426780397,"[""ff4595fda340ba1e7c63"",""cba7239cd313ea62b5d0""]",2,included_in_public_release,author_created_derived_forecast_trace,not_required_for_public_post_extraction_replay,not_redistributed_no_rights_grant,absent
GOOGL:FY2025_Q3,GOOGL,FY2025_Q3,no_total_revenue_guidance_but_forward_commentary,102346000000.0,96428000000.0,93943842893.42102,93893839640.35889,93893839640.35889,0.0017598756901118,0.1328185790458535,-0.0022665625531274,0.4423720999017713,-0.0004462542947348,0.1756144403112203,0.0,0.0,0,0.1949698683892056,0.5762631491652346,0.2287669824455598,0.0,0.7147571459797761,0,not_no_guidance_current_kept,0,,"[""7c84847c5bcad2e6724b"",""7b98a1c1ca58671e86f9"",""bad6d154e6f8a7f23383"",""e8ea3726ad88b1aa6d6f"",""c79625af4a963c2a53f6"",""9c7cde5d70be9eeb2fc7""]",6,included_in_public_release,author_created_derived_forecast_trace,not_required_for_public_post_extraction_replay,not_redistributed_no_rights_grant,absent
GOOGL:FY2025_Q4,GOOGL,FY2025_Q4,no_total_revenue_guidance_but_forward_commentary,113829000000.0,102346000000.0,109812390187.29808,112521631256.01791,112521631256.01791,0.013563567261542,0.287041020318987,0.0845460944376756,0.3991111690170387,0.0471866993944474,0.4656560894901475,0.0,0.0,0,0.3197583105238225,0.3139481209887949,0.3662935684873825,0.0,1.0229342022266472,0,not_no_guidance_current_kept,0,,"[""0b7d8f3559900a580f16"",""eda75977fad8edbf7fd3"",""b18462c59a5e1a1b1287""]",3,included_in_public_release,author_created_derived_forecast_trace,not_required_for_public_post_extraction_replay,not_redistributed_no_rights_grant,absent
INTC:FY2019_Q1,INTC,FY2019_Q1,explicit_numeric,16061000000.0,16000000000.0,16000000000.0,16000000000.0,16000000000.0,0.0,0.0,0.0,0.0,0.0,0.0,0.0,0.0,0,0.0,0.0,0.0,0.0,0.0,0,not_no_guidance_current_kept,0,,"[""7ee0051f497305c1b0ef"",""da4b01f3ca29545f87fb"",""19f6d76e47fd60e2efb6"",""be5986892bd2dbe214c9"",""5a34c6396724e47368bb""]",5,included_in_public_release,author_created_derived_forecast_trace,not_required_for_public_post_extraction_replay,not_redistributed_no_rights_grant,absent
INTC:FY2019_Q2,INTC,FY2019_Q2,explicit_numeric,16505000000.0,15600000000.0,15600000000.0,15600000000.0,15600000000.0,0.0,0.0,0.0,0.0,0.0,0.0,0.0,0.0,0,0.0,0.0,0.0,0.0,0.0,0,not_no_guidance_current_kept,0,,"[""01b6054cabc81b2796f1"",""e611ca4c44027a908a3d""]",2,included_in_public_release,author_created_derived_forecast_trace,not_required_for_public_post_extraction_replay,not_redistributed_no_rights_grant,absent
INTC:FY2019_Q3,INTC,FY2019_Q3,none,19190000000.0,16505000000.0,19163000000.0,19163000000.0,19163000000.0,0.0,0.0,0.0,0.0,0.0,0.0,0.0,0.0,0,0.0,0.0,0.0,0.0,0.0,0,prior_signed_error_strength_active,8,0.2095735134835755,[],0,included_in_public_release,author_created_derived_forecast_trace,not_required_for_public_post_extraction_replay,not_redistributed_no_rights_grant,absent
INTC:FY2019_Q4,INTC,FY2019_Q4,none,20209000000.0,19190000000.0,18657000000.0,18657000000.0,18657000000.0,0.0,0.0,0.0,0.0,0.0,0.0,0.0,0.0,0,0.0,0.0,0.0,0.0,0.0,0,prior_signed_error_strength_active,14,0.1808792808408042,"[""aadc6a5b02569b3beadb"",""0d76ab90476fdac4b351""]",2,included_in_public_release,author_created_derived_forecast_trace,not_required_for_public_post_extraction_replay,not_redistributed_no_rights_grant,absent
INTC:FY2020_Q1,INTC,FY2020_Q1,none,19828000000.0,20209000000.0,16061000000.0,16061000000.0,17155531069.877552,0.0,0.0,0.0,0.0,0.0,0.0,0.0,0.0,0,0.0,0.0,0.0,0.0,0.0,1,prior_signed_error_strength_active,20,0.1641825725209362,"[""e60028331f5445126d51"",""c7d13a4ab50c8d229c01"",""548963bdc4360c890c88"",""defa94fe1f94d2581cb4"",""14bf2e8bbc1c74065cf5"",""ea98d61c68a0011f7716""]",6,included_in_public_release,author_created_derived_forecast_trace,not_required_for_public_post_extraction_replay,not_redistributed_no_rights_grant,absent
INTC:FY2020_Q2,INTC,FY2020_Q2,explicit_numeric,19728000000.0,18500000000.0,16505000000.0,18500000000.0,18500000000.0,0.0,0.0,0.0547002189497419,0.0,0.0,0.0,0.1141073667791227,0.812070997778066,1,0.0,0.0,0.0,1.0,0.812070997778066,0,not_no_guidance_current_kept,0,,"[""abb60f0f041b22dc5f40"",""5d265bb08c0f2670bb29"",""c00929bebb4bbc7f832c"",""03625084197bd7538201"",""2ec06157b10c438b20ed"",""99ae4c6871efb8ff972c""]",6,included_in_public_release,author_created_derived_forecast_trace,not_required_for_public_post_extraction_replay,not_redistributed_no_rights_grant,absent
INTC:FY2020_Q3,INTC,FY2020_Q3,explicit_numeric,18333000000.0,18200000000.0,19834172011.30316,18200000000.0,18200000000.0,0.0,0.0,-0.041218922844627,0.0,0.0,0.0,-0.0859847151908778,0.634260585675236,1,0.0,0.0,0.0,1.0,0.634260585675236,0,not_no_guidance_current_kept,0,,"[""24f6e5b30b3b638524c2"",""64066cd290116905a5a7"",""6ec8257b99aa19e8d6e3"",""930d101283e8ada68611"",""c02c847bf08e75226e0b"",""d440e7834795f40e5842""]",6,included_in_public_release,author_created_derived_forecast_trace,not_required_for_public_post_extraction_replay,not_redistributed_no_rights_grant,absent
INTC:FY2020_Q4,INTC,FY2020_Q4,explicit_numeric,19978000000.0,17400000000.0,18054977365.133743,18408743668.14761,18408743668.14761,0.0,0.0,0.0093019602968925,0.0,0.0194043500326312,0.2858731884496263,0.0,0.0,0,0.0,0.0,1.0,0.0,0.2379090275500624,0,not_no_guidance_current_kept,0,,"[""b318bb5689dcfc2a2f39"",""e4e53e14b267ab747fec"",""97083eb54fcd4be42105"",""48dc8244005d4f55e811"",""89c5d6d8c9270a1bb224"",""2808e62ef4335b955d57""]",6,included_in_public_release,author_created_derived_forecast_trace,not_required_for_public_post_extraction_replay,not_redistributed_no_rights_grant,absent
INTC:FY2021_Q1,INTC,FY2021_Q1,explicit_numeric,19673000000.0,17500000000.0,18360770126.82516,19227805038.85052,19227805038.85052,0.0,0.0,0.0221188803795064,0.0,0.046141080322308,0.3976625014310708,0.0,0.0,0,0.0,0.0,1.0,0.0,0.330942189862839,0,not_no_guidance_current_kept,0,,"[""389e48619cd40db957e6"",""dbfa579d727f58cc482d"",""d6e5174296972211ea08"",""caffea3717a78f480221"",""91d16599faed2c290c90""]",5,included_in_public_release,author_created_derived_forecast_trace,not_required_for_public_post_extraction_replay,not_redistributed_no_rights_grant,absent
INTC:FY2021_Q2,INTC,FY2021_Q2,none,19631000000.0,19673000000.0,19281925218.936348,20427800368.53603,20427800368.53603,0.0,0.0,0.0,0.0,0.0577285963436211,0.494837773360759,0.0,0.0,0,0.0,0.0,1.0,0.0,0.3711283300205693,0,prior_signed_error_strength_active,43,0.1206553423479563,"[""bb6389a1c46431582b9a"",""1eacccfb076c7013d540"",""e4907dd08832daf95ff0"",""49b96cec096ff8563ca6""]",4,included_in_public_release,author_created_derived_forecast_trace,not_required_for_public_post_extraction_replay,not_redistributed_no_rights_grant,absent
INTC:FY2021_Q3,INTC,FY2021_Q3,none,19192000000.0,19631000000.0,18333000000.0,18486549634.50599,19591838826.96203,0.0032895254612506,0.1237481699492595,0.0,0.0,0.0129304118412265,0.2451429355353435,0.0,0.0,0,0.4760667605746126,0.0,0.5239332394253873,0.0,0.3509172310830081,1,prior_signed_error_strength_active,49,0.1218179120040395,"[""496ae7563a2fa25e8bab"",""124676cfeadc236bbc20"",""7e1691d6ab30a4b4316b"",""4ea8f2fd485a5f753db3""]",4,included_in_public_release,author_created_derived_forecast_trace,not_required_for_public_post_extraction_replay,not_redistributed_no_rights_grant,absent
INTC:FY2021_Q4,INTC,FY2021_Q4,none,20528000000.0,19192000000.0,19243004487.7878,19760973202.441235,19760973202.441235,0.0079317622736875,0.1030285648178865,0.0,0.0,0.0346719343990144,0.4259722539633975,0.0,0.0,0,0.3033108228855672,0.0,0.6966891771144327,0.0,0.458567752976695,0,prior_signed_error_strength_active,53,0.1235701827835939,"[""5d813f40bdea7c513d6e"",""251954e4afe97a947d34"",""bbea833ee9357aeed7c6""]",3,included_in_public_release,author_created_derived_forecast_trace,not_required_for_public_post_extraction_replay,not_redistributed_no_rights_grant,absent
INTC:FY2022_Q1,INTC,FY2022_Q1,explicit_numeric,18353000000.0,18300000000.0,19445771535.16976,19695150169.37101,19695150169.37101,0.0020849308956693,0.0607515894375614,0.0062885389042005,0.0,0.0145568827825916,0.465905756001276,0.0,0.0,0,0.1454548813060773,0.0,0.8545451186939226,0.0,0.4627739168382228,0,not_no_guidance_current_kept,0,,"[""34f95df65b890178d9f8"",""1a84dcc40b2cda61f713""]",2,included_in_public_release,author_created_derived_forecast_trace,not_required_for_public_post_extraction_replay,not_redistributed_no_rights_grant,absent
INTC:FY2022_Q2,INTC,FY2022_Q2,no_total_revenue_guidance_but_forward_commentary,15321000000.0,18353000000.0,19631000000.0,19751276355.301365,19751276355.301365,0.0078650364719808,0.1272094248868205,0.0016295080532995,0.1734768787675641,0.0205579489599374,0.287131539011194,0.0,0.0,0,0.2246176342219245,0.2920287764501935,0.483353589327882,0.0,0.5775602241161996,0,not_no_guidance_current_kept,0,,"[""02a8d34f5f17cc62edae"",""812f31949d7f628f3b97"",""dfc8d404377e5c4c8dfe"",""8626b2af9a3a5edd4ad2"",""0b82542504c3724a7476"",""767a1c5b73ae923a1bca"",""293e8e04a47a7fa95822"",""fbf0871d1aaf1dc190e7""]",8,included_in_public_release,author_created_derived_forecast_trace,not_required_for_public_post_extraction_replay,not_redistributed_no_rights_grant,absent
INTC:FY2022_Q3,INTC,FY2022_Q3,explicit_numeric,15338000000.0,15500000000.0,16018108618.504574,15787196386.897491,15787196386.897491,-0.0120661019824724,0.0971548645937747,-0.0602625278910954,0.1329228569335547,0.0064347888226146,0.250317696679475,0.0,0.0,0,0.4701371713160443,0.1837772133130837,0.3460856153708719,0.0,0.3616412898456207,0,not_no_guidance_current_kept,0,,"[""10798a379a24a01e8129"",""82fcf5cada1f354a4e32"",""76a9b85f4ebb27b113a0"",""3bc32891fbeda9ee496b"",""ad9fb38d4e39b3fd9663"",""55856571a202de06cba5"",""766b410a6d22c0d85bf4""]",7,included_in_public_release,author_created_derived_forecast_trace,not_required_for_public_post_extraction_replay,not_redistributed_no_rights_grant,absent
INTC:FY2022_Q4,INTC,FY2022_Q4,no_total_revenue_guidance_but_forward_commentary,14042000000.0,15338000000.0,15338000000.0,15197255493.636734,15197255493.636734,-0.0086403787018463,0.1331055827465131,-0.07932695192077,0.4858669000602729,0.037537814995493,0.4448521104790813,0.0,0.0,0,0.3335768000976681,0.3478955201282013,0.3185276797741305,0.0,0.6982942750760751,0,not_no_guidance_current_kept,0,,"[""581dfcac7f2e109a337c"",""c6106810489d8e1ade18"",""ff32ff40a31c9448a0c9"",""498e8e3eb3b7466e34fd"",""9af6eaf45a166d319204""]",5,included_in_public_release,author_created_derived_forecast_trace,not_required_for_public_post_extraction_replay,not_redistributed_no_rights_grant,absent
INTC:FY2023_Q1,INTC,FY2023_Q1,explicit_numeric,11715000000.0,11000000000.0,11630502677.744291,11160766223.285872,11160766223.285872,-0.001086177679236,0.1252674876201044,-0.0753781211490546,0.2351907797132718,-0.0044665187064757,0.0767486731686121,0.0,0.0,0,0.2938630359751968,0.5324010849510631,0.17373587907374,0.0,0.4325932437016282,0,not_no_guidance_current_kept,0,,"[""1775c614f8fd3ff79a57"",""ee31db806914998f9938"",""265133aa72657f019945"",""0efcbf2ce97628304806"",""3abb5cd5ddc4b020ab75"",""3ab23c248f080b20c326"",""d6af44213ee0abc18256"",""593121d48b3a9daa2cf7"",""33dbee3bef363e0e7ae9"",""21a4746d468be62cedf2""]",10,included_in_public_release,author_created_derived_forecast_trace,not_required_for_public_post_extraction_replay,not_redistributed_no_rights_grant,absent
INTC:FY2023_Q2,INTC,FY2023_Q2,explicit_numeric,12949000000.0,12000000000.0,11939803610.48282,11749537679.113308,11749537679.113308,-0.0034203007713491,0.0901438956203579,-0.0316551717263781,0.1446306240192137,-0.0066773959562147,0.1022242228392481,0.0,0.0,0,0.2933219700359788,0.4140379893491301,0.292640040614891,0.0,0.323527325317431,0,not_no_guidance_current_kept,0,,"[""c807c87f05d7d1cdad83"",""cede8939b945027450c3"",""93204088bf4c10cecb2b"",""81b2a651f8987b9d9672"",""2c59b2b6ef437507a2dd""]",5,included_in_public_release,author_created_derived_forecast_trace,not_required_for_public_post_extraction_replay,not_redistributed_no_rights_grant,absent
INTC:FY2023_Q3,INTC,FY2023_Q3,explicit_numeric,14158000000.0,13400000000.0,13306732538.27084,13319997754.58176,13319997754.58176,0.001211505329045,0.1006645338708984,-0.0067683940868749,0.1392070573530044,0.0050976809635706,0.2450733859555045,0.0,0.0,0,0.4783095975109002,0.1889843395478461,0.3327060629412536,0.0,0.3683031559283268,0,not_no_guidance_current_kept,0,,"[""baf2f3a032201e9c0c18"",""6a7b9af0ae05804fba24"",""170294264534fdaf6c26"",""7235cde333743ef2ebfe"",""d6d5557b610204a9fb72"",""044a35ce1db31d15622f""]",6,included_in_public_release,author_created_derived_forecast_trace,not_required_for_public_post_extraction_replay,not_redistributed_no_rights_grant,absent
INTC:FY2023_Q4,INTC,FY2023_Q4,explicit_numeric,15406000000.0,14600000000.0,14511189823.061989,14443440840.978846,14443440840.978846,0.0023397453570762,0.0864346036605246,-0.0052058515028122,0.0497679819078737,-0.007803905633974,0.2872198509591055,0.0,0.0,0,0.2807941668123804,0.106215772212309,0.6129900609753107,0.0,0.3591576169181551,0,not_no_guidance_current_kept,0,,"[""5b8fffcc409a3fc793e1"",""6306563291a52d5480fc"",""8f69e3a680007f009f2f"",""c1c46297fd7a79166d9a""]",4,included_in_public_release,author_created_derived_forecast_trace,not_required_for_public_post_extraction_replay,not_redistributed_no_rights_grant,absent
INTC:FY2024_Q1,INTC,FY2024_Q1,explicit_numeric,12724000000.0,12700000000.0,13227386793.074306,13258022412.799416,13258022412.799416,0.0131189261521121,0.1192120047330415,-0.003458216953002,0.0746736202929926,-0.0065589193677703,0.1529352393086275,0.0,0.0,0,0.420943277510911,0.1899761806238022,0.3890805418652867,0.0,0.3205319236854265,0,not_no_guidance_current_kept,0,,"[""377f1d19d26c91951c11"",""4ca5426d8a3b9239b72c"",""2fdb404e83caa44f2270"",""5a97765974e98eca351a""]",4,included_in_public_release,author_created_derived_forecast_trace,not_required_for_public_post_extraction_replay,not_redistributed_no_rights_grant,absent
INTC:FY2024_Q2,INTC,FY2024_Q2,explicit_numeric,12833000000.0,13000000000.0,12951367238.483364,13002649527.06166,13002649527.06166,0.0051023104006375,0.1904439113783372,0.0095864277432223,0.2064193536604828,-0.0089001236282831,0.1501711278854009,0.0,0.0,0,0.6514758217618704,0.2017500167000633,0.1467741615380664,0.0,0.511572085685032,0,not_no_guidance_current_kept,0,,"[""1a4e6444b1f78746cb73"",""d36610da0d2bf0eb9d48"",""2c238e2406c77b3ce3ee"",""8d6ae18b6dc96e847644"",""d96d9918ef5bd29668b1""]",5,included_in_public_release,author_created_derived_forecast_trace,not_required_for_public_post_extraction_replay,not_redistributed_no_rights_grant,absent
INTC:FY2024_Q3,INTC,FY2024_Q3,explicit_numeric,13284000000.0,13000000000.0,12970498876.845312,12890693789.219769,12890693789.219769,-0.0067459836079469,0.094584709516929,-0.0053137549650332,0.2706533248509276,-0.0067121733893044,0.2632535555789269,0.0,0.0,0,0.2269374725716353,0.3918884566493942,0.3811740707789705,0.0,0.4992759730213583,0,not_no_guidance_current_kept,0,,"[""3a0f85320aef3d4d09dc"",""9f050333311701d8d0ce"",""48d47bf354fb40dc8525""]",3,included_in_public_release,author_created_derived_forecast_trace,not_required_for_public_post_extraction_replay,not_redistributed_no_rights_grant,absent
INTC:FY2024_Q4,INTC,FY2024_Q4,explicit_numeric,14260000000.0,13800000000.0,13709216962.17923,13726714429.25598,13726714429.25598,-0.0025264237848745,0.1179784924477592,0.0031293701636769,0.1023789596202276,0.0038542302796638,0.2187185261932628,0.0,0.0,0,0.381752259698715,0.1971225663111154,0.4211251739901696,0.0,0.3717754020811014,0,not_no_guidance_current_kept,0,,"[""76691339b34902a46fa1"",""c32ad5827f8942a598db"",""2c5c63d5ffd08e1f59c2"",""ca4ddd4c2e6df9a59e89""]",4,included_in_public_release,author_created_derived_forecast_trace,not_required_for_public_post_extraction_replay,not_redistributed_no_rights_grant,absent
INTC:FY2025_Q1,INTC,FY2025_Q1,none,12667000000.0,14260000000.0,13887134280.726845,13905853861.890974,14017214017.38401,-0.0151654716435702,0.1438538667615518,0.0465326013040678,0.208226859220032,-0.0030314159311463,0.2500781250436991,0.0,0.0,0,0.5234892149715173,0.2164985054883352,0.2600122795401473,0.0,0.4808967589645813,1,prior_signed_error_strength_active,92,0.0723356126510629,"[""ecbe45fd59495ded1db1"",""66a42b65327478beaaff"",""d273e503bece64648ae0"",""01c2227d727e6e83d030"",""c158e12dea498f6bb567"",""16f69c2f182a94d20aef"",""2905a9b451aa7fb063f9""]",7,included_in_public_release,author_created_derived_forecast_trace,not_required_for_public_post_extraction_replay,not_redistributed_no_rights_grant,absent
INTC:FY2025_Q2,INTC,FY2025_Q2,none,12859000000.0,12667000000.0,13214741525.331083,12860140870.95926,12860140870.95926,-0.0241061503242217,0.172186788030155,-0.0148340701810538,0.4401439850991655,-0.0434394151461028,0.3756170798299849,0.0,0.0,0,0.2064711138441043,0.4281486102481393,0.3653802759077563,0.0,0.90514719428847,0,proposal_not_upward_current_kept,95,0.0659307426780397,"[""26413215108289d9ae0c"",""df5678b37c54e01e9aa7""]",2,included_in_public_release,author_created_derived_forecast_trace,not_required_for_public_post_extraction_replay,not_redistributed_no_rights_grant,absent
INTC:FY2025_Q3,INTC,FY2025_Q3,none,13653000000.0,12859000000.0,13584796968.114609,13715557951.458317,14031179876.388905,-0.0134424407726788,0.1591921654743005,0.0315271428344806,0.2423754863503553,0.0041246417706631,0.2480656658673178,0.0,0.0,0,0.2599673498523887,0.3657233343564561,0.3743093157911552,0.0,0.6323827770734625,1,prior_signed_error_strength_active,100,0.0662441877183573,"[""22991c1eefc02a48bb1d"",""e3d7512147d439e51209"",""66ab47ef39e09ab23da8"",""4d9dbfa64c3c35ef1f19"",""babad49feb902849870c"",""a484eda4f768944d7c78"",""f64c45ab714b9ea4fe4c""]",7,included_in_public_release,author_created_derived_forecast_trace,not_required_for_public_post_extraction_replay,not_redistributed_no_rights_grant,absent
INTC:FY2025_Q4,INTC,FY2025_Q4,explicit_numeric,13674000000.0,13300000000.0,13533861825.838297,13781026860.30727,13781026860.30727,0.0050038675381457,0.2216047792116124,0.0327647207117495,0.2295053537365629,0.0198276504928169,0.5043167052367917,0.0,0.0,0,0.3060859895578784,0.2170239753382213,0.4768900351039002,0.0,0.8335270342484009,0,not_no_guidance_current_kept,0,,"[""2d11ccd3ab09c4610cae"",""7e074c12f0419f5c4d0c"",""c78fc7db00c6d29e0def"",""b24d6f6dd100628498c7"",""f84c46414934c34a62ac""]",5,included_in_public_release,author_created_derived_forecast_trace,not_required_for_public_post_extraction_replay,not_redistributed_no_rights_grant,absent
META:FY2019_Q1,META,FY2019_Q1,none,15077000000.0,16914000000.0,11966000000.0,11966000000.0,11966000000.0,0.0,0.0,0.0,0.0,0.0,0.0,0.0,0.0,0,0.0,0.0,0.0,0.0,0.0,0,insufficient_prior_no_guidance_history_current_kept,0,,"[""64e97ddaa887e27b7d1f"",""05d27012a2f0cac7b078"",""f6b78115854731dd22f4"",""3ffbb1c77e75c9818956""]",4,included_in_public_release,author_created_derived_forecast_trace,not_required_for_public_post_extraction_replay,not_redistributed_no_rights_grant,absent
META:FY2019_Q2,META,FY2019_Q2,no_total_revenue_guidance_but_forward_commentary,16886000000.0,15077000000.0,13231000000.0,13231000000.0,13231000000.0,0.0,0.0,0.0,0.0,0.0,0.0,0.0,0.0,0,0.0,0.0,0.0,0.0,0.0,0,not_no_guidance_current_kept,0,,"[""2bece093380738ee36a5"",""0116a37cc2317bd4fed3"",""b2ab15fafaa05741b46b""]",3,included_in_public_release,author_created_derived_forecast_trace,not_required_for_public_post_extraction_replay,not_redistributed_no_rights_grant,absent
META:FY2019_Q3,META,FY2019_Q3,none,17652000000.0,16886000000.0,13727000000.0,13727000000.0,16531039599.115696,0.0,0.0,0.0,0.0,0.0,0.0,0.0,0.0,0,0.0,0.0,0.0,0.0,0.0,1,prior_signed_error_strength_active,8,0.2095735134835755,"[""8317646b2fd766f3acdb"",""0e1341c5b25eea9e751b""]",2,included_in_public_release,author_created_derived_forecast_trace,not_required_for_public_post_extraction_replay,not_redistributed_no_rights_grant,absent
META:FY2019_Q4,META,FY2019_Q4,none,21082000000.0,17652000000.0,16914000000.0,16914000000.0,19693387970.883217,0.0,0.0,0.0,0.0,0.0,0.0,0.0,0.0,0,0.0,0.0,0.0,0.0,0.0,1,prior_signed_error_strength_active,14,0.1808792808408042,"[""60a2c8aa3195c5dd30ac"",""87f4e1b7a5fe381cc1d5"",""acb6e9e21b11e73be90c"",""78a28b94c372186061f8""]",4,included_in_public_release,author_created_derived_forecast_trace,not_required_for_public_post_extraction_replay,not_redistributed_no_rights_grant,absent
META:FY2020_Q1,META,FY2020_Q1,none,17737000000.0,21082000000.0,19289625293.59605,19289625293.59605,19292507638.045822,0.0,0.0,0.0,0.0,0.0,0.0,0.0,0.0,0,0.0,0.0,0.0,0.0,0.0,1,prior_signed_error_strength_active,20,0.1641825725209362,"[""c4065e9397e6caeb0a9c"",""7c894d503686deb222a2"",""255084a229d15b11ee7c"",""7f32a583c659eb2949ba""]",4,included_in_public_release,author_created_derived_forecast_trace,not_required_for_public_post_extraction_replay,not_redistributed_no_rights_grant,absent
META:FY2020_Q2,META,FY2020_Q2,none,18687000000.0,17737000000.0,20186527166.988045,20186527166.988045,20186527166.988045,0.0,0.0,0.0,0.0,0.0,0.0,0.0,0.0,0,0.0,0.0,0.0,0.0,0.0,0,prior_signed_error_strength_active,26,0.1297006221051704,"[""5704bb87fc1bf556944b"",""52106f950d6c10963b08""]",2,included_in_public_release,author_created_derived_forecast_trace,not_required_for_public_post_extraction_replay,not_redistributed_no_rights_grant,absent
META:FY2020_Q3,META,FY2020_Q3,none,21470000000.0,18687000000.0,19473363279.4885,20057521090.595936,20057521090.595936,0.0,0.0,0.0,0.0,0.0295566540582896,0.2049027585496081,0.0,0.0,0,0.0,0.0,1.0,0.0,0.1536770689122061,0,prior_signed_error_strength_active,31,0.1085595699112108,"[""cd4c6f1dbb159fb55213"",""06795318abaeb8d899a6"",""97885666e48710587846"",""fd51bd0b702c4f6362d5"",""f2e61c588289e1d8d4e2"",""583e14a340c4115e8203""]",6,included_in_public_release,author_created_derived_forecast_trace,not_required_for_public_post_extraction_replay,not_redistributed_no_rights_grant,absent
META:FY2020_Q4,META,FY2020_Q4,no_total_revenue_guidance_but_forward_commentary,28072000000.0,21470000000.0,23672880254.73585,24795793645.94484,24795793645.94484,0.0,0.0,0.0668432295498585,0.0,0.0906348875252319,0.475347125995897,0.0,0.0,0,0.0,0.0,1.0,0.0,0.3526481490982062,0,not_no_guidance_current_kept,0,,"[""0b0a9c1dd3103c5cbd2a"",""9ac6ef22e8ba90050689""]",2,included_in_public_release,author_created_derived_forecast_trace,not_required_for_public_post_extraction_replay,not_redistributed_no_rights_grant,absent
META:FY2021_Q1,META,FY2021_Q1,no_total_revenue_guidance_but_forward_commentary,26171000000.0,28072000000.0,22398849081.316727,22623625753.099472,22623625753.099472,0.0,0.0,0.0146553211463043,0.0,0.0198716218932939,0.2531604617581844,0.0,0.0,0,0.0,0.0,1.0,0.0,0.1878134175668531,0,not_no_guidance_current_kept,0,,"[""5c06b3195408e8a454b7""]",1,included_in_public_release,author_created_derived_forecast_trace,not_required_for_public_post_extraction_replay,not_redistributed_no_rights_grant,absent
META:FY2021_Q2,META,FY2021_Q2,no_total_revenue_guidance_but_forward_commentary,29077000000.0,26171000000.0,29928132050.44011,31359454405.770912,31359454405.770912,0.0,0.0,0.0673694230462703,0.0,0.0913483702322309,0.4775132326452309,0.0,0.0,0,0.0,0.0,1.0,0.0,0.3542551294686806,0,not_no_guidance_current_kept,0,,"[""05765e6d331888b0b20b"",""50981cb7d8912a084df2""]",2,included_in_public_release,author_created_derived_forecast_trace,not_required_for_public_post_extraction_replay,not_redistributed_no_rights_grant,absent
META:FY2021_Q3,META,FY2021_Q3,no_total_revenue_guidance_but_forward_commentary,29010000000.0,29077000000.0,33165957035.888504,34074004120.5642,34074004120.5642,0.0054978278105425,0.1690874027250412,0.0433469075516205,0.0,0.0799968728131382,0.4245043060577543,0.0,0.0,0,0.3582022418333835,0.0,0.6417977581666164,0.0,0.5359897306938556,0,not_no_guidance_current_kept,0,,"[""d9fd0feff6e07582b9f7"",""30c6378f87e582ceaa69"",""6cda470e9a241f566d6a"",""370232765c0a37f4945a""]",4,included_in_public_release,author_created_derived_forecast_trace,not_required_for_public_post_extraction_replay,not_redistributed_no_rights_grant,absent
META:FY2021_Q4,META,FY2021_Q4,explicit_numeric,33671000000.0,31500000000.0,34000496230.76838,33138677697.09286,33138677697.09286,0.0024314562996943,0.0903518247997578,-0.0122800662367138,0.0,0.0189543783827086,0.1798457728362529,-0.0374721574509935,0.7168097964376591,1,0.1638762082113184,0.0,0.0931989819655632,0.7429248098231183,0.9648483762553618,0,not_no_guidance_current_kept,0,,"[""ae07f34949b7a2d9ad85"",""ba5a9a7269a539c80b93"",""716ad040043f8d9d1460"",""17e03ad6d159eff39ba4"",""2b66af404fc2358c4e05""]",5,included_in_public_release,author_created_derived_forecast_trace,not_required_for_public_post_extraction_replay,not_redistributed_no_rights_grant,absent
META:FY2022_Q1,META,FY2022_Q1,explicit_numeric,27908000000.0,28000000000.0,30853691050.86999,28828286783.244022,28828286783.244022,-0.000991327583177,0.1434636853241751,-0.0348158976565135,0.0,0.0033234371879452,0.201274171967385,-0.0970518781042173,0.8220770357697434,1,0.2138922086172598,0.0,0.0857379284967477,0.7003698628859925,1.1737755710707425,0,not_no_guidance_current_kept,0,,"[""6cfb4b12a9ad560ef099"",""fee06c0ade675f05ba24"",""a6dca573bf9481692cfb"",""504c88caf1e99d2bd496"",""551dac7b1c75e73a46c1"",""9ea8ec813d78bfc555c0""]",6,included_in_public_release,author_created_derived_forecast_trace,not_required_for_public_post_extraction_replay,not_redistributed_no_rights_grant,absent
META:FY2022_Q2,META,FY2022_Q2,explicit_numeric,28822000000.0,29000000000.0,30695676760.383545,29606834915.083103,29606834915.083103,0.0029811765711687,0.0768518053495151,-0.0155396481702979,0.0,0.0100852928352135,0.3690554822080135,-0.0568259925529654,0.6655818386032932,1,0.1365941770325256,0.0,0.187413869895561,0.6759919530719133,0.9846002390689514,0,not_no_guidance_current_kept,0,,"[""4e49481e98b4110a93f9"",""0d8038825b8d7e91c963"",""db3805112d0e79fc4dad"",""0b834c612d39414702b8""]",4,included_in_public_release,author_created_derived_forecast_trace,not_required_for_public_post_extraction_replay,not_redistributed_no_rights_grant,absent
META:FY2022_Q3,META,FY2022_Q3,explicit_numeric,27714000000.0,27250000000.0,28846073840.75885,27895042213.912598,27895042213.912598,-0.0028473358256457,0.1460861712103476,-0.0304972100595125,0.3467430364484758,0.0047480612049384,0.2527068539488521,-0.0569203738754148,0.5643656420658336,1,0.2283123608834786,0.1548317497729627,0.1128416154431853,0.5040142739003733,1.1197413868826058,0,not_no_guidance_current_kept,0,,"[""4802694b3b33a25ee3e3"",""3c2c5c794d6c445db400"",""250ed5b21f664e328a41""]",3,included_in_public_release,author_created_derived_forecast_trace,not_required_for_public_post_extraction_replay,not_redistributed_no_rights_grant,absent
META:FY2022_Q4,META,FY2022_Q4,explicit_numeric,32165000000.0,31250000000.0,31250000000.0,31467570121.06969,31467570121.06969,-0.0055059067803683,0.0789471659208941,0.0054204637912562,0.0,0.0119602355890063,0.2588407812178528,0.0,0.0,0,0.2875343690299618,0.0,0.7124656309700381,0.0,0.3056748326127203,0,not_no_guidance_current_kept,0,,"[""1145adb91094f5b265f5"",""b134fbd16e9a40fe3b0d"",""4126c2fe9ca402d18109"",""7e601cdbe2b3cb7fdd5a"",""60e471399d1cc2901902""]",5,included_in_public_release,author_created_derived_forecast_trace,not_required_for_public_post_extraction_replay,not_redistributed_no_rights_grant,absent
META:FY2023_Q1,META,FY2023_Q1,explicit_numeric,28645000000.0,27250000000.0,27250000000.0,26970009647.12078,26970009647.12078,-0.0044068757393145,0.1311508628034056,-0.0071840789766002,0.0,-0.012667475915978,0.4728684819237737,0.0,0.0,0,0.2832057727622153,0.0,0.7167942272377846,0.0,0.5287522552804131,0,not_no_guidance_current_kept,0,,"[""e8370410095920cc099c""]",1,included_in_public_release,author_created_derived_forecast_trace,not_required_for_public_post_extraction_replay,not_redistributed_no_rights_grant,absent
META:FY2023_Q2,META,FY2023_Q2,explicit_numeric,31999000000.0,30750000000.0,30750000000.0,31129104091.71234,31129104091.71234,-0.0015085067178672,0.1235212135559383,0.0315112719045999,0.1841936837591279,0.0012009822191441,0.1635825721717135,0.0,0.0,0,0.2665428639386106,0.3884628966660471,0.3449942393953423,0.0,0.4678352515889096,0,not_no_guidance_current_kept,0,,"[""ca59545aac5b25d3ed17"",""23ce97b3ca9fb9920295""]",2,included_in_public_release,author_created_derived_forecast_trace,not_required_for_public_post_extraction_replay,not_redistributed_no_rights_grant,absent
META:FY2023_Q3,META,FY2023_Q3,explicit_numeric,34146000000.0,33250000000.0,33250000000.0,33879312932.89045,33879312932.89045,0.0009289271103902,0.1250548888561106,0.028840727089975,0.5024501236845682,0.0128573313505713,0.3623710480828622,0.0,0.0,0,0.159968402218888,0.4880476958507789,0.3519839019303329,0.0,0.868874108041139,0,not_no_guidance_current_kept,0,,"[""0818550962df6411d259"",""d64ce10705f5c619eddb"",""a97b9ac5863118b9d57b""]",3,included_in_public_release,author_created_derived_forecast_trace,not_required_for_public_post_extraction_replay,not_redistributed_no_rights_grant,absent
META:FY2023_Q4,META,FY2023_Q4,explicit_numeric,40111000000.0,38250000000.0,38250000000.0,40225551040.33986,40225551040.33986,-0.002354394567803,0.1065948344614137,0.1346665086105131,0.2283515258454971,0.019245640692499,0.4218675498008931,0.0,0.0,0,0.1516323297127386,0.2979396625598848,0.5504280077273764,0.0,0.7280986228814248,0,not_no_guidance_current_kept,0,,"[""4134ea9356ba41934efd"",""0fddbe6ac0597d8d2759"",""048a218ab46c76f0d981"",""7689b56587ffa22125f5"",""d29a9dbe117bfe81e359""]",5,included_in_public_release,author_created_derived_forecast_trace,not_required_for_public_post_extraction_replay,not_redistributed_no_rights_grant,absent
META:FY2024_Q1,META,FY2024_Q1,explicit_numeric,36455000000.0,35750000000.0,35750000000.0,35643353472.85748,35643353472.85748,-0.0045442808053026,0.1478010315832221,-0.0020546900281172,0.0,-0.0010393775836345,0.1616565232339632,0.0,0.0,0,0.5558499917604363,0.0,0.4441500082395637,0.0,0.2995278387877236,0,not_no_guidance_current_kept,0,,"[""16e17e1dd6af8e95075e"",""6bf65ac505ed7ebf7ee8"",""e07588055ab13eb8fbff""]",3,included_in_public_release,author_created_derived_forecast_trace,not_required_for_public_post_extraction_replay,not_redistributed_no_rights_grant,absent
META:FY2024_Q2,META,FY2024_Q2,explicit_numeric,39071000000.0,37750000000.0,37750000000.0,37762290607.59917,37762290607.59917,-0.0007087475438075,0.1476196875668324,0.0009455515027204,0.3043859727110856,0.0002980335537696,0.1307017843124555,0.0,0.0,0,0.2914879191723321,0.4956727359455815,0.2128393448820864,0.0,0.5463415168458969,0,not_no_guidance_current_kept,0,,"[""bcd83794099dde5d8dfb"",""3dcfc5ee5432a7e2ee54""]",2,included_in_public_release,author_created_derived_forecast_trace,not_required_for_public_post_extraction_replay,not_redistributed_no_rights_grant,absent
META:FY2024_Q3,META,FY2024_Q3,explicit_numeric,40589000000.0,39750000000.0,39750000000.0,39684071724.65397,39684071724.65397,-0.0037945469313724,0.0793631936532087,-0.0011368565141433,0.0,-0.0002853006396443,0.1435807016738191,0.0,0.0,0,0.3917220866333188,0.0,0.6082779133666812,0.0,0.2153117178943167,0,not_no_guidance_current_kept,0,,"[""3264b8ba1fbd8ff738cd""]",1,included_in_public_release,author_created_derived_forecast_trace,not_required_for_public_post_extraction_replay,not_redistributed_no_rights_grant,absent
META:FY2024_Q4,META,FY2024_Q4,explicit_numeric,48385000000.0,46500000000.0,46500000000.0,46880590031.339455,46880590031.339455,0.0059670682607841,0.1162471984783449,0.0136920143902278,0.275630919793509,0.0045774642384358,0.3401136143999029,0.0,0.0,0,0.1881003024304308,0.3634375101913272,0.4484621873782421,0.0,0.6696588551227218,0,not_no_guidance_current_kept,0,,"[""f8f11d7130c5fd2bcbea"",""3f4c85b9f8ff47003ae3""]",2,included_in_public_release,author_created_derived_forecast_trace,not_required_for_public_post_extraction_replay,not_redistributed_no_rights_grant,absent
META:FY2025_Q1,META,FY2025_Q1,explicit_numeric,42314000000.0,40650000000.0,40650000000.0,41264509918.218544,41264509918.218544,0.0028145430026402,0.1443078766042049,0.0485046762655901,0.388329253579549,-0.0082186429481111,0.295087271234124,0.0,0.0,0,0.4249727206218006,0.3267405836428897,0.2482866957353096,0.0,0.5942470464641951,0,not_no_guidance_current_kept,0,,"[""f983cacf74a930234abe"",""819e20a6fdde2a8d31f1"",""dd305e8a3476594957af"",""3f1c159c6ce6769f411b""]",4,included_in_public_release,author_created_derived_forecast_trace,not_required_for_public_post_extraction_replay,not_redistributed_no_rights_grant,absent
META:FY2025_Q2,META,FY2025_Q2,explicit_numeric,47516000000.0,44000000000.0,44000000000.0,44010664767.789085,44010664767.789085,-0.0005819896001898,0.0641268106694319,0.0002085441157307,0.0,0.0006305832460849,0.1667173921905848,0.0,0.0,0,0.3201717164555865,0.0,0.6798282835444134,0.0,0.2168484954029365,0,not_no_guidance_current_kept,0,,"[""aa60a26651e5cca434e1"",""93ae1d091633e602dfd7""]",2,included_in_public_release,author_created_derived_forecast_trace,not_required_for_public_post_extraction_replay,not_redistributed_no_rights_grant,absent
META:FY2025_Q3,META,FY2025_Q3,explicit_numeric,51242000000.0,49000000000.0,49000000000.0,51146213217.9762,51146213217.9762,0.00297209224665,0.1330183653041515,0.0843127697292544,0.381912464675328,0.0022297731462663,0.2568091179351139,0.0,0.0,0,0.174640101924305,0.4935096002705717,0.3318502978051232,0.0,0.7667072430452166,0,not_no_guidance_current_kept,0,,"[""878607f1e9345e31e623"",""91bd1105eb146e794609"",""9a5d5e27c781afb62a3f"",""8285728716cac377b7f3"",""56912ab0e27cb43f7cc0""]",5,included_in_public_release,author_created_derived_forecast_trace,not_required_for_public_post_extraction_replay,not_redistributed_no_rights_grant,absent
META:FY2025_Q4,META,FY2025_Q4,explicit_numeric,59893000000.0,57500000000.0,57500000000.0,58268222540.881256,58268222540.881256,0.0022142922846698,0.101044150594528,0.0096651369142313,0.0,0.0168750293607418,0.4433790421470179,0.0,0.0,0,0.2457652914605286,0.0,0.7542347085394714,0.0,0.4700108591553423,0,not_no_guidance_current_kept,0,,"[""bed2d5d419a9e946f71c"",""91d16721f34e22717f64"",""dbffaa47066ded63d0b2"",""b32bcc31b93b7d3b636b""]",4,included_in_public_release,author_created_derived_forecast_trace,not_required_for_public_post_extraction_replay,not_redistributed_no_rights_grant,absent
MSFT:FY2019_Q1,MSFT,FY2019_Q1,none,29084000000.0,30085000000.0,24538000000.0,24538000000.0,24538000000.0,0.0,0.0,0.0,0.0,0.0,0.0,0.0,0.0,0,0.0,0.0,0.0,0.0,0.0,0,insufficient_prior_no_guidance_history_current_kept,0,,"[""9ac5a2140f42e20c2870"",""9390328e03573bbd3264"",""fd7425fb1c9635918e36"",""9aaffc67dafeb9705a01"",""c8484518f3d2d77ef356"",""96d9fbb68e09ea0e5746"",""6288c42d2b432885e20e""]",7,included_in_public_release,author_created_derived_forecast_trace,not_required_for_public_post_extraction_replay,not_redistributed_no_rights_grant,absent
MSFT:FY2019_Q2,MSFT,FY2019_Q2,no_total_revenue_guidance_but_forward_commentary,32471000000.0,29084000000.0,28918000000.0,28918000000.0,28918000000.0,0.0,0.0,0.0,0.0,0.0,0.0,0.0,0.0,0,0.0,0.0,0.0,0.0,0.0,0,not_no_guidance_current_kept,0,,"[""ca1282fb9c66fa698fe4"",""215dcd9fb39b99c61dc6"",""cbc0cb2415fcc8d3a3e1"",""68e69218ab857eeab00f"",""47e15850589713c0945e"",""650f4bbefe022c677e07""]",6,included_in_public_release,author_created_derived_forecast_trace,not_required_for_public_post_extraction_replay,not_redistributed_no_rights_grant,absent
MSFT:FY2019_Q3,MSFT,FY2019_Q3,no_total_revenue_guidance_but_forward_commentary,30571000000.0,32471000000.0,26819000000.0,26819000000.0,26819000000.0,0.0,0.0,0.0,0.0,0.0,0.0,0.0,0.0,0,0.0,0.0,0.0,0.0,0.0,0,not_no_guidance_current_kept,0,,"[""8c41888f4408a69c83a1"",""e0f7e4b96d3eb03aaae1""]",2,included_in_public_release,author_created_derived_forecast_trace,not_required_for_public_post_extraction_replay,not_redistributed_no_rights_grant,absent
MSFT:FY2019_Q4,MSFT,FY2019_Q4,no_total_revenue_guidance_but_forward_commentary,33717000000.0,30571000000.0,30085000000.0,30085000000.0,30085000000.0,0.0,0.0,0.0,0.0,0.0,0.0,0.0,0.0,0,0.0,0.0,0.0,0.0,0.0,0,not_no_guidance_current_kept,0,,"[""dd59870e7ffffb7f6233"",""ede1cb02e81088e1ae9a"",""2730d111d6b2a93b0b1c"",""c456918d8a469da578c2"",""56e19360bd75b109d636"",""60f1857af2b30aa56615"",""d57380f9dd8855f4711f"",""f60ea8c991e6c61d3289"",""4c79e749aab8739f6bb7"",""84a3fbe161d4bd35cb16"",""efce8163cb470ea9a262""]",11,included_in_public_release,author_created_derived_forecast_trace,not_required_for_public_post_extraction_replay,not_redistributed_no_rights_grant,absent
MSFT:FY2020_Q1,MSFT,FY2020_Q1,none,33055000000.0,33717000000.0,32373686666.24543,32373686666.24543,32373686666.24543,0.0,0.0,0.0,0.0,0.0,0.0,0.0,0.0,0,0.0,0.0,0.0,0.0,0.0,0,prior_signed_error_strength_active,20,0.1641825725209362,"[""256064d0a61f28413bd1"",""3820c7392cdbe9c17c6f"",""ebc06ef29b74adce3ba0"",""750a7ce761278d833f50"",""97f355785278f151949a""]",5,included_in_public_release,author_created_derived_forecast_trace,not_required_for_public_post_extraction_replay,not_redistributed_no_rights_grant,absent
MSFT:FY2020_Q2,MSFT,FY2020_Q2,none,36906000000.0,33055000000.0,36180376079.05621,36180376079.05621,36180376079.05621,0.0,0.0,0.0,0.0,0.0,0.0,0.0,0.0,0,0.0,0.0,0.0,0.0,0.0,0,prior_signed_error_strength_active,26,0.1297006221051704,"[""b1285a2f1344b47d108f"",""8adf9069542f2c27a299"",""8295ee4e7f243a00f521""]",3,included_in_public_release,author_created_derived_forecast_trace,not_required_for_public_post_extraction_replay,not_redistributed_no_rights_grant,absent
MSFT:FY2020_Q3,MSFT,FY2020_Q3,none,35021000000.0,36906000000.0,33979521604.83732,35440467600.03326,35440467600.03326,0.0,0.0,0.0,0.0,0.0420962823645881,0.398816875585787,0.0,0.0,0,0.0,0.0,1.0,0.0,0.2991126566893402,0,prior_signed_error_strength_active,31,0.1085595699112108,"[""37b4d3ae978882d087cf"",""856601ab78bffa406234"",""0c7995797ab87b4372ab"",""ad7deeede98a6704f41a"",""fa13a325d4d4fefbadaf"",""153b21eebbe72795e2f4"",""1615449d961906d72cda""]",7,included_in_public_release,author_created_derived_forecast_trace,not_required_for_public_post_extraction_replay,not_redistributed_no_rights_grant,absent
MSFT:FY2020_Q4,MSFT,FY2020_Q4,no_total_revenue_guidance_but_forward_commentary,38033000000.0,35021000000.0,36181035367.771866,36913302304.58495,36913302304.58495,0.0,0.0,0.0292641237535477,0.0,0.0396801678014206,0.4282081864717761,0.0,0.0,0,0.0,0.0,1.0,0.0,0.3176769483387489,0,not_no_guidance_current_kept,0,,"[""ada4f476b53d5f576616"",""90f53a630a338c0c9f1c"",""a9ff8e41d6175a4eed13"",""afddd3df5007b0334be9"",""2d27afa5dc30c2e16b17""]",5,included_in_public_release,author_created_derived_forecast_trace,not_required_for_public_post_extraction_replay,not_redistributed_no_rights_grant,absent
MSFT:FY2021_Q1,MSFT,FY2021_Q1,none,37154000000.0,38033000000.0,36625930324.12844,37899358207.064354,37899358207.064354,0.0,0.0,0.0,0.0,0.0341777097384429,0.5376536125076476,0.0,0.0,0,0.0,0.0,1.0,0.0,0.4032402093807357,0,prior_signed_error_strength_active,38,0.120560685766804,"[""8557bc214e82862717dc"",""1077de278ba256f2fcea""]",2,included_in_public_release,author_created_derived_forecast_trace,not_required_for_public_post_extraction_replay,not_redistributed_no_rights_grant,absent
MSFT:FY2021_Q2,MSFT,FY2021_Q2,none,43076000000.0,37154000000.0,40501779815.01123,42497220033.8219,42497220033.8219,0.0,0.0,0.0,0.0,0.0480927436255297,0.5135444782526064,0.0,0.0,0,0.0,0.0,1.0,0.0,0.3851583586894548,0,prior_signed_error_strength_active,43,0.1206553423479563,"[""cbdb4b918b7655b3b96e"",""7347506b293af63c1834"",""a48f4e536f85e22728e8"",""b398dfb0f0051e5da955"",""4ed49fe3a48538f035ba"",""01cc4020d4c3c04aa72f""]",6,included_in_public_release,author_created_derived_forecast_trace,not_required_for_public_post_extraction_replay,not_redistributed_no_rights_grant,absent
MSFT:FY2021_Q3,MSFT,FY2021_Q3,none,41706000000.0,43076000000.0,39648860308.05418,41004169594.68595,41004169594.68595,0.0028580130737137,0.0976260319514019,0.0,0.0,0.0434093968356389,0.5515728306721535,0.0,0.0,0,0.2416154720912003,0.0,0.7583845279087996,0.0,0.5454747661385078,0,prior_signed_error_strength_active,49,0.1218179120040395,"[""0656017b95955f6c5ebc"",""d1d9aaf157429df205bc""]",2,included_in_public_release,author_created_derived_forecast_trace,not_required_for_public_post_extraction_replay,not_redistributed_no_rights_grant,absent
MSFT:FY2021_Q4,MSFT,FY2021_Q4,none,46152000000.0,41706000000.0,42839275528.90216,43761705286.81239,43761705286.81239,0.0053577060094378,0.133669818840532,0.0,0.0,0.030262414363659,0.4282710741844973,0.0,0.0,0,0.3597160083637735,0.0,0.6402839916362265,0.0,0.5016575610730913,1,prior_signed_error_strength_active,53,0.1235701827835939,"[""202980a6d1d610eb4d9c"",""12dd20ea46277bf8092a"",""3a99bf52ea7414abb4ba"",""cb75366fe76c3c3a540e"",""60d2cdd61eebc8d4d0ce"",""3ff2f3d2434cedd8acb0""]",6,included_in_public_release,author_created_derived_forecast_trace,not_required_for_public_post_extraction_replay,not_redistributed_no_rights_grant,absent
MSFT:FY2022_Q1,MSFT,FY2022_Q1,none,45317000000.0,46152000000.0,44906296119.82391,45755912685.47,45755912685.47,0.0057976267760312,0.1253895434466145,0.0,0.0,0.024066057381094,0.5488942064397668,0.0,0.0,0,0.2913794513605739,0.0,0.708620548639426,0.0,0.5809465384827548,0,prior_signed_error_strength_active,59,0.1170217421408564,"[""7dc1aad91255f11ba959"",""778674fb6630aeb3ac8d""]",2,included_in_public_release,author_created_derived_forecast_trace,not_required_for_public_post_extraction_replay,not_redistributed_no_rights_grant,absent
MSFT:FY2022_Q2,MSFT,FY2022_Q2,none,51728000000.0,45317000000.0,49830339803.71756,51151307486.88337,51183608373.5884,0.0026887126046054,0.1226876703458632,0.0222476024069784,0.1787092326881739,0.0355892644311965,0.5265474783897856,0.0,0.0,0,0.2047612956781649,0.2015103102472755,0.5937283940745596,0.0,0.692813232596774,1,prior_signed_error_strength_active,61,0.1106085018865648,"[""32be2cd6d615f752ae5c"",""1ecab8a7f31d2773af57""]",2,included_in_public_release,author_created_derived_forecast_trace,not_required_for_public_post_extraction_replay,not_redistributed_no_rights_grant,absent
MSFT:FY2022_Q3,MSFT,FY2022_Q3,no_total_revenue_guidance_but_forward_commentary,49360000000.0,51728000000.0,49331704002.443535,50047774471.21056,50047774471.21056,0.0085928716230017,0.1234548619504026,0.0226192770448419,0.0,0.0368424883786326,0.4415796608718523,0.0,0.0,0,0.2911564644189009,0.0,0.7088435355810991,0.0,0.4890961258193232,0,not_no_guidance_current_kept,0,,"[""52d610fd5dbc1e8b6902"",""c6ae2888c49d623aad13"",""4d85c8a9ba1e3f41f9aa"",""207fb48a65ccdce42efe""]",4,included_in_public_release,author_created_derived_forecast_trace,not_required_for_public_post_extraction_replay,not_redistributed_no_rights_grant,absent
MSFT:FY2022_Q4,MSFT,FY2022_Q4,no_total_revenue_guidance_but_forward_commentary,51865000000.0,49360000000.0,52243534398.24714,53096126791.99953,53096126791.99953,0.0043947950110342,0.1155703285450194,0.0300599443858684,0.0,0.0421175230871222,0.5032989206475807,0.0,0.0,0,0.2650845406255332,0.0,0.7349154593744668,0.0,0.5137659949933902,0,not_no_guidance_current_kept,0,,"[""47d151b2aac391b7b0c5"",""2594b25c2332d18e3ee6"",""197ca3f2f12984a39152""]",3,included_in_public_release,author_created_derived_forecast_trace,not_required_for_public_post_extraction_replay,not_redistributed_no_rights_grant,absent
MSFT:FY2023_Q1,MSFT,FY2023_Q1,no_total_revenue_guidance_but_forward_commentary,50122000000.0,51865000000.0,51679234606.77696,51839461975.91956,51839461975.91956,0.0057609735822919,0.1059713776163466,0.0040137403114473,0.6262384539907766,0.0089915974744704,0.5040721806206505,0.0,0.0,0,0.1099356201971508,0.4931321745474096,0.3969322052554395,0.0,1.0715131508362346,0,not_no_guidance_current_kept,0,,"[""18bd713b59f1e6122558"",""5a38ec2eb9e9a5abd3a4"",""38461039379161c8cb86"",""79e6f0e7c474d8fe82c6""]",4,included_in_public_release,author_created_derived_forecast_trace,not_required_for_public_post_extraction_replay,not_redistributed_no_rights_grant,absent
MSFT:FY2023_Q2,MSFT,FY2023_Q2,no_total_revenue_guidance_but_forward_commentary,52747000000.0,50122000000.0,55597169680.32609,56028835360.4261,56028835360.4261,0.0026192213322686,0.1138336328703815,0.0169988872128189,0.0,0.0205375896913331,0.482358804903662,0.0,0.0,0,0.2862195640109005,0.0,0.7137804359890996,0.0,0.4800110461624814,0,not_no_guidance_current_kept,0,,"[""771f81afb99f463752f4"",""734029a22a7856d7debb"",""804ef355b4490d58496a"",""340b07800586aab38c7d"",""ec746ff157e5af5fc884"",""2e1294b6cd2b876e85e9""]",6,included_in_public_release,author_created_derived_forecast_trace,not_required_for_public_post_extraction_replay,not_redistributed_no_rights_grant,absent
MSFT:FY2023_Q3,MSFT,FY2023_Q3,no_total_revenue_guidance_but_forward_commentary,52857000000.0,52747000000.0,50924276287.44231,52644093178.20547,52644093178.20547,0.000124076180101,0.1083331231130182,0.103308439748043,0.7977551891105021,0.0239711981171416,0.5347911489061484,0.0,0.0,0,0.0856027976297991,0.5474219487066263,0.3669752536635745,0.0,1.3389445405114735,0,not_no_guidance_current_kept,0,,"[""5774293cc14f379d62cc""]",1,included_in_public_release,author_created_derived_forecast_trace,not_required_for_public_post_extraction_replay,not_redistributed_no_rights_grant,absent
MSFT:FY2023_Q4,MSFT,FY2023_Q4,none,56189000000.0,52857000000.0,54814507524.60792,55721005936.32403,55721005936.32403,0.0021854206183999,0.0883801376295137,0.0,0.0,0.0210947952320578,0.48197945680227,0.0,0.0,0,0.2481566911488455,0.0,0.7518433088511545,0.0,0.480797778401546,0,prior_signed_error_strength_active,76,0.0841066143484113,"[""32280291421a542ed8e8"",""43ac9c02acb42b269f29"",""91ac032adfd96789dfe6"",""f57b2d618c3584e1f91d"",""8de7d9d32f499b3501b5"",""0be9efca710f2e5c4f99"",""5c4936848f9382afbc76""]",7,included_in_public_release,author_created_derived_forecast_trace,not_required_for_public_post_extraction_replay,not_redistributed_no_rights_grant,absent
MSFT:FY2024_Q1,MSFT,FY2024_Q1,none,56517000000.0,56189000000.0,54897974983.84588,56314545613.176056,57037325101.99268,0.004881693748356,0.1537744397968525,0.0423809967930239,0.2697583956437381,0.0256040415724513,0.4902031697638115,0.0,0.0,0,0.2280136291675825,0.2740267591597283,0.497959611672689,0.0,0.7762682889287846,1,prior_signed_error_strength_active,78,0.0824250564654368,"[""4079f4dab476750d9b73"",""fae8d7f943de5eecfaff"",""e6eefdd8cdf614b99072"",""ae376a9e29baf22bf70b"",""9f094aa4f31a43b1857a"",""4233f21c3a8c3658e184"",""0f959709a52af5be170c"",""546bea55cd09a2c6c4bf"",""def034e585e83578420b"",""fe0113212a07a5cd362a"",""d346e7e9e9351e1024e0""]",11,included_in_public_release,author_created_derived_forecast_trace,not_required_for_public_post_extraction_replay,not_redistributed_no_rights_grant,absent
MSFT:FY2024_Q2,MSFT,FY2024_Q2,none,62020000000.0,56517000000.0,60739416560.09375,62168348061.66493,62505058197.84923,0.017014009192462,0.2294252904706747,0.0341591032068241,0.5860949277637634,0.0032647339112766,0.2439207918176317,0.0,0.0,0,0.2264911414545942,0.5461940152199046,0.2273148433255011,0.0,1.037157929983228,1,prior_signed_error_strength_active,82,0.0780835127292811,"[""ce6e4905a757fd631291"",""4a498b06a39d4e480918"",""f14a483c6a8339edf22c"",""c325c7f1be10c32bd8fd""]",4,included_in_public_release,author_created_derived_forecast_trace,not_required_for_public_post_extraction_replay,not_redistributed_no_rights_grant,absent
MSFT:FY2024_Q3,MSFT,FY2024_Q3,none,61858000000.0,62020000000.0,60278715470.156136,61986996687.3782,62433356135.00863,0.0068822235697555,0.1787040057894986,0.0724089324555639,0.4394399728882767,-0.0010712109538444,0.2193425921694382,0.0,0.0,0,0.4870279799941447,0.3421772562303146,0.1707947637755407,0.0,0.6421232926604801,1,prior_signed_error_strength_active,86,0.0769063466162093,"[""4cef039a34257e73af3f"",""627bdf377c2d3bbd4115"",""f6fd7e2807300af23144"",""8f11ba3ee7853cbb2d7e"",""316c2dd9eb9141661a92""]",5,included_in_public_release,author_created_derived_forecast_trace,not_required_for_public_post_extraction_replay,not_redistributed_no_rights_grant,absent
MSFT:FY2024_Q4,MSFT,FY2024_Q4,no_total_revenue_guidance_but_forward_commentary,64727000000.0,61858000000.0,64197572103.07124,64827542713.50682,64827542713.50682,0.0090133767771228,0.1717519948788453,0.0270994648533284,0.38077866448449,0.0191092558020257,0.3750314326148298,0.0,0.0,0,0.26193301031692,0.3718396508728832,0.3662273388101967,0.0,0.7713034429278847,0,not_no_guidance_current_kept,0,,"[""7757bf6f1a1effc00f23"",""acd7d69df1e8496fbd7c"",""0c555c7dd8880d34015c"",""fd372ab4fbebba6b3393"",""c6820e83d1bb371a214c""]",5,included_in_public_release,author_created_derived_forecast_trace,not_required_for_public_post_extraction_replay,not_redistributed_no_rights_grant,absent
MSFT:FY2025_Q1,MSFT,FY2025_Q1,none,65585000000.0,64727000000.0,64156645939.58243,66179825691.21525,66528702165.42918,0.0052712173693902,0.1431999580491866,0.0612303024297191,0.3437727187292734,0.0020191124095038,0.2277298712756813,0.0,0.0,0,0.2035571935449883,0.4790797341531526,0.3173630723018591,0.0,0.7092870826097867,1,prior_signed_error_strength_active,92,0.0723356126510629,"[""030d90bc60c3aa952514"",""1fbd821036aa337d0639"",""625a2ee80d474dbf7972"",""ec5377df52bbfa826816"",""7a6581961efe5bd4e5ec"",""e4f2ea4fbf9429aec7d2"",""d186acb76652a4e2f829"",""bf8dc31bf85d5ceec16c"",""c88cca1d1986d5ec1fdf""]",9,included_in_public_release,author_created_derived_forecast_trace,not_required_for_public_post_extraction_replay,not_redistributed_no_rights_grant,absent
MSFT:FY2025_Q2,MSFT,FY2025_Q2,none,69632000000.0,65585000000.0,70238200466.82483,69959922056.23944,69959922056.23944,0.004409266527666,0.1050117534993753,0.0,0.0,-0.0083573875689854,0.3609767494153942,0.0,0.0,0,0.3436761382816505,0.0,0.6563238617183494,0.0,0.4124984292857023,0,prior_signed_error_strength_active,95,0.0659307426780397,"[""30ce551be4f218d1af79""]",1,included_in_public_release,author_created_derived_forecast_trace,not_required_for_public_post_extraction_replay,not_redistributed_no_rights_grant,absent
MSFT:FY2025_Q3,MSFT,FY2025_Q3,none,70066000000.0,69632000000.0,69117589225.82349,69625027283.07414,69625027283.07414,0.0027534046082158,0.090277256298326,0.0,0.0,0.008726295257778,0.5251543988102723,0.0,0.0,0,0.2363095232621795,0.0,0.7636904767378205,0.0,0.5157400951104444,0,prior_signed_error_strength_active,100,0.0662441877183573,"[""0e3d63c4118d151160cd"",""d3a1a5aa2c0c57614261"",""cb14f590f15aff18180f"",""3f5218bc001816dd8896"",""1f3c020fb00822f8db6f"",""21e10a5772a5a730108f""]",6,included_in_public_release,author_created_derived_forecast_trace,not_required_for_public_post_extraction_replay,not_redistributed_no_rights_grant,absent
MSFT:FY2025_Q4,MSFT,FY2025_Q4,none,76441000000.0,70066000000.0,72533523690.7902,72864040826.4524,72864040826.4524,0.0021094741211983,0.1155802020422489,0.0,0.0,0.005655147332567,0.4572622858408461,0.0,0.0,0,0.312704470678472,0.0,0.687295529321528,0.0,0.4989799871376706,0,prior_signed_error_strength_active,104,0.06601914385159,"[""e1b1ad846d3d7bb543c1"",""7faacc1533b8598b2960""]",2,included_in_public_release,author_created_derived_forecast_trace,not_required_for_public_post_extraction_replay,not_redistributed_no_rights_grant,absent
MU:FY2019_Q1,MU,FY2019_Q1,explicit_numeric,7913000000.0,8100000000.0,8100000000.0,8100000000.0,8100000000.0,0.0,0.0,0.0,0.0,0.0,0.0,0.0,0.0,0,0.0,0.0,0.0,0.0,0.0,0,not_no_guidance_current_kept,0,,"[""4ae3f8f0e1dc6797d335"",""0f96452044dd227bf88e"",""700b2603b1d459084008"",""298d2d4b1924533337d1"",""615b91acb2bd78d4c2c8"",""7fec51561affdfb75f21"",""038b47b16125cd9bdc52""]",7,included_in_public_release,author_created_derived_forecast_trace,not_required_for_public_post_extraction_replay,not_redistributed_no_rights_grant,absent
MU:FY2019_Q2,MU,FY2019_Q2,explicit_numeric,5835000000.0,6000000000.0,6000000000.0,6000000000.0,6000000000.0,0.0,0.0,0.0,0.0,0.0,0.0,0.0,0.0,0,0.0,0.0,0.0,0.0,0.0,0,not_no_guidance_current_kept,0,,"[""c6a88c95c0ef9b6ec34b"",""83d85667e6c3def7927a"",""fa13eed8be99fd8aacab"",""908f5d02df26d840e13f"",""1eec1b3e2110fb884f80""]",5,included_in_public_release,author_created_derived_forecast_trace,not_required_for_public_post_extraction_replay,not_redistributed_no_rights_grant,absent
MU:FY2019_Q3,MU,FY2019_Q3,explicit_numeric,4788000000.0,4800000000.0,4800000000.0,4800000000.0,4800000000.0,0.0,0.0,0.0,0.0,0.0,0.0,0.0,0.0,0,0.0,0.0,0.0,0.0,0.0,0,not_no_guidance_current_kept,0,,"[""2dd9bec8edac2c6a9dc2"",""66819d97b30abf28344e"",""d9e0da20376e3a170730"",""b8db03c1ab5535a9137a""]",4,included_in_public_release,author_created_derived_forecast_trace,not_required_for_public_post_extraction_replay,not_redistributed_no_rights_grant,absent
MU:FY2019_Q4,MU,FY2019_Q4,explicit_numeric,4870000000.0,4500000000.0,4500000000.0,4500000000.0,4500000000.0,0.0,0.0,0.0,0.0,0.0,0.0,0.0,0.0,0,0.0,0.0,0.0,0.0,0.0,0,not_no_guidance_current_kept,0,,"[""b02bca7145ee8a8ab029"",""7d791889f969b8f59c8e"",""7fa42287eea51543461a"",""c99b8a8b453872c38c20"",""fb4abab841550f261213"",""564c8ca304829da562e9""]",6,included_in_public_release,author_created_derived_forecast_trace,not_required_for_public_post_extraction_replay,not_redistributed_no_rights_grant,absent
MU:FY2020_Q1,MU,FY2020_Q1,explicit_numeric,5144000000.0,5000000000.0,5000000000.0,5000000000.0,5000000000.0,0.0,0.0,0.0,0.0,0.0,0.0,0.0,0.0,0,0.0,0.0,0.0,0.0,0.0,0,not_no_guidance_current_kept,0,,"[""1d72ad0d94d81ef24ad2"",""b077d3815746e87a6719"",""3bd0b0fe80648c1fdca4"",""64283b5234c03070c598"",""33004064b59cde1df3ec"",""f928a4bbcacf7027bcb3""]",6,included_in_public_release,author_created_derived_forecast_trace,not_required_for_public_post_extraction_replay,not_redistributed_no_rights_grant,absent
MU:FY2020_Q2,MU,FY2020_Q2,explicit_numeric,4797000000.0,4650000000.0,4650000000.0,4650000000.0,4650000000.0,0.0,0.0,0.0,0.0,0.0,0.0,0.0,0.0,0,0.0,0.0,0.0,0.0,0.0,0,not_no_guidance_current_kept,0,,"[""f48bc863769a060e8001"",""f0c623f70f6ec855ae40"",""3f693f76acedd5c2f320""]",3,included_in_public_release,author_created_derived_forecast_trace,not_required_for_public_post_extraction_replay,not_redistributed_no_rights_grant,absent
MU:FY2020_Q3,MU,FY2020_Q3,explicit_numeric,5438000000.0,4900000000.0,4900000000.0,4926366473.473859,4926366473.473859,0.0,0.0,0.0025725599771613,0.0,0.0053664875664383,0.32033018070988,0.0,0.0,0,0.0,0.0,1.0,0.0,0.2665847825776504,0,not_no_guidance_current_kept,0,,"[""de4e0edf84a22ebd2915"",""6c735b0d083e63bc1979"",""a01044846921feceb685"",""5f6876ed6730c9b08e16""]",4,included_in_public_release,author_created_derived_forecast_trace,not_required_for_public_post_extraction_replay,not_redistributed_no_rights_grant,absent
MU:FY2020_Q4,MU,FY2020_Q4,explicit_numeric,6056000000.0,6000000000.0,6179366211.513353,6410776068.442067,6410776068.442067,0.0,0.0,0.0176240414788241,0.0,0.0367646236846397,0.4799046742471237,0.0,0.0,0,0.0,0.0,1.0,0.0,0.3993856681210985,0,not_no_guidance_current_kept,0,,"[""420792854837461bb6fa"",""116afcc9cd73268a500f"",""0bc87ffdd8a73e3a350c"",""39f856960a6e96312e38""]",4,included_in_public_release,author_created_derived_forecast_trace,not_required_for_public_post_extraction_replay,not_redistributed_no_rights_grant,absent
MU:FY2021_Q1,MU,FY2021_Q1,explicit_numeric,5773000000.0,5200000000.0,5200000000.0,5273379935.014667,5273379935.014667,0.0,0.0,0.0067174268806696,0.0,0.0140128852791022,0.4284574494010585,0.0,0.0,0,0.0,0.0,1.0,0.0,0.3565703229687371,0,not_no_guidance_current_kept,0,,"[""35fa0b90e8455fec3ac8"",""39aa4c5f2a6c6e10ac9f"",""45a3c358b7fe430e1a9c"",""25dbb5be954286cb3a66"",""f8e7c2607819caadac1e"",""257e956682d88fe1ce62""]",6,included_in_public_release,author_created_derived_forecast_trace,not_required_for_public_post_extraction_replay,not_redistributed_no_rights_grant,absent
MU:FY2021_Q2,MU,FY2021_Q2,explicit_numeric,6236000000.0,5800000000.0,5988202946.648397,6005901606.472557,6005901606.472557,0.0,0.0,0.0014147452481571,0.0,0.0029512286793368,0.2500414181038788,0.0,0.0,0,0.0,0.0,1.0,0.0,0.2080891564226374,0,not_no_guidance_current_kept,0,,"[""05d407dde2d43bf847fc"",""c15c7450b812d3d2d5fc"",""a4e205c142c1248fbd1c"",""777f199c618dd5637c18""]",4,included_in_public_release,author_created_derived_forecast_trace,not_required_for_public_post_extraction_replay,not_redistributed_no_rights_grant,absent
MU:FY2021_Q3,MU,FY2021_Q3,explicit_numeric,7422000000.0,7100000000.0,7323402501.700481,7392574051.158053,7392574051.158053,0.0019568133501723,0.0648153274052547,0.0046818276153927,0.0,0.0113669285412221,0.3162882115869619,0.0,0.0,0,0.2089221390622649,0.0,0.791077860937735,0.0,0.3421819551923564,0,not_no_guidance_current_kept,0,,"[""378cefe0d4fd56048e79"",""2aad48487a25dbbf1835"",""ea66b457caaa76e395a9"",""0277e41964d5048df5ac""]",4,included_in_public_release,author_created_derived_forecast_trace,not_required_for_public_post_extraction_replay,not_redistributed_no_rights_grant,absent
MU:FY2021_Q4,MU,FY2021_Q4,explicit_numeric,8274000000.0,8199999999.999999,8456851494.286106,8585608376.289212,8585608376.289212,0.0015476044705209,0.0644752480600506,0.0074816070412361,0.0,0.0181351197718036,0.3727472638967887,0.0,0.0,0,0.1823481937763886,0.0,0.8176518062236113,0.0,0.3900506494460496,0,not_no_guidance_current_kept,0,,"[""29ef277f0661886d6e6d"",""4fc58a05f1267a6f324b"",""8bf673a86f2d7c79f2ba"",""51d18464a14aa3c5298c"",""3a88ff516250341af13b"",""ee04b5540cd3105cad91"",""f58d7052dbe77cb6d9b6"",""c755f2dd12a9a37ca963""]",8,included_in_public_release,author_created_derived_forecast_trace,not_required_for_public_post_extraction_replay,not_redistributed_no_rights_grant,absent
MU:FY2022_Q1,MU,FY2022_Q1,explicit_numeric,7687000000.0,7650000000.0,7868247765.44714,7971378682.827745,7971378682.827745,0.0006726468235729,0.0415586442286239,0.0165232722941114,0.154389250131494,0.0138705585208565,0.3992087181648837,0.0,0.0,0,0.1139559284633523,0.2471029296024494,0.6389411419341982,0.0,0.4412258953691715,0,not_no_guidance_current_kept,0,,"[""84b293f0bba90e3d70cd"",""bffb454ba8fb1217af37"",""cb8d10decc4bb7344435"",""3b98b8a873b1e0d1dd6b"",""5b3a1723c6ad90ca55bb""]",5,included_in_public_release,author_created_derived_forecast_trace,not_required_for_public_post_extraction_replay,not_redistributed_no_rights_grant,absent
MU:FY2022_Q2,MU,FY2022_Q2,explicit_numeric,7786000000.0,7500000000.0,7696947065.708652,7706437632.248364,7706437632.248364,0.0008253091803633,0.0427856790890739,0.0004879207344437,0.147225438579099,0.0017900055210858,0.2333498157836074,0.0,0.0,0,0.1171923337699952,0.341513917028967,0.5412937492010378,0.0,0.3899684721036995,0,not_no_guidance_current_kept,0,,"[""a2af7d25e1e2ae0fb9bb"",""789544c3f44b7349d18b"",""c1f5105180dc1c6fb88a"",""b8fa85384ed65a9c342d"",""260e54ee4aa0af3b6f30""]",5,included_in_public_release,author_created_derived_forecast_trace,not_required_for_public_post_extraction_replay,not_redistributed_no_rights_grant,absent
MU:FY2022_Q3,MU,FY2022_Q3,explicit_numeric,8642000000.0,8700000000.0,8915049329.413822,8962307132.894981,8962307132.894981,0.0012272665282682,0.0631901460565065,0.0166372274895947,0.150455690185541,-0.0002122907634672,0.1472706753542056,0.0,0.0,0,0.426226582285945,0.2899557632921835,0.2838176544218714,0.0,0.2594459383687597,0,not_no_guidance_current_kept,0,,"[""2311724d389793b70aeb"",""9c89137a9f30ed1ad326"",""fd558024b557db0ea9de"",""4fed07dfee1d5d274a5c"",""85de7b934214e09f6641"",""0f01231f1736c6ec09d1""]",6,included_in_public_release,author_created_derived_forecast_trace,not_required_for_public_post_extraction_replay,not_redistributed_no_rights_grant,absent
MU:FY2022_Q4,MU,FY2022_Q4,explicit_numeric,6643000000.0,7200000000.0,7376561772.035244,7423802542.85703,7423802542.85703,0.0043259023915017,0.0828768229924946,0.0029839207132498,0.0,0.0071298680044981,0.2958299428039101,0.0,0.0,0,0.2660929627496573,0.0,0.7339070372503426,0.0,0.3440452383282368,0,not_no_guidance_current_kept,0,,"[""c52c25ef4159be071cf4"",""aa5b96b20ee638005123"",""7d4213b45b17b5edb8b2"",""4718d45e9f3414f67b8c"",""58bbc2912930c814eb6e"",""1048781af9021559c60e"",""cdc7cbf15c38c00d8a07"",""51ca62f4ac9afbe49160""]",8,included_in_public_release,author_created_derived_forecast_trace,not_required_for_public_post_extraction_replay,not_redistributed_no_rights_grant,absent
MU:FY2023_Q1,MU,FY2023_Q1,explicit_numeric,4085000000.0,4250000000.0,4429664533.0069065,4421301536.354424,4421301536.354424,0.0017981695833046,0.0855788636409283,-0.0041872140170963,0.186334615405745,-0.0017644983270248,0.1508208147663504,0.0,0.0,0,0.2476151234427759,0.4158181481426204,0.3365667284146036,0.0,0.3820228264164905,0,not_no_guidance_current_kept,0,,"[""8eb3791ed554b97b474b"",""4df00d0498c21d1223e9"",""4def81cee3154cb38fda"",""b285e03a8e540e4fdae4"",""000759e3bdb34ec1295a"",""fbb549210a14ae5ac0ac""]",6,included_in_public_release,author_created_derived_forecast_trace,not_required_for_public_post_extraction_replay,not_redistributed_no_rights_grant,absent
MU:FY2023_Q2,MU,FY2023_Q2,explicit_numeric,3693000000.0,3800000000.0,3800000000.0,3756855880.998007,3756855880.998007,-0.0001604086250656,0.078643638058536,-0.0140745803791932,0.165140942137225,-0.0145295860828231,0.3938859434415426,0.0,0.0,0,0.2091016445985626,0.2336375993983783,0.557260756003059,0.0,0.4671835581510932,0,not_no_guidance_current_kept,0,,"[""5f98be3a2d4d3d7b439d"",""dea1389fe37e1916b030"",""d0e77386b0e8162f2f30"",""1319e01df501e0ec9e44""]",4,included_in_public_release,author_created_derived_forecast_trace,not_required_for_public_post_extraction_replay,not_redistributed_no_rights_grant,absent
MU:FY2023_Q3,MU,FY2023_Q3,explicit_numeric,3752000000.0,3700000000.0,3700000000.0,3651016006.261945,3651016006.261945,-0.0018889814788846,0.0814625088715755,-0.0265492563052504,0.1626121188624302,-0.0004129352002948,0.0936555428855763,0.0,0.0,0,0.2429193870271424,0.4803980408040754,0.2766825721687823,0.0,0.3366518732202859,0,not_no_guidance_current_kept,0,,"[""1c18f73fb0d366f2427b"",""f60bff2d8182a05c42e1"",""62e65a8eb64502702d53"",""fe019b40686ba744c76e"",""ab50bc00cd38f8912a48"",""529e36b41e2f7d8390aa"",""41e98e4f7d56e913cadf"",""a71398ecd00e674016ab""]",8,included_in_public_release,author_created_derived_forecast_trace,not_required_for_public_post_extraction_replay,not_redistributed_no_rights_grant,absent
MU:FY2023_Q4,MU,FY2023_Q4,explicit_numeric,4010000000.0,3900000000.0,3900000000.0,3867900179.825461,3867900179.825461,0.0020168190440117,0.0752941148310078,0.0122842417328139,0.1618918185789813,-0.0209922976019129,0.4742656517989542,0.0,0.0,0,0.2929123565388858,0.1799424039249896,0.5271452395361246,0.0,0.4498434361432315,0,not_no_guidance_current_kept,0,,"[""79da5f332fef28af424e"",""d3c78d349561b40a3edb"",""f9ead7526e4aa5622c15"",""6f4365adaa1685299b82"",""1997bc9294315a142523"",""5ddf76aefefaf9da9613"",""6b4c1e10cb57cf29288a""]",7,included_in_public_release,author_created_derived_forecast_trace,not_required_for_public_post_extraction_replay,not_redistributed_no_rights_grant,absent
MU:FY2024_Q1,MU,FY2024_Q1,explicit_numeric,4726000000.0,4400000000.0,4400000000.0,4454445113.10367,4454445113.10367,4.1567574809184405e-05,0.1183737297438907,0.019666641839171,0.2078294459968825,0.0141815819664842,0.4029628210387548,0.0,0.0,0,0.2342805272010864,0.2605452989658398,0.5051741738330738,0.0,0.596351327991064,0,not_no_guidance_current_kept,0,,"[""24267bf8e88a6d6fdb1e"",""a47be9c2afa7d83d00cf"",""2d1d29fce58e0684412b"",""c245657b86fd89f1d67f""]",4,included_in_public_release,author_created_derived_forecast_trace,not_required_for_public_post_extraction_replay,not_redistributed_no_rights_grant,absent
MU:FY2024_Q2,MU,FY2024_Q2,explicit_numeric,5824000000.0,5300000000.0,5300000000.0,5310726720.588785,5310726720.588785,0.0047327234800738,0.1360872693276976,0.001740252587806,0.4073741319733324,0.0002016903383167,0.1543426038338189,0.0,0.0,0,0.2062418708363685,0.5756576371187656,0.2181004920448658,0.0,0.6789615555668811,0,not_no_guidance_current_kept,0,,"[""3ee31fd31f8be5623fce"",""fbe42d2b2d5dedcc4638"",""629e376f105ddf1d2085"",""45080f74cce5187e7083"",""2866eb8276e544c2222c""]",5,included_in_public_release,author_created_derived_forecast_trace,not_required_for_public_post_extraction_replay,not_redistributed_no_rights_grant,absent
MU:FY2024_Q3,MU,FY2024_Q3,explicit_numeric,6811000000.0,6600000000.0,6743817306.184432,6767971085.374272,6767971085.374272,0.0048383928922891,0.1434921552725558,0.0065192742610123,0.4217362323741297,-0.0027052535641591,0.2987049944202878,0.0,0.0,0,0.4107609595334027,0.3449323048874355,0.2443067355791617,0.0,0.6113318851241815,0,not_no_guidance_current_kept,0,,"[""a15786147c2845bc9272"",""83329b8d0b8a3ab3bf1f""]",2,included_in_public_release,author_created_derived_forecast_trace,not_required_for_public_post_extraction_replay,not_redistributed_no_rights_grant,absent
MU:FY2024_Q4,MU,FY2024_Q4,explicit_numeric,7750000000.0,7600000000.0,7742714842.418368,7759322894.953635,7759322894.953635,0.0013054075531594,0.1071475375120986,0.0106020220057111,0.2938495674674017,-0.0056687232101868,0.278025615294967,0.0,0.0,0,0.3960499760780166,0.3103307481261099,0.2936192757958734,0.0,0.473445782027357,0,not_no_guidance_current_kept,0,,"[""f99e2864bab5c9247e99"",""864f2b36db236530370b"",""7eff169036c0842739dc"",""d405e289fbe71288dbdb"",""7355174ecc7b010b75fa"",""999f70301aa7c46adbe2"",""a830d947129d03ab7fad""]",7,included_in_public_release,author_created_derived_forecast_trace,not_required_for_public_post_extraction_replay,not_redistributed_no_rights_grant,absent
MU:FY2025_Q1,MU,FY2025_Q1,explicit_numeric,8709000000.0,8700000000.0,8839154654.901989,9003933617.093668,9003933617.093668,-0.0047525908992614,0.0843646891810948,0.022600356968518,0.4875409295761124,0.0217980104405291,0.4979967538776079,0.0,0.0,0,0.1382176228205555,0.4263197524725681,0.4354626247068762,0.0,0.7575524099484423,0,not_no_guidance_current_kept,0,,"[""10bf8e882023c2404f19"",""3b71a96e9a9082bffaea"",""498725597443b64fb21f""]",3,included_in_public_release,author_created_derived_forecast_trace,not_required_for_public_post_extraction_replay,not_redistributed_no_rights_grant,absent
MU:FY2025_Q2,MU,FY2025_Q2,none,8053000000.0,8709000000.0,5883050496.0,5961347948.961363,7980425261.396074,-0.013564874257096,0.1125383925186495,0.027602148911105,0.2758069777905648,0.0135431663934241,0.3712607576944932,0.0,0.0,0,0.1907666506954221,0.3449286560884104,0.4643046932161675,0.0,0.6622898078834731,1,prior_signed_error_strength_active,95,0.0659307426780397,"[""f76f96194a49d243469b"",""53ae5e998fcee1f0699e"",""c7924b2ff240a26c5310"",""65b7ab5ee6dd464c15c4"",""90037556739329a2bfcc"",""dea935ed865465fe44d4""]",6,included_in_public_release,author_created_derived_forecast_trace,not_required_for_public_post_extraction_replay,not_redistributed_no_rights_grant,absent
MU:FY2025_Q3,MU,FY2025_Q3,explicit_numeric,9301000000.0,8800000000.0,8923515468.669552,8966318974.015074,8966318974.015074,-0.0004781339120265,0.0532575915293917,-0.0015988567696833,0.4386334282498697,0.023283098614895,0.2044226061588278,0.0,0.0,0,0.2247270617362693,0.5288195873205079,0.2464533509432226,0.0,0.4147288023807843,0,not_no_guidance_current_kept,0,,"[""e0341832b86f307b1ad6""]",1,included_in_public_release,author_created_derived_forecast_trace,not_required_for_public_post_extraction_replay,not_redistributed_no_rights_grant,absent
MU:FY2025_Q4,MU,FY2025_Q4,explicit_numeric,11315000000.0,10700000000.0,10869006555.264215,11015786743.516665,11015786743.516665,0.0205855195486598,0.1725254620965873,0.0184657404354938,0.424583362477182,-0.0068439617415661,0.3196370858822056,0.0,0.0,0,0.4479320741481096,0.3149589033608586,0.2371090224910318,0.0,0.6740297828487216,0,not_no_guidance_current_kept,0,,"[""bcece01d4bb5e1b0f676"",""961d5f2d199c45361b17"",""148151a2f499dc86087f"",""96dd4ed34b24d6d371ec"",""bf3a8ea2b5f2c10428b6"",""cfce07b7b5f43e4da952"",""47ad36fc019f0330e449""]",7,included_in_public_release,author_created_derived_forecast_trace,not_required_for_public_post_extraction_replay,not_redistributed_no_rights_grant,absent
NVDA:FY2019_Q1,NVDA,FY2019_Q1,explicit_numeric,3207000000.0,2900000000.0,2900000000.0,2900000000.0,2900000000.0,0.0,0.0,0.0,0.0,0.0,0.0,0.0,0.0,0,0.0,0.0,0.0,0.0,0.0,0,not_no_guidance_current_kept,0,,"[""9720e961ff3ee97a8062"",""15a67ad46805e0d76423""]",2,included_in_public_release,author_created_derived_forecast_trace,not_required_for_public_post_extraction_replay,not_redistributed_no_rights_grant,absent
NVDA:FY2019_Q2,NVDA,FY2019_Q2,explicit_numeric,3123000000.0,3100000000.0,3100000000.0,3100000000.0,3100000000.0,0.0,0.0,0.0,0.0,0.0,0.0,0.0,0.0,0,0.0,0.0,0.0,0.0,0.0,0,not_no_guidance_current_kept,0,,"[""631815e918a366e076c5"",""38a7c9c9ba96807be2c2"",""291ec282bcf7fd064f95"",""01b1189be8490a50efba""]",4,included_in_public_release,author_created_derived_forecast_trace,not_required_for_public_post_extraction_replay,not_redistributed_no_rights_grant,absent
NVDA:FY2019_Q3,NVDA,FY2019_Q3,explicit_numeric,3181000000.0,3250000000.0,3250000000.0,3250000000.0,3250000000.0,0.0,0.0,0.0,0.0,0.0,0.0,0.0,0.0,0,0.0,0.0,0.0,0.0,0.0,0,not_no_guidance_current_kept,0,,"[""16bca06126e53149ce19"",""25e8d3438dd50ad540f9"",""66778b6d903aae03eacb"",""69c91b6bfc1b89932e79""]",4,included_in_public_release,author_created_derived_forecast_trace,not_required_for_public_post_extraction_replay,not_redistributed_no_rights_grant,absent
NVDA:FY2019_Q4,NVDA,FY2019_Q4,explicit_numeric,2205000000.0,2700000000.0,2700000000.0,2700000000.0,2700000000.0,0.0,0.0,0.0,0.0,0.0,0.0,0.0,0.0,0,0.0,0.0,0.0,0.0,0.0,0,not_no_guidance_current_kept,0,,"[""bd5a05a68e009cbe1a1a"",""ded679277b3be2f0dcb2"",""ebba66e0b7cbdc2f8cd6""]",3,included_in_public_release,author_created_derived_forecast_trace,not_required_for_public_post_extraction_replay,not_redistributed_no_rights_grant,absent
NVDA:FY2020_Q1,NVDA,FY2020_Q1,explicit_numeric,2220000000.0,2200000000.0,2200000000.0,2200000000.0,2200000000.0,0.0,0.0,0.0,0.0,0.0,0.0,0.0,0.0,0,0.0,0.0,0.0,0.0,0.0,0,not_no_guidance_current_kept,0,,"[""355eb4c4ad5e72f2d9b7"",""9d577df60fcf4f1250f4"",""8d20c1debffb37bca882"",""e23d619938c4ba468a61"",""28dd8478cab9a34a4664""]",5,included_in_public_release,author_created_derived_forecast_trace,not_required_for_public_post_extraction_replay,not_redistributed_no_rights_grant,absent
NVDA:FY2020_Q2,NVDA,FY2020_Q2,explicit_numeric,2579000000.0,2550000000.0,2550000000.0,2550000000.0,2550000000.0,0.0,0.0,0.0,0.0,0.0,0.0,0.0,0.0,0,0.0,0.0,0.0,0.0,0.0,0,not_no_guidance_current_kept,0,,"[""d429d3f1d5bef0e191cd"",""32cf29a0dd341646b6d4"",""dd4c97071f80cc00d2b9""]",3,included_in_public_release,author_created_derived_forecast_trace,not_required_for_public_post_extraction_replay,not_redistributed_no_rights_grant,absent
NVDA:FY2020_Q3,NVDA,FY2020_Q3,explicit_numeric,3014000000.0,2900000000.0,2900000000.0,2899121404.608127,2899121404.608127,0.0,0.0,-0.0001452553377712,0.0,-0.0003030098310744,0.1849912101671616,0.0,0.0,0,0.0,0.0,1.0,0.0,0.1539531536863025,0,not_no_guidance_current_kept,0,,"[""40a59919cadc889b34e5"",""755bf98d0eb2da64c3c4""]",2,included_in_public_release,author_created_derived_forecast_trace,not_required_for_public_post_extraction_replay,not_redistributed_no_rights_grant,absent
NVDA:FY2020_Q4,NVDA,FY2020_Q4,explicit_numeric,3105000000.0,2950000000.0,2950000000.0,2893979012.659841,2893979012.659841,0.0,0.0,-0.0091909582132758,0.0,-0.0191727941867552,0.298010621160131,0.0,0.0,0,0.0,0.0,1.0,0.0,0.2480100266286078,0,not_no_guidance_current_kept,0,,"[""0f2dd13bc6c9f4f17270"",""974819fc471ea1ad665e"",""29a7bb5e832b5dd614f9""]",3,included_in_public_release,author_created_derived_forecast_trace,not_required_for_public_post_extraction_replay,not_redistributed_no_rights_grant,absent
NVDA:FY2021_Q1,NVDA,FY2021_Q1,explicit_numeric,3080000000.0,3000000000.0,3000000000.0,3000000000.0,3000000000.0,0.0,0.0,0.0,0.0,0.0,0.0,0.0,0.0,0,0.0,0.0,0.0,0.0,0.0,0,not_no_guidance_current_kept,0,,[],0,included_in_public_release,author_created_derived_forecast_trace,not_required_for_public_post_extraction_replay,not_redistributed_no_rights_grant,absent
NVDA:FY2021_Q2,NVDA,FY2021_Q2,explicit_numeric,3866000000.0,3650000000.0,3650000000.0,3664007731.47364,3664007731.47364,0.0,0.0,0.0018361928867988,0.0,0.0038303893336091,0.3336563641047649,0.0,0.0,0,0.0,0.0,1.0,0.0,0.2776750822648123,0,not_no_guidance_current_kept,0,,"[""16e589115d8efb190dca"",""647407529c30a0f7687f"",""d0006737057a5c29c826"",""03f5569fa53012ff777e""]",4,included_in_public_release,author_created_derived_forecast_trace,not_required_for_public_post_extraction_replay,not_redistributed_no_rights_grant,absent
NVDA:FY2021_Q3,NVDA,FY2021_Q3,explicit_numeric,4726000000.0,4400000000.0,4400000000.0,4436915838.41309,4436915838.41309,0.0016043410276971,0.0714838503218235,0.0041467809662573,0.0,0.0098761429462805,0.4109139392824634,0.0,0.0,0,0.1838994450379272,0.0,0.8161005549620728,0.0,0.4295145363819762,0,not_no_guidance_current_kept,0,,"[""b5d772e3b53e11c91b21"",""52f17d488050e9defd5d"",""b3fc3718a04343757410"",""be0f072bcec930352b6e""]",4,included_in_public_release,author_created_derived_forecast_trace,not_required_for_public_post_extraction_replay,not_redistributed_no_rights_grant,absent
NVDA:FY2021_Q4,NVDA,FY2021_Q4,explicit_numeric,5003000000.0,4800000000.0,4934940206.136885,4899028682.047111,4899028682.047111,-0.0114135673283503,0.0815254809167878,-0.0029712978366323,0.0,-0.0034221347581971,0.1509288605992427,0.0,0.0,0,0.4857032105720006,0.0,0.5142967894279994,0.0,0.2042847940007425,0,not_no_guidance_current_kept,0,,"[""4f5267466a04544a4684"",""f2dfb1eda011538c7b29"",""d192a81aa09d6cb793c3""]",3,included_in_public_release,author_created_derived_forecast_trace,not_required_for_public_post_extraction_replay,not_redistributed_no_rights_grant,absent
NVDA:FY2022_Q1,NVDA,FY2022_Q1,explicit_numeric,5661000000.0,5300000000.0,5483658564.589434,5599102678.132324,5599102678.132324,0.0021021542205954,0.0744136572504574,0.0102320648553941,0.0,0.0241574441950315,0.5445260923030472,0.0,0.0,0,0.1506937709806525,0.0,0.8493062290193475,0.0,0.5460960395078792,0,not_no_guidance_current_kept,0,,"[""5c5dbe5c99524cf2253e"",""7b8a838903784df226c6""]",2,included_in_public_release,author_created_derived_forecast_trace,not_required_for_public_post_extraction_replay,not_redistributed_no_rights_grant,absent
NVDA:FY2022_Q2,NVDA,FY2022_Q2,explicit_numeric,6507000000.0,6300000000.0,6681768347.887053,6805325171.924955,6805325171.924955,0.0032379369957574,0.0906378066848756,0.0330708543733561,0.2811596110684845,0.0135910081626962,0.5041578466488218,0.0,0.0,0,0.1294172351872094,0.3116863239856841,0.5588964408271064,0.0,0.7723088704799829,0,not_no_guidance_current_kept,0,,"[""b328cc0e212b95ddbd64"",""7fabc62ab033518cec33"",""b187ca4a2ce6cf577ab8"",""abb4a86a368cdab0bbf2"",""b0010253272d2960c917""]",5,included_in_public_release,author_created_derived_forecast_trace,not_required_for_public_post_extraction_replay,not_redistributed_no_rights_grant,absent
NVDA:FY2022_Q3,NVDA,FY2022_Q3,explicit_numeric,7103000000.0,6800000000.0,7026727593.84133,6961507849.721051,6961507849.721051,-0.0061579146437058,0.0901643506317265,-0.0194392851950506,0.1188979623391102,-0.0009968082696542,0.1090345049351314,0.0,0.0,0,0.2897565079616563,0.3704891408312164,0.3397543512071272,0.0,0.3151619056523181,0,not_no_guidance_current_kept,0,,"[""bce7790073fb6f714d49"",""1d19135ea3e94f0d2fa4"",""df0e0b0e555b3ce68315"",""ac47131acebc55f99349"",""1284af2a7ad5317c1504""]",5,included_in_public_release,author_created_derived_forecast_trace,not_required_for_public_post_extraction_replay,not_redistributed_no_rights_grant,absent
NVDA:FY2022_Q4,NVDA,FY2022_Q4,explicit_numeric,7643000000.0,7400000000.0,7634001901.245196,7725934516.3904915,7725934516.3904915,0.0005617989629652,0.1282690063372162,0.0037910906509262,0.0,0.0151237852582568,0.5406123693537054,0.0,0.0,0,0.2165364054254183,0.0,0.7834635945745817,0.0,0.6294891992697602,0,not_no_guidance_current_kept,0,,"[""be6dead5ee385ebe9811"",""c267e03473b67681635d""]",2,included_in_public_release,author_created_derived_forecast_trace,not_required_for_public_post_extraction_replay,not_redistributed_no_rights_grant,absent
NVDA:FY2023_Q1,NVDA,FY2023_Q1,explicit_numeric,8288000000.0,8100000000.0,8388621587.860912,8478652344.159606,8478652344.159606,0.0011596547281621,0.0973779076022566,0.0071565036549154,0.1647012025357672,0.0146119226097004,0.4660836916877799,0.0,0.0,0,0.1729566451108358,0.2159453029818223,0.6110980519073418,0.0,0.6319568650729941,0,not_no_guidance_current_kept,0,,"[""ee1ab96401655cdabc30"",""be4fccd2ca7f7a040811"",""26f35bbc4c278d68d4a8"",""cd1077831bfdec5413dc""]",4,included_in_public_release,author_created_derived_forecast_trace,not_required_for_public_post_extraction_replay,not_redistributed_no_rights_grant,absent
NVDA:FY2023_Q2,NVDA,FY2023_Q2,explicit_numeric,6704000000.0,8100000000.0,8155745957.479592,8239293217.943304,8239293217.943304,0.0009642795871749,0.0588017397294686,0.0029060073330056,0.0,0.0117050286509629,0.4170828305264283,0.0,0.0,0,0.1408809774419218,0.0,0.8591190225580783,0.0,0.4432920446792959,0,not_no_guidance_current_kept,0,,"[""2ed037faf6128c68626a"",""6fa086c957fe7eda6e99"",""a61a9753132650936505"",""f1448ff03d4168110854"",""a0ddbcc7786480636d63""]",5,included_in_public_release,author_created_derived_forecast_trace,not_required_for_public_post_extraction_replay,not_redistributed_no_rights_grant,absent
NVDA:FY2023_Q3,NVDA,FY2023_Q3,explicit_numeric,5931000000.0,5900000000.0,5131821243.836966,5173225408.563532,5173225408.563532,-0.0077503911499958,0.0807199549766664,-0.0017647853229568,0.1153137948701016,0.0192880986459556,0.4967882612497418,0.0,0.0,0,0.3157980403564608,0.1288966825633554,0.5553052770801837,0.0,0.447310949269088,0,not_no_guidance_current_kept,0,,"[""35764087ea7fcb06e8b9"",""2eb73adac435b9915761""]",2,included_in_public_release,author_created_derived_forecast_trace,not_required_for_public_post_extraction_replay,not_redistributed_no_rights_grant,absent
NVDA:FY2023_Q4,NVDA,FY2023_Q4,explicit_numeric,6051000000.0,6000000000.0,6008693219.516594,6028558274.858347,6028558274.858347,0.0013881723319381,0.0841596872641415,-0.0134935475374273,0.1931883471253465,0.0112510273477421,0.4789372437532547,0.0,0.0,0,0.3047104888419961,0.1998463282116958,0.4954431829463081,0.0,0.4833422481515482,0,not_no_guidance_current_kept,0,,"[""d1fa61c08476d3b364a1"",""e68b115d5851f80909da"",""5350b978c713aa55e8ab"",""af3af038953dbc8e5dcb""]",4,included_in_public_release,author_created_derived_forecast_trace,not_required_for_public_post_extraction_replay,not_redistributed_no_rights_grant,absent
NVDA:FY2024_Q1,NVDA,FY2024_Q1,explicit_numeric,7192000000.0,6500000000.0,6501827218.055378,6625311785.612612,6625311785.612612,0.0074981510098014,0.1444541440264256,0.0209603913011316,0.1878862878350985,0.0229562762870251,0.6150295277062278,0.0,0.0,0,0.2451487707714923,0.1766389359660153,0.5782122932624923,0.0,0.7237558822533016,0,not_no_guidance_current_kept,0,,"[""0924d73cb06801abf61c"",""50d38140a81c9783ab00"",""6323c6c67d1a87b18a69"",""bc56bb72c941b33d5ed4""]",4,included_in_public_release,author_created_derived_forecast_trace,not_required_for_public_post_extraction_replay,not_redistributed_no_rights_grant,absent
NVDA:FY2024_Q2,NVDA,FY2024_Q2,explicit_numeric,13507000000.0,11000000000.0,11024764192.40412,11147414595.719582,11147414595.719582,0.0170839535276918,0.1431339931300236,0.014464102646497,0.3578138733220039,0.0028153926751048,0.2650865183833138,0.0,0.0,0,0.2054566471227095,0.4564110705356103,0.3381322823416802,0.0,0.730563562093735,0,not_no_guidance_current_kept,0,,"[""e41dc203cb88c513673f"",""fcac3c35aaa45d6c7e20""]",2,included_in_public_release,author_created_derived_forecast_trace,not_required_for_public_post_extraction_replay,not_redistributed_no_rights_grant,absent
NVDA:FY2024_Q3,NVDA,FY2024_Q3,explicit_numeric,18120000000.0,16000000000.0,17818508713.909157,18354665149.34534,18354665149.34534,0.0197348545784914,0.1409632469892243,0.0509818077929278,0.4287409386199108,0.0155029117743155,0.5278277221066923,0.0,0.0,0,0.1507089426061796,0.3806583469208949,0.4686327104729254,0.0,1.0064401075358351,0,not_no_guidance_current_kept,0,,"[""ca4ca5efe926f2039ff9"",""48e83abcadc9d013cba4"",""673ff3dcf95ec2a082cc""]",3,included_in_public_release,author_created_derived_forecast_trace,not_required_for_public_post_extraction_replay,not_redistributed_no_rights_grant,absent
NVDA:FY2024_Q4,NVDA,FY2024_Q4,explicit_numeric,22103000000.0,20000000000.0,21425935976.298817,21641445242.54405,21641445242.54405,0.0139142845792037,0.166210661650707,0.0153639489578883,0.3402335673815563,0.0048053998159889,0.5013395143894978,0.0,0.0,0,0.1929752864093114,0.3262662544911769,0.4807584590995116,0.0,0.9286532979286308,0,not_no_guidance_current_kept,0,,"[""d408de11f95bbee92265"",""694ff03d601b8adec535"",""99729dde794afd3ffb90"",""bdb147b52c826747a6ae""]",4,included_in_public_release,author_created_derived_forecast_trace,not_required_for_public_post_extraction_replay,not_redistributed_no_rights_grant,absent
NVDA:FY2025_Q1,NVDA,FY2025_Q1,explicit_numeric,26044000000.0,24000000000.0,25667013530.20865,25978597250.654312,25978597250.654312,0.0043643142318212,0.1126677200243426,0.0127662981125501,0.1365787617063379,0.015148826807433,0.452403530375758,0.0,0.0,0,0.2472602865641791,0.1745523750549669,0.5781873383808539,0.0,0.5516644167322328,0,not_no_guidance_current_kept,0,,"[""1cd504e9bb6beba374f6"",""6df46a8f52218c7fd951"",""1c757ce4d9ec90c03dee""]",3,included_in_public_release,author_created_derived_forecast_trace,not_required_for_public_post_extraction_replay,not_redistributed_no_rights_grant,absent
NVDA:FY2025_Q2,NVDA,FY2025_Q2,explicit_numeric,30040000000.0,28000000000.0,29918284593.2841,30086496060.385216,30086496060.385216,0.0097265846437388,0.1055399330731716,0.0090311140853316,0.11748525248182,0.0027538669408708,0.3246720734717682,0.0,0.0,0,0.2233503295685281,0.2063629329759006,0.570286737455571,0.0,0.5085532377671017,0,not_no_guidance_current_kept,0,,"[""2ff2df5fa0825de27b23"",""aa245a1b90c9dd42f260"",""7731b0474c2254e2dcce"",""a38f721fe79e6e5c810c""]",4,included_in_public_release,author_created_derived_forecast_trace,not_required_for_public_post_extraction_replay,not_redistributed_no_rights_grant,absent
NVDA:FY2025_Q3,NVDA,FY2025_Q3,explicit_numeric,35082000000.0,32500000000.0,34812157221.81209,35237975989.11645,35237975989.11645,0.0050093715788997,0.0954381042543049,0.0166783835937653,0.4068948493785587,0.0106814912395321,0.5550258680355684,0.0,0.0,0,0.1291901188208024,0.3683547396632529,0.5024551415159447,0.0,0.8570212791690627,0,not_no_guidance_current_kept,0,,"[""833bd95d9bd5d6173852"",""6fadd4b71a54a176c8d9""]",2,included_in_public_release,author_created_derived_forecast_trace,not_required_for_public_post_extraction_replay,not_redistributed_no_rights_grant,absent
NVDA:FY2025_Q4,NVDA,FY2025_Q4,explicit_numeric,39331000000.0,37500000000.0,40127933962.72265,40338791230.56822,40338791230.56822,0.0004512401227692,0.0932350394617182,0.0042630032707536,0.119949889631412,0.0067876419156942,0.5039830006629005,0.0,0.0,0,0.1814063722312631,0.157373039362487,0.6612205884062498,0.0,0.5946549165469633,0,not_no_guidance_current_kept,0,,"[""d65275ca1652ae20eff3"",""8d570d789602bf26df5f"",""adb85f21b2ac5a7cb2cd""]",3,included_in_public_release,author_created_derived_forecast_trace,not_required_for_public_post_extraction_replay,not_redistributed_no_rights_grant,absent
ORCL:FY2019_Q1,ORCL,FY2019_Q1,derived_weak_numeric,9193000000.0,9370740000.0,9370740000.0,9370740000.0,9370740000.0,0.0,0.0,0.0,0.0,0.0,0.0,0.0,0.0,0,0.0,0.0,0.0,0.0,0.0,0,not_no_guidance_current_kept,0,,"[""98d247f9520ad1ce05f3""]",1,included_in_public_release,author_created_derived_forecast_trace,not_required_for_public_post_extraction_replay,not_redistributed_no_rights_grant,absent
ORCL:FY2019_Q2,ORCL,FY2019_Q2,derived_weak_numeric,9562000000.0,9717210000.0,9717210000.0,9717210000.0,9717210000.0,0.0,0.0,0.0,0.0,0.0,0.0,0.0,0.0,0,0.0,0.0,0.0,0.0,0.0,0,not_no_guidance_current_kept,0,,"[""e983d3f6b15c252910ba"",""9258a2a0b43b4993896e""]",2,included_in_public_release,author_created_derived_forecast_trace,not_required_for_public_post_extraction_replay,not_redistributed_no_rights_grant,absent
ORCL:FY2019_Q3,ORCL,FY2019_Q3,derived_weak_numeric,9614000000.0,9848860000.0,9848860000.0,9848860000.0,9848860000.0,0.0,0.0,0.0,0.0,0.0,0.0,0.0,0.0,0,0.0,0.0,0.0,0.0,0.0,0,not_no_guidance_current_kept,0,,"[""d0fda6a6cdfdf8570419"",""bfd9033e225a23089924""]",2,included_in_public_release,author_created_derived_forecast_trace,not_required_for_public_post_extraction_replay,not_redistributed_no_rights_grant,absent
ORCL:FY2019_Q4,ORCL,FY2019_Q4,derived_weak_numeric,11137000000.0,9806280000.0,9806280000.0,9806280000.0,9806280000.0,0.0,0.0,0.0,0.0,0.0,0.0,0.0,0.0,0,0.0,0.0,0.0,0.0,0.0,0,not_no_guidance_current_kept,0,,"[""0ee2333620b30142ee5b""]",1,included_in_public_release,author_created_derived_forecast_trace,not_required_for_public_post_extraction_replay,not_redistributed_no_rights_grant,absent
ORCL:FY2020_Q1,ORCL,FY2020_Q1,derived_weak_numeric,9218000000.0,9376860000.0,9193000000.0,9193000000.0,9193000000.0,0.0,0.0,0.0,0.0,0.0,0.0,0.0,0.0,0,0.0,0.0,0.0,0.0,0.0,0,not_no_guidance_current_kept,0,,"[""e89e042f782bf64d5e5e"",""65575e420fa4c2c6abc4"",""93e8aac228f3fa91fa21""]",3,included_in_public_release,author_created_derived_forecast_trace,not_required_for_public_post_extraction_replay,not_redistributed_no_rights_grant,absent
ORCL:FY2020_Q2,ORCL,FY2020_Q2,derived_weak_numeric,9614000000.0,9402360000.0,9562000000.0,9562000000.0,9562000000.0,0.0,0.0,0.0,0.0,0.0,0.0,0.0,0.0,0,0.0,0.0,0.0,0.0,0.0,0,not_no_guidance_current_kept,0,,"[""1be57584b13697d08a03""]",1,included_in_public_release,author_created_derived_forecast_trace,not_required_for_public_post_extraction_replay,not_redistributed_no_rights_grant,absent
ORCL:FY2020_Q3,ORCL,FY2020_Q3,derived_weak_numeric,9796000000.0,9806280000.0,9614000000.0,9614000000.0,9614000000.0,0.0,0.0,-0.0033686885668461,0.0,-0.0045677133109777,0.3128637283591328,0.0,0.0,0,0.0,0.0,1.0,0.0,0.2321057784764316,0,not_no_guidance_current_kept,0,,"[""5f248e4807dd064b2e59"",""57fbb808a34207f3df99"",""80b069f5514cd0b5ae33"",""1e41bdfcaeae963c4bf2""]",4,included_in_public_release,author_created_derived_forecast_trace,not_required_for_public_post_extraction_replay,not_redistributed_no_rights_grant,absent
ORCL:FY2020_Q4,ORCL,FY2020_Q4,no_total_revenue_guidance_but_forward_commentary,10440000000.0,9796000000.0,11137000000.0,11137000000.0,11137000000.0,0.0,0.0,0.0,0.0,0.0,0.0,0.0,0.0,0,0.0,0.0,0.0,0.0,0.0,0,not_no_guidance_current_kept,0,,[],0,included_in_public_release,author_created_derived_forecast_trace,not_required_for_public_post_extraction_replay,not_redistributed_no_rights_grant,absent
ORCL:FY2021_Q1,ORCL,FY2021_Q1,derived_weak_numeric,9367000000.0,9218000000.0,9218000000.0,9218000000.0,9218000000.0,0.0,0.0,0.0003285337547865,0.0,0.0004454694980156,0.1753694101850073,0.0,0.0,0,0.0,0.0,1.0,0.0,0.1301021811810023,0,not_no_guidance_current_kept,0,,"[""1e3e524986a38ffc6372"",""5076a6e1d0a35fc410a2""]",2,included_in_public_release,author_created_derived_forecast_trace,not_required_for_public_post_extraction_replay,not_redistributed_no_rights_grant,absent
ORCL:FY2021_Q2,ORCL,FY2021_Q2,none,9800000000.0,9367000000.0,9614000000.0,9601231256.984642,9816616165.392874,0.0,0.0,0.0,0.0,-0.0013290232861675,0.2747533094757844,0.0,0.0,0,0.0,0.0,1.0,0.0,0.2060649821068383,1,prior_signed_error_strength_active,43,0.1206553423479563,"[""d97c57e21606a239818d"",""854f7d3154ff87c96f70"",""b20e0e578a2a1e476160"",""944bed726a9371a4be32"",""6e5f9d21f0e1bd4963f2""]",5,included_in_public_release,author_created_derived_forecast_trace,not_required_for_public_post_extraction_replay,not_redistributed_no_rights_grant,absent
ORCL:FY2021_Q3,ORCL,FY2021_Q3,derived_weak_numeric,10085000000.0,10089880000.0,9796000000.0,9796000000.0,9796000000.0,-9.803955903888882e-05,0.0609422078019966,0.0051700687856183,0.0,0.0088572181958818,0.2345457982784957,0.0,0.0,0,0.2723013383625124,0.0,0.7276986616374876,0.0,0.2564636296394869,0,not_no_guidance_current_kept,0,,"[""5c3b20f03db9e48ba9b8"",""afb164669f897b45f4b0""]",2,included_in_public_release,author_created_derived_forecast_trace,not_required_for_public_post_extraction_replay,not_redistributed_no_rights_grant,absent
ORCL:FY2021_Q4,ORCL,FY2021_Q4,none,11227000000.0,10085000000.0,10440000000.0,10707789162.2076,10910385650.48974,0.0025784663020789,0.123155925738715,0.0,0.0,0.0342714681327064,0.5637892356522431,0.0,0.0,0,0.2822268119635562,0.0,0.7177731880364439,0.0,0.5891024264864477,1,prior_signed_error_strength_active,53,0.1235701827835939,"[""a6e863d36e8846a6fe4c"",""8fda301e9517970ed18c"",""c78f1430755fbd795558""]",3,included_in_public_release,author_created_derived_forecast_trace,not_required_for_public_post_extraction_replay,not_redistributed_no_rights_grant,absent
ORCL:FY2022_Q1,ORCL,FY2022_Q1,derived_weak_numeric,9728000000.0,11451540000.0,9367000000.0,9367000000.0,9367000000.0,0.000165983702864,0.1181068457791734,0.0089000165545035,0.0,0.0152568915429417,0.4407827789524978,0.0,0.0,0,0.2783908080669746,0.0,0.7216091919330254,0.0,0.4861190550135568,0,not_no_guidance_current_kept,0,,"[""7eb95519ef676b3ebdf7""]",1,included_in_public_release,author_created_derived_forecast_trace,not_required_for_public_post_extraction_replay,not_redistributed_no_rights_grant,absent
ORCL:FY2022_Q2,ORCL,FY2022_Q2,none,10360000000.0,9728000000.0,9800000000.0,9925828116.696402,9972700454.264938,0.0019812316714743,0.1283125473649838,0.0062049792607979,0.4351643557436245,0.0212211085094955,0.5322568270713869,0.0,0.0,0,0.1368560926862674,0.3882584638546607,0.4748854434590719,0.0,1.0061085460449477,1,prior_signed_error_strength_active,61,0.1106085018865648,"[""c704a7752494c7704ef9"",""a1c153a535d0bd8aeeb8""]",2,included_in_public_release,author_created_derived_forecast_trace,not_required_for_public_post_extraction_replay,not_redistributed_no_rights_grant,absent
ORCL:FY2022_Q3,ORCL,FY2022_Q3,derived_weak_numeric,10513000000.0,10790950000.0,10085000000.0,10085000000.0,10085000000.0,0.0063190363508476,0.1139687914145784,0.00140393023462,0.0,-0.0007789965836239,0.1875837871009413,0.0,0.0,0,0.6801501704628593,0.0,0.3198498295371406,0.0,0.2932372785259829,0,not_no_guidance_current_kept,0,,"[""b4e42cbfb4909edc0b06"",""f3ddc0324ad57ffaba09"",""983a07328b2565f5f055"",""e96082bbee2f37e8bb24""]",4,included_in_public_release,author_created_derived_forecast_trace,not_required_for_public_post_extraction_replay,not_redistributed_no_rights_grant,absent
ORCL:FY2022_Q4,ORCL,FY2022_Q4,derived_weak_numeric,11839000000.0,12012890000.0,11227000000.0,11227000000.0,11227000000.0,0.0077502637587501,0.0784281462456131,0.0226317071687117,0.0,0.0342801182927517,0.5006572652651183,0.0,0.0,0,0.1918211314528801,0.0,0.8081788685471198,0.0,0.4763432250107606,0,not_no_guidance_current_kept,0,,"[""99af8eaac5ea7bc392f5""]",1,included_in_public_release,author_created_derived_forecast_trace,not_required_for_public_post_extraction_replay,not_redistributed_no_rights_grant,absent
ORCL:FY2023_Q1,ORCL,FY2023_Q1,derived_weak_numeric,11445000000.0,13970020000.0,9728000000.0,9728000000.0,9728000000.0,0.0019112573401619,0.1206781540413942,0.0073681157433877,0.2404891304347826,0.0134926356890563,0.2784169983815017,0.0,0.0,0,0.2462882218935072,0.3493107520791262,0.4044010260273665,0.0,0.5568811312998767,0,not_no_guidance_current_kept,0,,"[""dee87f44ccc1f9000a2f""]",1,included_in_public_release,author_created_derived_forecast_trace,not_required_for_public_post_extraction_replay,not_redistributed_no_rights_grant,absent
ORCL:FY2023_Q2,ORCL,FY2023_Q2,derived_weak_numeric,12275000000.0,12017600000.0,10360000000.0,10360000000.0,10360000000.0,0.0163095332486105,0.1619094013868918,0.0164906080149987,0.4916666666666667,0.0108747189451197,0.3915233391621762,0.0,0.0,0,0.2172972317861931,0.435726014219677,0.3469767539941297,0.0,0.8679455224309086,0,not_no_guidance_current_kept,0,,"[""eb0b4209852cb76beaa6""]",1,included_in_public_release,author_created_derived_forecast_trace,not_required_for_public_post_extraction_replay,not_redistributed_no_rights_grant,absent
ORCL:FY2023_Q3,ORCL,FY2023_Q3,derived_weak_numeric,12398000000.0,12405340000.0,10513000000.0,10513000000.0,10513000000.0,0.0283705079891121,0.2026464856365155,0.0437808412518187,0.5015000000000001,0.0244880574659783,0.5309510997029079,0.0,0.0,0,0.2176386742077098,0.3800220707767516,0.4023392550155384,0.0,1.0613149960335222,0,not_no_guidance_current_kept,0,,"[""cd72c98a5b15714c7533"",""d8a00514b037c9ec6ddf""]",2,included_in_public_release,author_created_derived_forecast_trace,not_required_for_public_post_extraction_replay,not_redistributed_no_rights_grant,absent
ORCL:FY2023_Q4,ORCL,FY2023_Q4,derived_weak_numeric,13836000000.0,13733240000.0,13733240000.0,13733240000.0,13733240000.0,0.0313235971587533,0.2237399797053809,0.0405561365566705,0.2836538461538461,0.0160862546890502,0.2848010055994768,0.0,0.0,0,0.3343816142222236,0.3321375736599597,0.3334808121178167,0.0,0.7354654692830247,0,not_no_guidance_current_kept,0,,"[""cc849eee5f4dc2b63504"",""b97f21cb00c9b2443838"",""d7d57e802395e979ebb5""]",3,included_in_public_release,author_created_derived_forecast_trace,not_required_for_public_post_extraction_replay,not_redistributed_no_rights_grant,absent
ORCL:FY2024_Q1,ORCL,FY2024_Q1,derived_weak_numeric,12453000000.0,12475050000.0,12475050000.0,12475050000.0,12475050000.0,0.0195993664396814,0.2041676045418838,0.0221346856718088,0.5189814814814815,0.0261865070198781,0.5360507529400841,0.0,0.0,0,0.2497548427533814,0.3690535042236225,0.3811916530229961,0.0,0.9902183376956564,0,not_no_guidance_current_kept,0,,"[""7d70fd2125316c1907a2"",""9229fd3b740715c706ba""]",2,included_in_public_release,author_created_derived_forecast_trace,not_required_for_public_post_extraction_replay,not_redistributed_no_rights_grant,absent
ORCL:FY2024_Q2,ORCL,FY2024_Q2,derived_weak_numeric,12941000000.0,13011500000.0,13011500000.0,13011500000.0,13011500000.0,0.0028783435425796,0.1155704284026853,0.0121245490317307,0.1975446428571428,0.0152366796743529,0.2977952038066884,0.0,0.0,0,0.2793899305296299,0.2873838229884918,0.4332262464818783,0.0,0.495943596211418,0,not_no_guidance_current_kept,0,,"[""7f8fe9f54350ba541604"",""6ec28edccbb2a7de73e5""]",2,included_in_public_release,author_created_derived_forecast_trace,not_required_for_public_post_extraction_replay,not_redistributed_no_rights_grant,absent
ORCL:FY2024_Q3,ORCL,FY2024_Q3,none,13280000000.0,12941000000.0,12907000000.0,13116220544.566088,13190269435.51002,-0.0046795323487304,0.1147065971472905,0.0288049836816411,0.3035995981440131,0.0151278826965842,0.5911376108727927,0.0,0.0,0,0.1508850988856094,0.2881191708118404,0.5609957303025502,0.0,0.8600390746489336,1,prior_signed_error_strength_active,86,0.0769063466162093,"[""1abecde0b91dadac7915"",""050477707806b226688b"",""f38d379e4d6fb9da7fa3"",""f161726501d3d3f576b0""]",4,included_in_public_release,author_created_derived_forecast_trace,not_required_for_public_post_extraction_replay,not_redistributed_no_rights_grant,absent
ORCL:FY2024_Q4,ORCL,FY2024_Q4,derived_weak_numeric,14287000000.0,14209600000.0,14209600000.0,14209600000.0,14209600000.0,0.0041831140555469,0.1223008101239642,0.0326123797922407,0.3256228373702421,0.0137958950986738,0.3679973480605766,0.0,0.0,0,0.1862334073705841,0.3820260603928652,0.4317405322365506,0.0,0.7261582523052874,0,not_no_guidance_current_kept,0,,"[""6d2bdc9e7156f56007dc"",""04222518db9714d06afe"",""1c811dc490a14bd158bf""]",3,included_in_public_release,author_created_derived_forecast_trace,not_required_for_public_post_extraction_replay,not_redistributed_no_rights_grant,absent
ORCL:FY2025_Q1,ORCL,FY2025_Q1,derived_weak_numeric,13307000000.0,13200180000.0,13200180000.0,13200180000.0,13200180000.0,0.0063450980216234,0.1496252665921245,0.0188522583627845,0.3039874551971326,0.005924742285511,0.3961077345253919,0.0,0.0,0,0.2057200805780995,0.3448832886781349,0.4493966307437654,0.0,0.7844690449776538,0,not_no_guidance_current_kept,0,,"[""d96137918c96042e75b0"",""965b84ca063031020afb"",""7f2049f5c224906cceba""]",3,included_in_public_release,author_created_derived_forecast_trace,not_required_for_public_post_extraction_replay,not_redistributed_no_rights_grant,absent
ORCL:FY2025_Q2,ORCL,FY2025_Q2,derived_weak_numeric,14059000000.0,13976280000.0,13976280000.0,13976280000.0,13976280000.0,0.0042968923507242,0.1896308014060636,0.0103258355799173,0.5531250000000001,0.0161626960442396,0.4861695806263842,0.0,0.0,0,0.2141734569296545,0.4182262803427826,0.3676002627275628,0.0,1.0268223042084386,0,not_no_guidance_current_kept,0,,"[""99a2437a9ce013b317a5""]",1,included_in_public_release,author_created_derived_forecast_trace,not_required_for_public_post_extraction_replay,not_redistributed_no_rights_grant,absent
ORCL:FY2025_Q3,ORCL,FY2025_Q3,none,14130000000.0,25000000000.0,13733250000.0,14091377808.512411,14110989243.274529,-0.0033979333040534,0.1465830528030393,0.0323958330982635,0.4072383169654142,0.0354499980645271,0.5157163399743206,0.0,0.0,0,0.2229097891921301,0.3428780679529736,0.4342121428548962,0.0,0.8078228934846281,1,prior_signed_error_strength_active,100,0.0662441877183573,"[""19fc8322307bc6937d0f"",""b5d5873d9cb38065661a"",""bd3ed1f0cccb005e3a9f""]",3,included_in_public_release,author_created_derived_forecast_trace,not_required_for_public_post_extraction_replay,not_redistributed_no_rights_grant,absent
ORCL:FY2025_Q4,ORCL,FY2025_Q4,derived_weak_numeric,15903000000.0,15572830000.000002,15572830000.000002,15572830000.000002,15572830000.000002,0.004916014902175,0.1453841925780501,0.0027747909945308,0.0,0.0031717958092032,0.2839552303179574,0.0,0.0,0,0.4735033360473638,0.0,0.5264966639526362,0.0,0.3741914660218745,0,not_no_guidance_current_kept,0,,"[""7d5471446ea3d2505af8"",""ab5eb8d8170855a9c7e1""]",2,included_in_public_release,author_created_derived_forecast_trace,not_required_for_public_post_extraction_replay,not_redistributed_no_rights_grant,absent
TSLA:FY2019_Q1,TSLA,FY2019_Q1,none,4541000000.0,7226000000.0,3409000000.0,3409000000.0,3409000000.0,0.0,0.0,0.0,0.0,0.0,0.0,0.0,0.0,0,0.0,0.0,0.0,0.0,0.0,0,insufficient_prior_no_guidance_history_current_kept,0,,"[""90a791a5f5c5e895d706"",""d376ed05f7feb4393de4"",""d325e7dd7d9a3209ad2c"",""bffa46de03e979b81355"",""bc34fed806eca57b92b5"",""8548c41df5111ffef02c""]",6,included_in_public_release,author_created_derived_forecast_trace,not_required_for_public_post_extraction_replay,not_redistributed_no_rights_grant,absent
TSLA:FY2019_Q2,TSLA,FY2019_Q2,none,6350000000.0,4541000000.0,4002000000.0,4002000000.0,4002000000.0,0.0,0.0,0.0,0.0,0.0,0.0,0.0,0.0,0,0.0,0.0,0.0,0.0,0.0,0,insufficient_prior_no_guidance_history_current_kept,5,,"[""2e58c8afda1c4a3a75d5"",""5bec716fc5d9f157a135"",""388dc8cbc22635bf32ad"",""55b1d90c8748d096c18a""]",4,included_in_public_release,author_created_derived_forecast_trace,not_required_for_public_post_extraction_replay,not_redistributed_no_rights_grant,absent
TSLA:FY2019_Q3,TSLA,FY2019_Q3,none,6303000000.0,6350000000.0,6824000000.0,6824000000.0,6939350046.824144,0.0,0.0,0.0,0.0,0.0,0.0,0.0,0.0,0,0.0,0.0,0.0,0.0,0.0,1,prior_signed_error_strength_active,8,0.2095735134835755,"[""1f1655670330f6a39b65"",""a9747d489fc56932e243""]",2,included_in_public_release,author_created_derived_forecast_trace,not_required_for_public_post_extraction_replay,not_redistributed_no_rights_grant,absent
TSLA:FY2019_Q4,TSLA,FY2019_Q4,none,7384000000.0,6303000000.0,7226000000.0,7226000000.0,7226000000.0,0.0,0.0,0.0,0.0,0.0,0.0,0.0,0.0,0,0.0,0.0,0.0,0.0,0.0,0,prior_signed_error_strength_active,14,0.1808792808408042,"[""8499a975822f75de5f6f""]",1,included_in_public_release,author_created_derived_forecast_trace,not_required_for_public_post_extraction_replay,not_redistributed_no_rights_grant,absent
TSLA:FY2020_Q1,TSLA,FY2020_Q1,none,5985000000.0,7384000000.0,6144500000.0,6144500000.0,7315115731.334465,0.0,0.0,0.0,0.0,0.0,0.0,0.0,0.0,0,0.0,0.0,0.0,0.0,0.0,1,prior_signed_error_strength_active,20,0.1641825725209362,"[""142bbda1336b66830920"",""3c6c80f5631c8b16c409"",""941b4e6c6130d9c7209f"",""9aea9ddbde9d3eb0c0c8"",""5facde595d6c414a1aa3"",""6e6b880640cfabb31821""]",6,included_in_public_release,author_created_derived_forecast_trace,not_required_for_public_post_extraction_replay,not_redistributed_no_rights_grant,absent
TSLA:FY2020_Q2,TSLA,FY2020_Q2,none,6036000000.0,5985000000.0,6505500000.0,6505500000.0,6975455860.882504,0.0,0.0,0.0,0.0,0.0,0.0,0.0,0.0,0,0.0,0.0,0.0,0.0,0.0,1,prior_signed_error_strength_active,26,0.1297006221051704,"[""c34d1817b5c092f57fc7"",""4d40f89303a464096dc2"",""0bdbd09d617a12b234a2"",""a3a8c41e23f5e9bc76bf"",""8221626bb656ec1b8c82""]",5,included_in_public_release,author_created_derived_forecast_trace,not_required_for_public_post_extraction_replay,not_redistributed_no_rights_grant,absent
TSLA:FY2020_Q3,TSLA,FY2020_Q3,none,8771000000.0,6036000000.0,6427000000.0,6474746928.631306,6474746928.631306,0.0,0.0,0.0,0.0,0.0074016560513725,0.0600031648573702,0.0,0.0,0,0.0,0.0,1.0,0.0,0.0450023736430276,0,prior_signed_error_strength_active,31,0.1085595699112108,"[""0c894d4287a817b1e77c""]",1,included_in_public_release,author_created_derived_forecast_trace,not_required_for_public_post_extraction_replay,not_redistributed_no_rights_grant,absent
TSLA:FY2020_Q4,TSLA,FY2020_Q4,none,10744000000.0,8771000000.0,7044000000.0,7131414474.652271,7774589819.66568,0.0,0.0,0.0,0.0,0.0123334076585251,0.1052348403792119,0.0,0.0,0,0.0,0.0,1.0,0.0,0.0789261302844089,1,prior_signed_error_strength_active,35,0.1108398626241852,"[""32b8147d876085fdfdc1"",""3e750af23969fbc52e67"",""962b55fe3cc3c8870134"",""f9c457ee893edc15b49a""]",4,included_in_public_release,author_created_derived_forecast_trace,not_required_for_public_post_extraction_replay,not_redistributed_no_rights_grant,absent
TSLA:FY2021_Q1,TSLA,FY2021_Q1,none,10389000000.0,10744000000.0,7884000000.0,8131112007.566195,8999018049.057117,0.0,0.0,0.0,0.0,0.0308623032143718,0.1213355997867029,0.0,0.0,0,0.0,0.0,1.0,0.0,0.0910016998400272,1,prior_signed_error_strength_active,38,0.120560685766804,"[""ee74e69a53c5c55bdc16"",""56eeb663c7110df27a11"",""4e17c9e61b5a94f87d46"",""a54dac7850f322035228""]",4,included_in_public_release,author_created_derived_forecast_trace,not_required_for_public_post_extraction_replay,not_redistributed_no_rights_grant,absent
TSLA:FY2021_Q2,TSLA,FY2021_Q2,none,11958000000.0,10389000000.0,8985000000.0,9099323918.727072,10120657444.139936,0.0,0.0,0.0,0.0,0.0126435958819215,0.064577921843433,0.0,0.0,0,0.0,0.0,1.0,0.0,0.0484334413825747,1,prior_signed_error_strength_active,43,0.1206553423479563,"[""b1d9c7411fb4b404f3b5"",""70fc2ac26e6fc44026f1"",""0e032ab3edda9b270b18"",""31330ac5387a3355c4b2""]",4,included_in_public_release,author_created_derived_forecast_trace,not_required_for_public_post_extraction_replay,not_redistributed_no_rights_grant,absent
TSLA:FY2021_Q3,TSLA,FY2021_Q3,none,13757000000.0,11958000000.0,10465500000.0,10698611824.061134,12008089466.831076,0.0226070155668365,0.1614786826202608,0.0,0.0,0.0202868736436065,0.096245998089052,0.0,0.0,0,0.7512429545943534,0.0,0.2487570454056465,0.0,0.2901807201041412,1,prior_signed_error_strength_active,49,0.1218179120040395,"[""0801dc39aabe6336df1b"",""ed0735edb768abe803b6"",""05393160a43d8f108970"",""41b391d7a55652a211f7""]",4,included_in_public_release,author_created_derived_forecast_trace,not_required_for_public_post_extraction_replay,not_redistributed_no_rights_grant,absent
TSLA:FY2021_Q4,TSLA,FY2021_Q4,none,17719000000.0,13757000000.0,13757000000.0,14171152631.477646,14171152631.477646,0.0205345196632529,0.1466751404518068,0.0,0.0,0.0413312632759281,0.2064516911431841,0.0,0.0,0,0.5611770522982782,0.0,0.4388229477017217,0.0,0.3528502079673273,0,prior_signed_error_strength_active,53,0.1235701827835939,"[""5190925b57fa285467f1"",""863af10ac52b44193336""]",2,included_in_public_release,author_created_derived_forecast_trace,not_required_for_public_post_extraction_replay,not_redistributed_no_rights_grant,absent
TSLA:FY2022_Q1,TSLA,FY2022_Q1,none,18756000000.0,17719000000.0,19905276885.655186,21737504530.27449,22460782721.01735,0.0271343054282226,0.1938164673444476,0.1697398428894336,0.3030099329151308,0.0415791833580917,0.2376794475262271,0.0,0.0,0,0.2938288042587285,0.3957482695027109,0.3104229262385604,0.0,0.7000188628612909,1,prior_signed_error_strength_active,59,0.1170217421408564,"[""382706b60e7b6e9714d9"",""7148110fd33aca15b4c9"",""b1d9b8e4761c14d9244f"",""7860f802a2a1096c4377"",""c4e03d4a408f282dc055""]",5,included_in_public_release,author_created_derived_forecast_trace,not_required_for_public_post_extraction_replay,not_redistributed_no_rights_grant,absent
TSLA:FY2022_Q2,TSLA,FY2022_Q2,none,16934000000.0,18756000000.0,20788657362.32409,21326742065.815693,21636248421.76217,0.0211008137126409,0.1507200979474351,0.0314972353434427,0.117892772622166,0.0283261709198771,0.1800743457690227,0.0,0.0,0,0.4748298412163574,0.2077872432760945,0.3173829155075481,0.0,0.388784726518002,1,prior_signed_error_strength_active,61,0.1106085018865648,"[""bc5284952797827c6dc2"",""e763bd28e9a642831c88"",""faa7c4b3ad2736e79b71"",""8cf602ee6b799c4a5cd9""]",4,included_in_public_release,author_created_derived_forecast_trace,not_required_for_public_post_extraction_replay,not_redistributed_no_rights_grant,absent
TSLA:FY2022_Q3,TSLA,FY2022_Q3,none,21454000000.0,16934000000.0,16934000000.0,17352371484.683517,17686973243.256973,0.0172774779059307,0.1392498398261176,0.0,0.0,0.0332731190395409,0.201491322085615,0.0,0.0,0,0.554361787506017,0.0,0.4456382124939831,0.0,0.33910577532947,1,prior_signed_error_strength_active,65,0.1014683459800075,"[""636cacb49447f7a42162"",""955d1568c3365799400a"",""e2786e13485f53f2f693"",""06ed714187fb393ff750"",""8a048468b9be71510eb6""]",5,included_in_public_release,author_created_derived_forecast_trace,not_required_for_public_post_extraction_replay,not_redistributed_no_rights_grant,absent
TSLA:FY2022_Q4,TSLA,FY2022_Q4,none,24318000000.0,21454000000.0,21454000000.0,22184282007.45725,24312901763.289665,0.013525429085988,0.1703601918756165,0.0407884955206391,0.1784509010665487,0.0534112197069931,0.2115462158665731,0.0,0.0,0,0.4152015421639574,0.2675861107995461,0.3172123470364965,0.0,0.4886419553644485,1,prior_signed_error_strength_active,68,0.0989495402264964,"[""994d51436615d2c0ca84"",""0342df1300dda19cf3ad"",""1465f59dac9e8a10a477"",""63de1ee06b5ca3ba37f7"",""9bc680ab6a1341081108"",""ce5dbf09522d781cdb2d""]",6,included_in_public_release,author_created_derived_forecast_trace,not_required_for_public_post_extraction_replay,not_redistributed_no_rights_grant,absent
TSLA:FY2023_Q1,TSLA,FY2023_Q1,none,23329000000.0,24318000000.0,26802185087.551643,26466557465.03888,26466557465.03888,0.0069039449087616,0.2296771662617392,0.0,0.0,-0.0281480478125285,0.5186930155295639,0.0,0.0,0,0.44352925084058,0.0,0.5564707491594199,0.0,0.699083936100521,1,prior_signed_error_strength_active,70,0.0974929777525249,"[""fdf78fe5c9bb48726ca6"",""ae1265013db78a1cac82"",""ca33b46e8caeb0bf490a""]",3,included_in_public_release,author_created_derived_forecast_trace,not_required_for_public_post_extraction_replay,not_redistributed_no_rights_grant,absent
TSLA:FY2023_Q2,TSLA,FY2023_Q2,none,24927000000.0,23329000000.0,23329000000.0,23276621652.423664,23659731847.07825,-0.0049585463416738,0.1191250000745006,0.0,0.2586022158240801,0.0,0.0,0.0,0.0,0,0.4533037273547866,0.5466962726452135,0.0,0.0,0.3547704119686359,1,prior_signed_error_strength_active,73,0.089219432528903,[],0,included_in_public_release,author_created_derived_forecast_trace,not_required_for_public_post_extraction_replay,not_redistributed_no_rights_grant,absent
TSLA:FY2023_Q3,TSLA,FY2023_Q3,none,23350000000.0,24927000000.0,26759946988.805782,28126309097.24229,28126309097.24229,0.0228005523903614,0.2754816437069108,0.0058356883654768,0.2514974879909893,0.0920986319829915,0.4440597202010787,0.0,0.0,0,0.2915126646733825,0.2561727245573615,0.4523146107692559,0.0,0.959977199734624,0,proposal_not_upward_current_kept,75,0.0877094814864726,"[""f95130a60a15f7616d8b"",""51978fd0397b09e08318"",""1885f3b2c16df3805178""]",3,included_in_public_release,author_created_derived_forecast_trace,not_required_for_public_post_extraction_replay,not_redistributed_no_rights_grant,absent
TSLA:FY2023_Q4,TSLA,FY2023_Q4,none,25167000000.0,23350000000.0,23350000000.0,24455269269.533222,25239020362.96598,0.0191510702760428,0.1634586895349118,0.0,0.0,0.0733315972360588,0.2943861417344951,0.0,0.0,0,0.4998636617747747,0.0,0.5001363382252253,0.0,0.4414588371730023,1,prior_signed_error_strength_active,76,0.0841066143484113,"[""87906eb39eef093cf047"",""7312d79ba7e3783a3fd5"",""74538e950333b7e6a64b"",""c9a029c72e27d95bafb8""]",4,included_in_public_release,author_created_derived_forecast_trace,not_required_for_public_post_extraction_replay,not_redistributed_no_rights_grant,absent
TSLA:FY2024_Q1,TSLA,FY2024_Q1,none,21301000000.0,25167000000.0,26580302704.84022,27158533420.24682,27840221922.54232,-0.01913502081958,0.3481265013451929,0.0587970623035175,0.4716057420697778,0.0196311258089924,0.1141931635864714,0.0,0.0,0,0.4216574923856254,0.4656028627578636,0.1127396448565111,0.0,0.8945283125139303,1,prior_signed_error_strength_active,78,0.0824250564654368,"[""7f78988a26bb4a942721"",""9e147540b291bfea1ada"",""71475988e462b5e7f9b7"",""ecaada76b40518dff741"",""6687442733951ce00038""]",5,included_in_public_release,author_created_derived_forecast_trace,not_required_for_public_post_extraction_replay,not_redistributed_no_rights_grant,absent
TSLA:FY2024_Q2,TSLA,FY2024_Q2,none,25500000000.0,21301000000.0,21301000000.0,21276087150.15967,22463894384.995186,-0.0177773358618568,0.2548950960237294,0.0063626865052401,0.4077444084108206,0.0149973940211062,0.1501140946183604,0.0,0.0,0,0.3724538724332252,0.4586797963028112,0.1688663312639636,0.0,0.7569530265626646,1,prior_signed_error_strength_active,82,0.0780835127292811,"[""76928dd826d22c179fc5"",""cba6c581b7666812a629"",""49a3921352496e4e36d8""]",3,included_in_public_release,author_created_derived_forecast_trace,not_required_for_public_post_extraction_replay,not_redistributed_no_rights_grant,absent
TSLA:FY2024_Q3,TSLA,FY2024_Q3,none,25182000000.0,25500000000.0,25500000000.0,26050699829.706554,26050699829.706554,0.0260280778856497,0.1862551305173391,0.0,0.0,0.0094048060514612,0.1306659313948792,0.0,0.0,0,0.7195559698455323,0.0,0.2804440301544676,0.0,0.3494438747445674,0,prior_signed_error_strength_active,86,0.0769063466162093,"[""a3101f3e0fa084fbe983"",""90bca0fc5690cafe7da1"",""8eed83f48916d507e988""]",3,included_in_public_release,author_created_derived_forecast_trace,not_required_for_public_post_extraction_replay,not_redistributed_no_rights_grant,absent
TSLA:FY2024_Q4,TSLA,FY2024_Q4,none,25707000000.0,25182000000.0,25182000000.0,25894775185.804123,26541296124.36174,-0.0084071826881083,0.346567745946781,0.0609317709907782,0.3795039972745189,0.0544832101355008,0.3720059356090636,0.0,0.0,0,0.4509345334964322,0.2772718365863326,0.2717936299172352,0.0,0.940358564994374,1,prior_signed_error_strength_active,91,0.0732104863035172,"[""9e1e1efea10e84caa460"",""b85cc062bb960f712f87"",""dfa6d2236b416d838c87"",""2803daf0101c2158d672"",""0a7dc0a0eb42ee9d6f70"",""3854e731cc49711b6e20"",""cb4a64693ee5ffc37c18"",""ce0f85abda96b1a5395b"",""656a92529fdcf568ad4c""]",9,included_in_public_release,author_created_derived_forecast_trace,not_required_for_public_post_extraction_replay,not_redistributed_no_rights_grant,absent
TSLA:FY2025_Q1,TSLA,FY2025_Q1,none,19335000000.0,25707000000.0,25707000000.0,25817030499.93068,26518564284.453884,0.0221733360275249,0.1970189484466299,0.0,0.0,-0.0199979458785434,0.2615998515972441,0.0,0.0,0,0.5754861479783414,0.0,0.4245138520216585,0.0,0.4621754691008835,1,prior_signed_error_strength_active,92,0.0723356126510629,"[""62542c3e0676863048fd""]",1,included_in_public_release,author_created_derived_forecast_trace,not_required_for_public_post_extraction_replay,not_redistributed_no_rights_grant,absent
TSLA:FY2025_Q2,TSLA,FY2025_Q2,none,22496000000.0,19335000000.0,22483407692.28021,22298418267.370464,22298418267.370464,-0.0002700080849645,0.1778056327651003,-0.0194480394015629,0.1905531301277573,-0.0016622575937367,0.096285698609394,0.0,0.0,0,0.3949110429663897,0.4019734541384308,0.2031155028951794,0.0,0.4598629863777878,0,proposal_not_upward_current_kept,95,0.0659307426780397,"[""dc7fd37b24255aee251f"",""8f512a65ed340595ebc9"",""2b89c6e90cc53960de6b""]",3,included_in_public_release,author_created_derived_forecast_trace,not_required_for_public_post_extraction_replay,not_redistributed_no_rights_grant,absent
TSLA:FY2025_Q3,TSLA,FY2025_Q3,none,28095000000.0,22496000000.0,21379589914.67032,22164647448.797848,23415282087.24761,0.0149116457222813,0.2035658992219878,0.0872035918297051,0.1587089055283385,0.0072459671887871,0.1245880668751809,0.0,0.0,0,0.4303478775245351,0.3191310663256949,0.2505210561497701,0.0,0.4828526211944833,1,prior_signed_error_strength_active,100,0.0662441877183573,"[""bac7eb0e252e7b89453d"",""b7873daa061b9eb7736d"",""52dc8b40468e901961ce"",""ab22a2d9dd7af5f25a0c"",""8562c8a0edef884bffe1"",""970a07070f2c8681995b"",""d1b1fb652a46c2a4a332"",""e33edf041e70394e7a60"",""c10a85d7ccda5b87f26b""]",9,included_in_public_release,author_created_derived_forecast_trace,not_required_for_public_post_extraction_replay,not_redistributed_no_rights_grant,absent
TSLA:FY2025_Q4,TSLA,FY2025_Q4,none,24901000000.0,28095000000.0,26330606086.96588,26515637011.525204,27758909675.494205,-0.0157523374989033,0.3272496862033058,0.0039150141059235,0.5230589619373351,0.0363589987736472,0.325704768128262,0.0,0.0,0,0.2915064394532387,0.4366160960839298,0.2718774644628314,0.0,1.1528354978568416,1,prior_signed_error_strength_active,104,0.06601914385159,"[""1e46c2c7e127d5b69e26"",""190cfb63718281ffea0e"",""d6ef1a338e47ddce6927"",""f3996859d2817b141e8e"",""121f8f36d454211955b6"",""61c5c8667e9f18d467eb""]",6,included_in_public_release,author_created_derived_forecast_trace,not_required_for_public_post_extraction_replay,not_redistributed_no_rights_grant,absent
