card_id,ticker,observed_quarter,target_quarter,instance_id,signature_key,native_source,driver_source,segment,relation,relation_family,category,canonical_factor,polarity,strength,confidence,persistence_hint,support_type,source_sentence_ids_json,attribution_method,attribution_anchor,affected_quarter,temporal_type,segment_share_at_observed,segment_rank_at_observed,is_forward_target_quarter,is_observed_realized,novelty_state,panel_type,archetype,source_text_sha256,source_text_char_count,public_release_status,derived_artifact_status,source_material_access_status,source_material_redistribution_status,verbatim_text_status
7c1fcf621915b3029cc2,AAPL,FY2018_Q4,FY2019_Q1,143ebe98654f1dcd640bce7a,bf93029dfb1f60f8b636ad4d,ledger_forward+shock_forward,claim,Apple::iPhone,CONSTRAINS_PRODUCTION_OF,supply,macro,supply_capacity,negative,medium,0.9,False,explicit,[134],explicit_segment,35304ab39f2c6983a4a8df47,FY2019_Q1,Forecast/Guidance,0.5911764705882353,1,True,False,unknown,full_mainpanel,consumer_device_ecosystem,fb99f7deff7257df337f50dd055a1f9bdea1e206c15b940c2a26ed44dd39d314,58,included_in_public_release,author_created_derived_post_extraction_card,not_included_mixed_public_or_provider_access,not_redistributed_no_rights_grant,withheld_hash_locator_only
c3b6139d14b969db740b,AAPL,FY2018_Q4,FY2019_Q1,2083e03be658a8bd8f3b46e8,edfb5922f1e9f978afb4f656,ledger_forward+shock_forward,claim,Apple::Wearables Home and Accessories,CONSTRAINS_PRODUCTION_OF,supply,supply,supply_capacity,mixed,medium,0.9,True,explicit,[135],explicit_segment,0a32e764f1023e75336fc2e8,FY2019_Q1,Forecast/Guidance,,0,True,False,persistent,full_mainpanel,consumer_device_ecosystem,2bfacab47363e251e94269bf1b2de1e20d8e906e80a39b8c374061f18e4353a4,149,included_in_public_release,author_created_derived_post_extraction_card,not_included_mixed_public_or_provider_access,not_redistributed_no_rights_grant,withheld_hash_locator_only
b44443c0e00455f28619,AAPL,FY2018_Q4,FY2019_Q1,f6eb76d57afc77e4c0911830,75a8a8f499dc1d5866cb4754,ledger_forward,event,UNKNOWN,LIMITS_REVENUE_OF,product_transition,product_transition,product_transition,negative,high,1.0,True,,[179],unresolved,da5fa8ea7c99d09b043049fb,FY2019_Q1,Forecast/Guidance,,0,True,False,persistent,full_mainpanel,consumer_device_ecosystem,007933c711e62aa666a8b9b0aa938c314ec4ffb3b2a96e33652576eb0b061ebd,112,included_in_public_release,author_created_derived_post_extraction_card,not_included_mixed_public_or_provider_access,not_redistributed_no_rights_grant,withheld_hash_locator_only
b1884848fbf27de9c27d,AAPL,FY2018_Q4,FY2019_Q1,a446c9e305719e2d640297e0,68a57bbd7624b732ef427b6b,ledger_forward,event,UNKNOWN,LIMITS_REVENUE_OF,macro,macro,regulation_macro,negative,high,1.0,True,,[180],unresolved,da5fa8ea7c99d09b043049fb,FY2019_Q1,Forecast/Guidance,,0,True,False,persistent,full_mainpanel,consumer_device_ecosystem,4712bf0c2c4a953143ecc55176db1f5dae142b2e5483703daf66f2e290233dc9,66,included_in_public_release,author_created_derived_post_extraction_card,not_included_mixed_public_or_provider_access,not_redistributed_no_rights_grant,withheld_hash_locator_only
bc6c3820fc68159c4c81,AAPL,FY2018_Q4,FY2019_Q1,faa77a0fa9fb8a7375e33c8c,e7392eb682505115e88fdb51,ledger_forward,event,UNKNOWN,LIMITS_REVENUE_OF,supply,supply,supply_capacity,negative,medium,1.0,True,,[181],unresolved,da5fa8ea7c99d09b043049fb,FY2019_Q1,Forecast/Guidance,,0,True,False,persistent,full_mainpanel,consumer_device_ecosystem,f51b56b9ea910814c5927a99ce7f7286fda6cb7abe065a4f8277d818192942d9,156,included_in_public_release,author_created_derived_post_extraction_card,not_included_mixed_public_or_provider_access,not_redistributed_no_rights_grant,withheld_hash_locator_only
6bb1e18870d7d3e7ce38,AAPL,FY2018_Q4,FY2019_Q1,8d5befb33317cdf5452719d1,5e809b2b962d7a64f62461f1,ledger_forward,event,UNKNOWN,LIMITS_REVENUE_OF,macro,macro,regulation_macro,negative,medium,1.0,True,,[182],unresolved,854cb5d903e1276957ded889,FY2019_Q1,Forecast/Guidance,,0,True,False,persistent,full_mainpanel,consumer_device_ecosystem,526d5bf1e0c5c78410ab65aa7a3fb059aa99479f349ca7a92846a3a70c951e5b,90,included_in_public_release,author_created_derived_post_extraction_card,not_included_mixed_public_or_provider_access,not_redistributed_no_rights_grant,withheld_hash_locator_only
4b16ad9d3c2d137cfad7,AAPL,FY2019_Q1,FY2019_Q2,d7b701f916ba650a5a72cf1e,757c65b5ba7072b748164e8e,ledger_forward+shock_forward,claim,Apple::iPhone,CONSTRAINS_PRODUCTION_OF,supply,macro,supply_capacity,negative,medium,0.95,False,explicit,[138],explicit_segment,79f2f2222953ade932895291,FY2019_Q2,Forecast/Guidance,0.6165579409322738,1,True,False,unknown,full_mainpanel,consumer_device_ecosystem,88e1ace9fd290b80f577d6d6bd6fa3a4cde7dd2953303c631b8c746b9b23f67a,134,included_in_public_release,author_created_derived_post_extraction_card,not_included_mixed_public_or_provider_access,not_redistributed_no_rights_grant,withheld_hash_locator_only
e04e9e989feebbcda18e,AAPL,FY2019_Q1,FY2019_Q2,8d1b334fa66ce482c7f85613,46d8707a20df77bd1dbe9234,ledger_forward+shock_forward,event,Apple::iPhone,LIMITS_REVENUE_OF,macro,macro,regulation_macro,negative,medium,0.95,True,,[304],explicit_tail,0e57fd00c725f76b2aded5e4,FY2019_Q2,Forecast/Guidance,0.6165579409322738,1,True,False,persistent,full_mainpanel,consumer_device_ecosystem,2dfbd369f384487e02e86135b39c715397817743eb1273e7f88fab25d8147d99,181,included_in_public_release,author_created_derived_post_extraction_card,not_included_mixed_public_or_provider_access,not_redistributed_no_rights_grant,withheld_hash_locator_only
871ed4f1b3337a231ef3,AAPL,FY2019_Q2,FY2019_Q3,20ec17783f5c6f7f2039d0bf,a9eb47f2b937ec088c19417e,ledger_forward,claim,Apple::iPhone,BOOSTS_REVENUE_OF,pricing,pricing,pricing_margin,positive,medium,0.95,False,explicit,[113],explicit_segment,856981f9aa79014bf4b623ff,FY2019_Q3,Realized/Reporting,0.5352236490562785,1,True,False,unknown,full_mainpanel,consumer_device_ecosystem,fbabfb1b227c3d4602f1cef01bc7e71d5925d662feee3103ff151216b9020ae5,93,included_in_public_release,author_created_derived_post_extraction_card,not_included_mixed_public_or_provider_access,not_redistributed_no_rights_grant,withheld_hash_locator_only
ff451d03ae52d7aa091d,AAPL,FY2019_Q2,FY2019_Q3,290ee0e0ec439934d21217ca,40550ebb3fd993e5155bd3ff,ledger_forward,claim,Apple::iPhone,DRIVES_DEMAND_FOR,demand,demand,demand,positive,high,0.95,False,explicit,[113],explicit_segment,3e34c79699678f4f28dd95ee,FY2019_Q3,Realized/Reporting,0.5352236490562785,1,True,False,unknown,full_mainpanel,consumer_device_ecosystem,5508ebb3b7f0cf41b55461607695af79ef214f19512f6565054a1c9145c3197b,113,included_in_public_release,author_created_derived_post_extraction_card,not_included_mixed_public_or_provider_access,not_redistributed_no_rights_grant,withheld_hash_locator_only
257d2b95ad3914d76132,AAPL,FY2019_Q2,FY2019_Q3,11e0c2a46ecc3074d99ab9b2,a9aae6135feb563899368e77,ledger_forward,claim,Apple::iPhone,BOOSTS_REVENUE_OF,macro,macro,regulation_macro,positive,medium,0.9,True,explicit,[111],explicit_segment,517cf00c74f7a4b7216e8a45,FY2019_Q3,Condition/External,0.5352236490562785,1,True,False,persistent,full_mainpanel,consumer_device_ecosystem,3ec78140abe8eeb20981b3861014264ef816c9728b8ea351f628c71df4b5bbe6,134,included_in_public_release,author_created_derived_post_extraction_card,not_included_mixed_public_or_provider_access,not_redistributed_no_rights_grant,withheld_hash_locator_only
a940601b9eb7109d61dd,AAPL,FY2019_Q2,FY2019_Q3,fd67cb2456f8fda8ff6b4616,9dac06654fa0baf6d79a494a,ledger_forward,claim,Apple::iPhone,BOOSTS_REVENUE_OF,geopolitics,geopolitics,regulation_macro,positive,medium,0.9,True,explicit,[111],explicit_segment,0840a0d4f19c5484edc58a70,FY2019_Q3,Condition/External,0.5352236490562785,1,True,False,persistent,full_mainpanel,consumer_device_ecosystem,a3416befc52df2a66b404866e4f04c152f18c852ab1d04fca519df22142c81d8,156,included_in_public_release,author_created_derived_post_extraction_card,not_included_mixed_public_or_provider_access,not_redistributed_no_rights_grant,withheld_hash_locator_only
1a942724b1ce13b1f487,AAPL,FY2019_Q2,FY2019_Q3,bf958db53547d5e151a73e37,57039bfcc2b31ccc762b7bd8,ledger_forward,claim,Apple::Services,BOOSTS_REVENUE_OF,demand,demand,demand,positive,medium,0.9,False,explicit,[41],explicit_segment,a03f2c41772e6b2efe69e897,FY2019_Q3,Realized/Reporting,0.19736275101266915,2,True,False,unknown,full_mainpanel,consumer_device_ecosystem,af9a277c12d66161cb60927da1aa515395c33e48ab629a5ddd978692121596f4,147,included_in_public_release,author_created_derived_post_extraction_card,not_included_mixed_public_or_provider_access,not_redistributed_no_rights_grant,withheld_hash_locator_only
a0b41c518f122d5192e0,AAPL,FY2019_Q2,FY2019_Q3,a61c45e4f5b67e617f1443d5,82b4f5de9913b2a1976ffea2,ledger_forward,event,UNKNOWN,BOOSTS_REVENUE_OF,demand,demand,demand,positive,medium,0.95,True,,[120],unresolved,854cb5d903e1276957ded889,FY2019_Q3,Forecast/Guidance,,0,True,False,persistent,full_mainpanel,consumer_device_ecosystem,6e3390228a92c6122251c1749a119fcdae1893fb0b55075b2491c8a1e0b41499,158,included_in_public_release,author_created_derived_post_extraction_card,not_included_mixed_public_or_provider_access,not_redistributed_no_rights_grant,withheld_hash_locator_only
878f39945af6f5cc2eb5,AAPL,FY2019_Q3,FY2019_Q4,554b06f3b14b1796e43a0cd2,a684865e4fbbe738864a38ff,ledger_forward+shock_forward,event,Apple::iPhone,BOOSTS_REVENUE_OF,demand,demand,demand,positive,medium,0.95,True,,[22],explicit_tail,0e57fd00c725f76b2aded5e4,FY2019_Q4,Forecast/Guidance,0.482930364808861,1,True,False,persistent,full_mainpanel,consumer_device_ecosystem,6e690c1d6fd6d9199fc61a7b22976ba5127cd709dc6691f1855377bc741cf89d,182,included_in_public_release,author_created_derived_post_extraction_card,not_included_mixed_public_or_provider_access,not_redistributed_no_rights_grant,withheld_hash_locator_only
df216ab11b949742aa38,AAPL,FY2019_Q3,FY2019_Q4,da9e83e31e841e8bbf59eee8,d7aa4ed31674c4e971746c71,ledger_forward,event,UNKNOWN,BOOSTS_REVENUE_OF,macro,macro,regulation_macro,positive,medium,0.9,True,,[65],unresolved,854cb5d903e1276957ded889,FY2019_Q4,Forecast/Guidance,,0,True,False,persistent,full_mainpanel,consumer_device_ecosystem,f83e8526c1bf0c5211033d9fbc08d101023df74543cc641227a74a8bee1fe55b,209,included_in_public_release,author_created_derived_post_extraction_card,not_included_mixed_public_or_provider_access,not_redistributed_no_rights_grant,withheld_hash_locator_only
bc8c0f7d7e85fff3948e,AAPL,FY2019_Q3,FY2019_Q4,098880de6feb588e4aa1a2e6,1ec8afce14646e61987b1b5e,ledger_forward,event,UNKNOWN,BOOSTS_REVENUE_OF,demand,demand,demand,positive,medium,0.9,True,,[65],unresolved,854cb5d903e1276957ded889,FY2019_Q4,Forecast/Guidance,,0,True,False,persistent,full_mainpanel,consumer_device_ecosystem,f83e8526c1bf0c5211033d9fbc08d101023df74543cc641227a74a8bee1fe55b,209,included_in_public_release,author_created_derived_post_extraction_card,not_included_mixed_public_or_provider_access,not_redistributed_no_rights_grant,withheld_hash_locator_only
e94fb24a5f7c2a5827e3,AAPL,FY2019_Q4,FY2020_Q1,8f9c735936a6d6c64e2fbe94,cf371391a7d66aab7bffb82a,ledger_forward+shock_forward,claim,Apple::Services,BOOSTS_REVENUE_OF,demand,demand,demand,positive,medium,0.85,True,explicit,[56],explicit_segment,f54ea534bd504a9f91791412,FY2020_Q1,Forecast/Guidance,0.19536227357901312,2,True,False,persistent,full_mainpanel,consumer_device_ecosystem,ab494f63dbb0c383c783f11326eb323b9c33da0930954b9fc6b66623f011799b,165,included_in_public_release,author_created_derived_post_extraction_card,not_included_mixed_public_or_provider_access,not_redistributed_no_rights_grant,withheld_hash_locator_only
d9a4398e39b366cda9fa,AAPL,FY2019_Q4,FY2020_Q1,f3313f13e38d2f1b4fd66052,9f0991de53e64e70a8305d8d,ledger_forward,event,UNKNOWN,LIMITS_REVENUE_OF,macro,macro,regulation_macro,negative,high,0.95,True,,[161],unresolved,da5fa8ea7c99d09b043049fb,FY2020_Q1,Forecast/Guidance,,0,True,False,persistent,full_mainpanel,consumer_device_ecosystem,78e71bc55c6c35bb2baae42b34c69eee74b70861e65d928283b33e8336776d91,144,included_in_public_release,author_created_derived_post_extraction_card,not_included_mixed_public_or_provider_access,not_redistributed_no_rights_grant,withheld_hash_locator_only
77282e6d3edf60f02b7f,AAPL,FY2019_Q4,FY2020_Q1,4b5f881a0a4b1ad7cf5f3796,8b483989eef6a591b834cddc,ledger_forward,event,UNKNOWN,LIMITS_REVENUE_OF,regulation,regulation,regulation_macro,negative,medium,0.85,True,,[191],unresolved,da5fa8ea7c99d09b043049fb,FY2020_Q1,Forecast/Guidance,,0,True,False,persistent,full_mainpanel,consumer_device_ecosystem,7b16f884454aee82aa6b8bcb34e14a5cdd017cfe151df55ac7bafc7d2c78ce36,36,included_in_public_release,author_created_derived_post_extraction_card,not_included_mixed_public_or_provider_access,not_redistributed_no_rights_grant,withheld_hash_locator_only
b5eeea128664efef81f8,AAPL,FY2019_Q4,FY2020_Q1,eee00507d17dac0ce3eb7352,a928748d99692b0462f983ca,ledger_forward,event,UNKNOWN,LIMITS_REVENUE_OF,pricing,pricing,pricing_margin,negative,medium,0.9,True,,[198],unresolved,da5fa8ea7c99d09b043049fb,FY2020_Q1,Forecast/Guidance,,0,True,False,persistent,full_mainpanel,consumer_device_ecosystem,776e832cc6d811f45af003a930f9bb82770fc8ff064ce96a65a109ab33b7221f,171,included_in_public_release,author_created_derived_post_extraction_card,not_included_mixed_public_or_provider_access,not_redistributed_no_rights_grant,withheld_hash_locator_only
4841d0940946758abe42,AAPL,FY2019_Q4,FY2020_Q1,9d9396cec8d118fef60064c3,219121319bf4034078ec2a83,ledger_forward+shock_forward,event,Apple::iPhone,BOOSTS_REVENUE_OF,pricing,pricing,pricing_margin,positive,medium,0.95,True,,[46],explicit_tail,0e57fd00c725f76b2aded5e4,FY2020_Q1,Forecast/Guidance,0.5209556527170518,1,True,False,persistent,full_mainpanel,consumer_device_ecosystem,73a707edda85d2f17298b4504442574d56b83fb2364504f78a2237b2cdbbf3ea,109,included_in_public_release,author_created_derived_post_extraction_card,not_included_mixed_public_or_provider_access,not_redistributed_no_rights_grant,withheld_hash_locator_only
d203f4a9675d02a6d45e,AAPL,FY2020_Q1,FY2020_Q2,e7cd59623f54a4924b7cd77d,991a24dafd61d7decfba167b,ledger_forward,event,UNKNOWN,LIMITS_REVENUE_OF,macro,macro,regulation_macro,negative,medium,0.95,True,,[213],unresolved,854cb5d903e1276957ded889,FY2020_Q2,Forecast/Guidance,,0,True,False,persistent,full_mainpanel,consumer_device_ecosystem,38db977548358120911289bd4333ccbfcbe4a481815df179430c41c3943300c6,95,included_in_public_release,author_created_derived_post_extraction_card,not_included_mixed_public_or_provider_access,not_redistributed_no_rights_grant,withheld_hash_locator_only
37bf85b301011f837712,AAPL,FY2020_Q1,FY2020_Q2,f7fa8f0443a7d7b7104cfb1d,c44eb780a7b79a2e13da839c,ledger_forward,event,UNKNOWN,LIMITS_REVENUE_OF,supply,supply,supply_capacity,negative,medium,0.95,True,,[215],unresolved,854cb5d903e1276957ded889,FY2020_Q2,Forecast/Guidance,,0,True,False,persistent,full_mainpanel,consumer_device_ecosystem,8f5f0d5be760225c1d1bedbafd8ecde2416d0d4e79800257d0162af03ae5f2dd,221,included_in_public_release,author_created_derived_post_extraction_card,not_included_mixed_public_or_provider_access,not_redistributed_no_rights_grant,withheld_hash_locator_only
1b577ee72d6264ab9b6e,AAPL,FY2020_Q1,FY2020_Q2,5d995cdf0bb2742c7896b375,6e823d5f77c1c1ac39b639d6,ledger_forward,event,UNKNOWN,LIMITS_REVENUE_OF,demand,demand,demand,negative,medium,0.95,True,,[220],unresolved,854cb5d903e1276957ded889,FY2020_Q2,Forecast/Guidance,,0,True,False,persistent,full_mainpanel,consumer_device_ecosystem,2ee4872e42153f05b4dd194358f3d918a2d68b3513d45fb2c407269135319c96,160,included_in_public_release,author_created_derived_post_extraction_card,not_included_mixed_public_or_provider_access,not_redistributed_no_rights_grant,withheld_hash_locator_only
2a9bf2caae9d8bf7b9f3,AAPL,FY2020_Q2,FY2020_Q3,4ec66c660246ba2c899cf798,5359963365bcc8d1b2a36f93,ledger_forward+shock_forward,event,Apple::Mac,BOOSTS_REVENUE_OF,demand,demand,demand,positive,medium,0.95,True,,[161],explicit_tail,a2ce07152d49778dc6053ec2,FY2020_Q3,Forecast/Guidance,0.09176341467597277,4,True,False,persistent,full_mainpanel,consumer_device_ecosystem,658d727863f51c4ec92e7966fbb1334b6df63e52beee12509aad4813a54acc75,97,included_in_public_release,author_created_derived_post_extraction_card,not_included_mixed_public_or_provider_access,not_redistributed_no_rights_grant,withheld_hash_locator_only
d987247b409eaa63ebbe,AAPL,FY2020_Q2,FY2020_Q3,ef813e36eb65cb9aded3c396,ca595cd1959d233321162fdc,ledger_forward,claim,UNKNOWN,CONSTRAINS_PRODUCTION_OF,supply,macro,supply_capacity,negative,medium,0.9,True,explicit,[57],unresolved,,FY2020_Q3,Forecast/Guidance,,0,True,False,persistent,full_mainpanel,consumer_device_ecosystem,89f55eb0bddb8b588d9e2df7ea6dc4b6f55867fdf059820d49183bcf3ea91973,198,included_in_public_release,author_created_derived_post_extraction_card,not_included_mixed_public_or_provider_access,not_redistributed_no_rights_grant,withheld_hash_locator_only
43aad3c6ad3f8cd70207,AAPL,FY2020_Q2,FY2020_Q3,edcb7bc1c8ff65f9e8dd19c4,025882134f300a4f2a8f7962,ledger_forward,event,UNKNOWN,LIMITS_REVENUE_OF,macro,macro,regulation_macro,negative,high,0.95,False,,[156],unresolved,6b9f807fe10580cd4dc872bc,FY2020_Q3,Forecast/Guidance,,0,True,False,unknown,full_mainpanel,consumer_device_ecosystem,521c604775a1dee2e68c7474a9e724655e24d144e8b54fd809f9d7a861b8a75c,118,included_in_public_release,author_created_derived_post_extraction_card,not_included_mixed_public_or_provider_access,not_redistributed_no_rights_grant,withheld_hash_locator_only
d66011127f440fc4ea43,AAPL,FY2020_Q2,FY2020_Q3,b3c4d287dc6b43f44a98817f,e560bb1ce05a66b8db0c15f7,ledger_forward,event,UNKNOWN,SUPPORTS_REVENUE_OF,supply,supply,supply_capacity,mixed,medium,0.9,False,,[158],unresolved,6b9f807fe10580cd4dc872bc,FY2020_Q3,Forecast/Guidance,,0,True,False,unknown,full_mainpanel,consumer_device_ecosystem,751236549cb1dab2655fc310018dc34bcada29e27ac2909caad7174996af8381,158,included_in_public_release,author_created_derived_post_extraction_card,not_included_mixed_public_or_provider_access,not_redistributed_no_rights_grant,withheld_hash_locator_only
926afc8996800f432c11,AAPL,FY2020_Q2,FY2020_Q3,40fde5775a96b2438c7b89bf,9d873b11230f6b5b81d1181b,ledger_forward+shock_forward,event,Apple::iPad,BOOSTS_REVENUE_OF,product_transition,product_transition,product_transition,positive,high,0.95,True,,[160],explicit_tail,6583147a516737e1eeb699d0,FY2020_Q3,Forecast/Guidance,0.07490611012981668,5,True,False,persistent,full_mainpanel,consumer_device_ecosystem,6721e0afb1213c987d156657467fe1a43b7d1d21bf8b0cf84c2574b2d32a56cc,157,included_in_public_release,author_created_derived_post_extraction_card,not_included_mixed_public_or_provider_access,not_redistributed_no_rights_grant,withheld_hash_locator_only
297515be65b32ec639f2,AAPL,FY2020_Q2,FY2020_Q3,eb18d8e0a7151bf366800fa8,64c60562b6744c5bffc4c016,ledger_forward+shock_forward,event,Apple::Mac,BOOSTS_REVENUE_OF,product_transition,product_transition,product_transition,positive,high,0.95,True,,[160],explicit_tail,a2ce07152d49778dc6053ec2,FY2020_Q3,Forecast/Guidance,0.09176341467597277,4,True,False,persistent,full_mainpanel,consumer_device_ecosystem,6721e0afb1213c987d156657467fe1a43b7d1d21bf8b0cf84c2574b2d32a56cc,157,included_in_public_release,author_created_derived_post_extraction_card,not_included_mixed_public_or_provider_access,not_redistributed_no_rights_grant,withheld_hash_locator_only
7bf4b8eb878ba0b5f796,AAPL,FY2020_Q2,FY2020_Q3,dd092aa1520959f3168808f8,5c081fc77809c869d82169a2,ledger_forward+shock_forward,event,Apple::iPhone,BOOSTS_REVENUE_OF,product_transition,product_transition,product_transition,positive,high,0.95,True,,[160],explicit_tail,0e57fd00c725f76b2aded5e4,FY2020_Q3,Forecast/Guidance,0.4966645516437158,1,True,False,persistent,full_mainpanel,consumer_device_ecosystem,6721e0afb1213c987d156657467fe1a43b7d1d21bf8b0cf84c2574b2d32a56cc,157,included_in_public_release,author_created_derived_post_extraction_card,not_included_mixed_public_or_provider_access,not_redistributed_no_rights_grant,withheld_hash_locator_only
5c10c41b1df84f0e3708,AAPL,FY2020_Q2,FY2020_Q3,f49de9990664afe2d46f7ea0,199c87b09918e866f59019ff,ledger_forward+shock_forward,event,Apple::iPhone,LIMITS_REVENUE_OF,demand,demand,demand,negative,high,0.95,True,,[161],explicit_tail,0e57fd00c725f76b2aded5e4,FY2020_Q3,Forecast/Guidance,0.4966645516437158,1,True,False,persistent,full_mainpanel,consumer_device_ecosystem,573cdd134e5b9cc2dfcfb8a3f3f93a5f6a4024ba62700dde98d9d69e0c74bf44,132,included_in_public_release,author_created_derived_post_extraction_card,not_included_mixed_public_or_provider_access,not_redistributed_no_rights_grant,withheld_hash_locator_only
8923eadd689ee2484236,AAPL,FY2020_Q2,FY2020_Q3,e1c613f8e10b7d4706506d03,0e10490f2ed7126fdb403083,ledger_forward+shock_forward,event,Apple::Wearables Home and Accessories,LIMITS_REVENUE_OF,demand,demand,demand,negative,high,0.95,True,,[161],explicit_tail,f5dd39343ff9309259169e17,FY2020_Q3,Forecast/Guidance,0.10776327748529488,3,True,False,persistent,full_mainpanel,consumer_device_ecosystem,573cdd134e5b9cc2dfcfb8a3f3f93a5f6a4024ba62700dde98d9d69e0c74bf44,132,included_in_public_release,author_created_derived_post_extraction_card,not_included_mixed_public_or_provider_access,not_redistributed_no_rights_grant,withheld_hash_locator_only
27fc13a035b18c06b6d7,AAPL,FY2020_Q2,FY2020_Q3,9cfbd21a750f9402f46ba6fe,26c18857b7f95793ba2f29b5,ledger_forward+shock_forward,event,Apple::iPad,BOOSTS_REVENUE_OF,demand,demand,demand,positive,medium,0.95,True,,[161],explicit_tail,6583147a516737e1eeb699d0,FY2020_Q3,Forecast/Guidance,0.07490611012981668,5,True,False,persistent,full_mainpanel,consumer_device_ecosystem,658d727863f51c4ec92e7966fbb1334b6df63e52beee12509aad4813a54acc75,97,included_in_public_release,author_created_derived_post_extraction_card,not_included_mixed_public_or_provider_access,not_redistributed_no_rights_grant,withheld_hash_locator_only
dba26b59897a47999025,AAPL,FY2020_Q2,FY2020_Q3,c489cff69577087b58933ae7,168b7d69c67109ee4ff71f61,ledger_forward+shock_forward,event,Apple::Services,LIMITS_REVENUE_OF,demand,demand,demand,negative,medium,0.95,True,,[361],explicit_tail,4ba5fa66d88fb21a0664dfca,FY2020_Q3,Forecast/Guidance,0.22890264606519986,2,True,False,persistent,full_mainpanel,consumer_device_ecosystem,6f06c3a7706dcf104de919196e6c10070d6aebe7ae2af6b70ac75ea0b6f058d4,306,included_in_public_release,author_created_derived_post_extraction_card,not_included_mixed_public_or_provider_access,not_redistributed_no_rights_grant,withheld_hash_locator_only
9b3aed8f59061bc76fbe,AAPL,FY2020_Q3,FY2020_Q4,a0f974902f60363ce1d3c05f,9689cdef706b003d8c0f70ba,ledger_forward+shock_forward,event,Apple::iPhone,LIMITS_REVENUE_OF,supply,supply,supply_capacity,negative,medium,1.0,True,,[149],explicit_tail,0e57fd00c725f76b2aded5e4,FY2020_Q4,Forecast/Guidance,0.4426237748177934,1,True,False,persistent,full_mainpanel,consumer_device_ecosystem,59bcad1832c20bc43bbd9ed2f91d24e1443063dd15157ab88ea51962d5f48392,148,included_in_public_release,author_created_derived_post_extraction_card,not_included_mixed_public_or_provider_access,not_redistributed_no_rights_grant,withheld_hash_locator_only
c3f7d2b7ce603cc90a5e,AAPL,FY2020_Q4,FY2021_Q1,1c0286684d3a054b9e9a8b8a,c54a1c7e98318d3a66440c4b,ledger_forward,claim,Apple::iPhone,DRIVES_DEMAND_FOR,demand,demand,demand,positive,high,0.98,False,explicit,[107],explicit_segment,d7efcd880eaf285fc4843a83,FY2021_Q1,Realized/Reporting,0.4087297907199604,1,True,False,unknown,full_mainpanel,consumer_device_ecosystem,3146560b732fd69f8962d6b2da9b6053e102b470dd5514d734c9632d0a67953d,51,included_in_public_release,author_created_derived_post_extraction_card,not_included_mixed_public_or_provider_access,not_redistributed_no_rights_grant,withheld_hash_locator_only
810b716b6343a7ad86f6,AAPL,FY2020_Q4,FY2021_Q1,c2d288631b8e6916909b959a,1b9a449b428b1a2a0d305733,ledger_forward+shock_forward,event,Apple::iPhone,LIMITS_REVENUE_OF,supply,supply,supply_capacity,negative,high,0.95,True,,[370],explicit_tail,0e57fd00c725f76b2aded5e4,FY2021_Q1,Forecast/Guidance,0.4087297907199604,1,True,False,persistent,full_mainpanel,consumer_device_ecosystem,fa5b840494deda9b57038c4952bc09c5e932db0d217a37b9c1ea3623dd7e1f70,25,included_in_public_release,author_created_derived_post_extraction_card,not_included_mixed_public_or_provider_access,not_redistributed_no_rights_grant,withheld_hash_locator_only
0783fafd0aaeaf0a8fdf,AAPL,FY2020_Q4,FY2021_Q1,fecdd327725de65db63c0cc2,f370063a0e647d34c87756c3,ledger_forward+shock_forward,event,Apple::iPad,LIMITS_REVENUE_OF,supply,supply,supply_capacity,negative,high,0.95,True,,[375],explicit_tail,6583147a516737e1eeb699d0,FY2021_Q1,Forecast/Guidance,0.10505734334909889,5,True,False,persistent,full_mainpanel,consumer_device_ecosystem,e5b44a732fb62c7ca9a0136c1437fdcdc8428deaaf92b193a0eb27100bf2c5c2,163,included_in_public_release,author_created_derived_post_extraction_card,not_included_mixed_public_or_provider_access,not_redistributed_no_rights_grant,withheld_hash_locator_only
fa24e878c1824343c465,AAPL,FY2020_Q4,FY2021_Q1,36f30e827f217dfdc9440b99,1c3b1b4271bc65324b5b1a17,ledger_forward+shock_forward,event,Apple::Wearables Home and Accessories,LIMITS_REVENUE_OF,supply,supply,supply_capacity,negative,high,0.95,True,,[376],explicit_tail,f5dd39343ff9309259169e17,FY2021_Q1,Forecast/Guidance,0.12173482951559554,4,True,False,persistent,full_mainpanel,consumer_device_ecosystem,9412aef493c95d9ded15822cfd1aa7f17ea2cb5551d5af66e2622a9501081472,59,included_in_public_release,author_created_derived_post_extraction_card,not_included_mixed_public_or_provider_access,not_redistributed_no_rights_grant,withheld_hash_locator_only
7e44a087b77a7763ea48,AAPL,FY2021_Q1,FY2021_Q2,31b7d686ab195fac2cc01600,eb1f1dc64981a054d7cc82b7,ledger_forward+shock_forward,event,Apple::iPhone,LIMITS_REVENUE_OF,supply,supply,supply_capacity,negative,medium,0.95,True,,[251],explicit_tail,0e57fd00c725f76b2aded5e4,FY2021_Q2,Forecast/Guidance,0.5886359353547681,1,True,False,persistent,full_mainpanel,consumer_device_ecosystem,96ddecf17987d44ed90cf8b4513b74072f9fd1896c0b26fd69472006160598a5,124,included_in_public_release,author_created_derived_post_extraction_card,not_included_mixed_public_or_provider_access,not_redistributed_no_rights_grant,withheld_hash_locator_only
24981ef832cc9631d419,AAPL,FY2021_Q2,FY2021_Q3,cdeb07a95d06257d6a45559c,b43313c9ccbe677eded892be,ledger_forward+shock_forward,event,Apple::iPad,LIMITS_REVENUE_OF,supply,supply,supply_capacity,negative,high,0.95,True,,[136],explicit_tail,6583147a516737e1eeb699d0,FY2021_Q3,Forecast/Guidance,0.08714725843900696,5,True,False,persistent,full_mainpanel,consumer_device_ecosystem,05e37e2bbf431b7aef3d742ae42fa65dbf4812ae56d2131b0fc2f3023ec381fe,104,included_in_public_release,author_created_derived_post_extraction_card,not_included_mixed_public_or_provider_access,not_redistributed_no_rights_grant,withheld_hash_locator_only
601284c8b3e4eb5e3f01,AAPL,FY2021_Q2,FY2021_Q3,b95b15d1c81a44cce840e8c1,6f5dfbc8a68049f16ea7e303,ledger_forward+shock_forward,event,Apple::Mac,LIMITS_REVENUE_OF,supply,supply,supply_capacity,negative,high,0.95,True,,[136],explicit_tail,a2ce07152d49778dc6053ec2,FY2021_Q3,Forecast/Guidance,0.10160296481514557,3,True,False,persistent,full_mainpanel,consumer_device_ecosystem,05e37e2bbf431b7aef3d742ae42fa65dbf4812ae56d2131b0fc2f3023ec381fe,104,included_in_public_release,author_created_derived_post_extraction_card,not_included_mixed_public_or_provider_access,not_redistributed_no_rights_grant,withheld_hash_locator_only
5e8494fc15eaea3f464d,AAPL,FY2021_Q3,FY2021_Q4,d142a9ebc4fcebe92740bc0e,6b9479134df197938e00bf51,ledger_forward+shock_forward,claim,Apple::iPhone,CONSTRAINS_PRODUCTION_OF,supply,supply,supply_capacity,negative,medium,1.0,True,explicit,[95],explicit_segment,7d0cbb118325c5ac4e600160,FY2021_Q4,Forecast/Guidance,0.48591497408944667,1,True,False,persistent,full_mainpanel,consumer_device_ecosystem,a535ba1867f31135c579230c8e2ea924c83fb9146e89b99b89f55b1b6d578309,176,included_in_public_release,author_created_derived_post_extraction_card,not_included_mixed_public_or_provider_access,not_redistributed_no_rights_grant,withheld_hash_locator_only
25b94321929f9865c67f,AAPL,FY2021_Q3,FY2021_Q4,9c5456cd6896a24342bb229a,e93e2b9ac072f913576b9b3b,ledger_forward+shock_forward,claim,Apple::iPad,CONSTRAINS_PRODUCTION_OF,supply,supply,supply_capacity,negative,medium,1.0,True,explicit,[95],explicit_segment,7d0cbb118325c5ac4e600160,FY2021_Q4,Forecast/Guidance,0.09047817864773927,5,True,False,persistent,full_mainpanel,consumer_device_ecosystem,a535ba1867f31135c579230c8e2ea924c83fb9146e89b99b89f55b1b6d578309,176,included_in_public_release,author_created_derived_post_extraction_card,not_included_mixed_public_or_provider_access,not_redistributed_no_rights_grant,withheld_hash_locator_only
bc8ae21f2094341cb44d,AAPL,FY2021_Q4,FY2022_Q1,6e30483281d2d2d17ae517ed,e593e6c6085fdc530ae13505,ledger_forward+shock_forward,event,Apple::iPhone,LIMITS_REVENUE_OF,supply,supply,supply_capacity,negative,high,0.95,True,,[153],explicit_tail,0e57fd00c725f76b2aded5e4,FY2022_Q1,Forecast/Guidance,0.4662667946257198,1,True,False,persistent,full_mainpanel,consumer_device_ecosystem,4c50a08a9f2d655c2ce767e1662ceb2b8a733393dc50d955e1898dbedbb1f65f,90,included_in_public_release,author_created_derived_post_extraction_card,not_included_mixed_public_or_provider_access,not_redistributed_no_rights_grant,withheld_hash_locator_only
5dca6bf74f5ae0dba216,AAPL,FY2021_Q4,FY2022_Q1,615fc854a3c4c214551714eb,6344ef8a77ce9f777ac13548,ledger_forward+shock_forward,event,Apple::Mac,LIMITS_REVENUE_OF,supply,supply,supply_capacity,negative,high,0.95,True,,[153],explicit_tail,a2ce07152d49778dc6053ec2,FY2022_Q1,Forecast/Guidance,0.11010076775431862,3,True,False,persistent,full_mainpanel,consumer_device_ecosystem,4c50a08a9f2d655c2ce767e1662ceb2b8a733393dc50d955e1898dbedbb1f65f,90,included_in_public_release,author_created_derived_post_extraction_card,not_included_mixed_public_or_provider_access,not_redistributed_no_rights_grant,withheld_hash_locator_only
ddf4fd58403d2a391ca7,AAPL,FY2021_Q4,FY2022_Q1,94ee64422a53842e81b82406,4a6f420d3416a306f62498d5,ledger_forward+shock_forward,event,Apple::iPad,LIMITS_REVENUE_OF,supply,supply,supply_capacity,negative,high,0.95,True,,[153],explicit_tail,6583147a516737e1eeb699d0,FY2022_Q1,Forecast/Guidance,0.09899232245681382,5,True,False,persistent,full_mainpanel,consumer_device_ecosystem,4c50a08a9f2d655c2ce767e1662ceb2b8a733393dc50d955e1898dbedbb1f65f,90,included_in_public_release,author_created_derived_post_extraction_card,not_included_mixed_public_or_provider_access,not_redistributed_no_rights_grant,withheld_hash_locator_only
16edbddb9aa70b430f03,AAPL,FY2022_Q1,FY2022_Q2,3f90f20cd99eb158823d3d8a,9097670ecc35e6e7c81cd033,ledger_forward+shock_forward,claim,Apple::iPad,CONSTRAINS_PRODUCTION_OF,supply,supply,supply_capacity,positive,medium,1.0,False,explicit,[59],explicit_segment,dc324c6a470f3686a6862d7f,FY2022_Q2,Forecast/Guidance,0.058477550526443184,5,True,False,unknown,full_mainpanel,consumer_device_ecosystem,110f59bf01b7959a721262f7c4767cfaf1b168f427271e3112c15822112a8366,144,included_in_public_release,author_created_derived_post_extraction_card,not_included_mixed_public_or_provider_access,not_redistributed_no_rights_grant,withheld_hash_locator_only
096123a43299f4f4175a,AAPL,FY2022_Q1,FY2022_Q2,fd332827286fcb280920cbab,05f53a5d834b7a0f07534851,ledger_forward+shock_forward,event,Apple::iPad,LIMITS_REVENUE_OF,supply,supply,supply_capacity,negative,medium,0.95,True,,[185],explicit_tail,6583147a516737e1eeb699d0,FY2022_Q2,Forecast/Guidance,0.058477550526443184,5,True,False,persistent,full_mainpanel,consumer_device_ecosystem,5ef9c17e7e0c64fd6194e8947f6d1b0972048960c850fb16b57f3556b987bfd8,337,included_in_public_release,author_created_derived_post_extraction_card,not_included_mixed_public_or_provider_access,not_redistributed_no_rights_grant,withheld_hash_locator_only
cb9c93a337a7c9388ee7,AAPL,FY2022_Q2,FY2022_Q3,46d852effdfd227619f2f81b,21bcda1e6af1e03e715bf6e9,ledger_forward+shock_forward,claim,Apple::iPad,CONSTRAINS_PRODUCTION_OF,supply,supply,supply_capacity,negative,high,0.9,True,explicit,[126],explicit_segment,782ed67e91754f5fa0cc6f1d,FY2022_Q3,Forecast/Guidance,0.07859947778531631,5,True,False,persistent,full_mainpanel,consumer_device_ecosystem,1d6fe9d07ec6c49a218f8110bdbbba5fc0e8bcf0620444831ad9969b350a1215,273,included_in_public_release,author_created_derived_post_extraction_card,not_included_mixed_public_or_provider_access,not_redistributed_no_rights_grant,withheld_hash_locator_only
c8cd9d4cbad31a9f9763,AAPL,FY2022_Q2,FY2022_Q3,9f466500c749d65d53cb4c1b,2c927211ac1aed9cc06b17bd,ledger_forward+shock_forward,claim,Apple::Mac,CONSTRAINS_PRODUCTION_OF,supply,supply,supply_capacity,negative,high,0.9,True,explicit,[126],explicit_segment,782ed67e91754f5fa0cc6f1d,FY2022_Q3,Forecast/Guidance,0.10726988630522831,3,True,False,persistent,full_mainpanel,consumer_device_ecosystem,1d6fe9d07ec6c49a218f8110bdbbba5fc0e8bcf0620444831ad9969b350a1215,273,included_in_public_release,author_created_derived_post_extraction_card,not_included_mixed_public_or_provider_access,not_redistributed_no_rights_grant,withheld_hash_locator_only
53ead25dd78a034de17c,AAPL,FY2022_Q2,FY2022_Q3,be8c1a54e5b9fbfb147e219a,8869c9b3cbcd5160393144f0,ledger_forward+shock_forward,claim,Apple::iPhone,CONSTRAINS_PRODUCTION_OF,supply,supply,supply_capacity,negative,high,0.9,True,explicit,[126],explicit_segment,782ed67e91754f5fa0cc6f1d,FY2022_Q3,Forecast/Guidance,0.5198503258701864,1,True,False,persistent,full_mainpanel,consumer_device_ecosystem,1d6fe9d07ec6c49a218f8110bdbbba5fc0e8bcf0620444831ad9969b350a1215,273,included_in_public_release,author_created_derived_post_extraction_card,not_included_mixed_public_or_provider_access,not_redistributed_no_rights_grant,withheld_hash_locator_only
9d71f3800ff238decc40,AAPL,FY2022_Q2,FY2022_Q3,5320ee674b64a9b100dca14f,de08a4bf5dc89b6b9734159c,ledger_forward+shock_forward,claim,Apple::Wearables Home and Accessories,CONSTRAINS_PRODUCTION_OF,supply,supply,supply_capacity,negative,high,0.9,True,explicit,[126],explicit_segment,782ed67e91754f5fa0cc6f1d,FY2022_Q3,Forecast/Guidance,0.09052406505067949,4,True,False,persistent,full_mainpanel,consumer_device_ecosystem,1d6fe9d07ec6c49a218f8110bdbbba5fc0e8bcf0620444831ad9969b350a1215,273,included_in_public_release,author_created_derived_post_extraction_card,not_included_mixed_public_or_provider_access,not_redistributed_no_rights_grant,withheld_hash_locator_only
68a464d100b10d5fbb17,AAPL,FY2022_Q2,FY2022_Q3,7bb937e15e4601618ebb459c,51f8229ce08da07fd4490703,ledger_forward,event,UNKNOWN,LIMITS_REVENUE_OF,supply,supply,supply_capacity,negative,high,0.95,True,,[132],unresolved,dc04cd2888bcbbe3b9772858,FY2022_Q3,Forecast/Guidance,,0,True,False,persistent,full_mainpanel,consumer_device_ecosystem,1d6fe9d07ec6c49a218f8110bdbbba5fc0e8bcf0620444831ad9969b350a1215,273,included_in_public_release,author_created_derived_post_extraction_card,not_included_mixed_public_or_provider_access,not_redistributed_no_rights_grant,withheld_hash_locator_only
4fbf397952d889192555,AAPL,FY2022_Q2,FY2022_Q3,74c948fa467eb130271fe211,3dbe846e3dd8c84533de31f1,ledger_forward,event,UNKNOWN,LIMITS_REVENUE_OF,demand,demand,demand,negative,medium,0.9,True,,[135],unresolved,dc04cd2888bcbbe3b9772858,FY2022_Q3,Forecast/Guidance,,0,True,False,persistent,full_mainpanel,consumer_device_ecosystem,11b791160b09b88348f31005cdffbd638c3377b0efbf6c2e08ab7deb6f1ad6b1,86,included_in_public_release,author_created_derived_post_extraction_card,not_included_mixed_public_or_provider_access,not_redistributed_no_rights_grant,withheld_hash_locator_only
900136bfdd6f79315db0,AAPL,FY2022_Q2,FY2022_Q3,e6ab2fc3b61e0635561c24bd,0ae24cb77e866990550606b6,ledger_forward,event,UNKNOWN,LIMITS_REVENUE_OF,macro,macro,regulation_macro,negative,medium,0.95,True,,[136],unresolved,dc04cd2888bcbbe3b9772858,FY2022_Q3,Forecast/Guidance,,0,True,False,persistent,full_mainpanel,consumer_device_ecosystem,1f80c1f1026beafeaa703ee92c7c773f62c395a6ebd77b49a3ddd904d20ef3f8,121,included_in_public_release,author_created_derived_post_extraction_card,not_included_mixed_public_or_provider_access,not_redistributed_no_rights_grant,withheld_hash_locator_only
0d0e0207bd77d4ace70e,AAPL,FY2022_Q2,FY2022_Q3,3399e39738051c5ed8bcbe47,46963ce0b61c01ed389018e0,ledger_forward,event,UNKNOWN,LIMITS_REVENUE_OF,geopolitics,geopolitics,regulation_macro,negative,medium,0.95,True,,[137],unresolved,dc04cd2888bcbbe3b9772858,FY2022_Q3,Forecast/Guidance,,0,True,False,persistent,full_mainpanel,consumer_device_ecosystem,ac9c18b80e9315ae85dd2aba0db45aa9d89af3724a53cdcfff7378bb6b66a4f2,153,included_in_public_release,author_created_derived_post_extraction_card,not_included_mixed_public_or_provider_access,not_redistributed_no_rights_grant,withheld_hash_locator_only
79e6f05a7aa0f3a0aabb,AAPL,FY2022_Q3,FY2022_Q4,67595ac60d5cdd1cdc52fa73,4670684f125b3f886d4a1e78,ledger_forward,event,UNKNOWN,LIMITS_REVENUE_OF,supply,supply,supply_capacity,positive,medium,0.95,True,,[129],unresolved,dc04cd2888bcbbe3b9772858,FY2022_Q4,Forecast/Guidance,,0,True,False,persistent,full_mainpanel,consumer_device_ecosystem,8a210af59ab577ffcc0d1d3133b8faecf563e1a0e5736e6d78a10a998850263b,90,included_in_public_release,author_created_derived_post_extraction_card,not_included_mixed_public_or_provider_access,not_redistributed_no_rights_grant,withheld_hash_locator_only
4cbb913b08514c3b9aca,AAPL,FY2022_Q3,FY2022_Q4,afd4909a20802a337b240acb,59071b1e5993391a5f10c099,ledger_forward,event,Apple::Mac,LIMITS_REVENUE_OF,supply,supply,supply_capacity,negative,medium,0.95,True,,[31],explicit_tail,a2ce07152d49778dc6053ec2,FY2022_Q4,Realized/Reporting,0.08898371484709314,4,True,False,persistent,full_mainpanel,consumer_device_ecosystem,dfbfa1706751062f47bab3574224e724826906814776f214756aa22e99e78530,133,included_in_public_release,author_created_derived_post_extraction_card,not_included_mixed_public_or_provider_access,not_redistributed_no_rights_grant,withheld_hash_locator_only
26164ea29988e2704386,AAPL,FY2022_Q3,FY2022_Q4,fb69163d993fc707f0a225f7,0c9b3f7c2c4ba73a0dbd2376,ledger_forward,event,Apple::Wearables Home and Accessories,LIMITS_REVENUE_OF,macro,macro,regulation_macro,negative,medium,0.9,True,,[351],explicit_tail,f5dd39343ff9309259169e17,FY2022_Q4,Realized/Reporting,0.09744572620209983,3,True,False,persistent,full_mainpanel,consumer_device_ecosystem,3e0393e7e5d5ebc22866dc2e2e2307cf71a08e889d83fe46a2572ca2600d2530,126,included_in_public_release,author_created_derived_post_extraction_card,not_included_mixed_public_or_provider_access,not_redistributed_no_rights_grant,withheld_hash_locator_only
165b7d34f4c689fa6bdc,AAPL,FY2022_Q4,FY2023_Q1,2138925ee8360e82265eda01,7eed1f6d1c673febe8a06161,ledger_forward,event,UNKNOWN,LIMITS_REVENUE_OF,macro,macro,regulation_macro,negative,high,1.0,True,,[156],unresolved,da5fa8ea7c99d09b043049fb,FY2023_Q1,Forecast/Guidance,,0,True,False,persistent,full_mainpanel,consumer_device_ecosystem,3d18a4b2e1f36fe050079412807b654757c9e6dd19c36553c86a736f8d0424ee,101,included_in_public_release,author_created_derived_post_extraction_card,not_included_mixed_public_or_provider_access,not_redistributed_no_rights_grant,withheld_hash_locator_only
3aadb8ae5e6658095e4d,AAPL,FY2022_Q4,FY2023_Q1,9b803d282ecf5e7affd6840b,4b281c8aaf1498feac739599,ledger_forward+shock_forward,event,Apple::Mac,LIMITS_REVENUE_OF,macro,macro,regulation_macro,negative,high,1.0,True,,[157],explicit_tail,a2ce07152d49778dc6053ec2,FY2023_Q1,Forecast/Guidance,0.1276595744680851,3,True,False,persistent,full_mainpanel,consumer_device_ecosystem,b96b81612f60791a8287a323883c21a558fc4bf7f0527edf6f656826dbe83cae,218,included_in_public_release,author_created_derived_post_extraction_card,not_included_mixed_public_or_provider_access,not_redistributed_no_rights_grant,withheld_hash_locator_only
8381872da81366eeeac0,AAPL,FY2022_Q4,FY2023_Q1,5f01090c44272ba8145f8ff2,35779effbc4877ba903f7000,ledger_forward+shock_forward,event,Apple::Mac,LIMITS_REVENUE_OF,product_transition,product_transition,product_transition,negative,high,1.0,True,,[157],explicit_tail,a2ce07152d49778dc6053ec2,FY2023_Q1,Forecast/Guidance,0.1276595744680851,3,True,False,persistent,full_mainpanel,consumer_device_ecosystem,b96b81612f60791a8287a323883c21a558fc4bf7f0527edf6f656826dbe83cae,218,included_in_public_release,author_created_derived_post_extraction_card,not_included_mixed_public_or_provider_access,not_redistributed_no_rights_grant,withheld_hash_locator_only
8cbb8f0a5f0864d9330b,AAPL,FY2022_Q4,FY2023_Q1,42dd75fd90f6c90dd927f1a9,d9375e28be727871ee031a60,ledger_forward,event,Apple::Mac,BOOSTS_REVENUE_OF,inventory,inventory,inventory_channel,positive,medium,1.0,True,,[114],explicit_tail,a2ce07152d49778dc6053ec2,FY2023_Q1,Realized/Reporting,0.1276595744680851,3,True,False,persistent,full_mainpanel,consumer_device_ecosystem,27af8f8f57b8dcd4135b39d7c69d28037c0f270ec43f571b526eb6be0f9671e2,66,included_in_public_release,author_created_derived_post_extraction_card,not_included_mixed_public_or_provider_access,not_redistributed_no_rights_grant,withheld_hash_locator_only
f85ebda1664ceaae98df,AAPL,FY2022_Q4,FY2023_Q1,7f2e4557221295bae3683b96,8317350e2f5fbe2a05e07383,ledger_forward,event,Apple::Mac,BOOSTS_REVENUE_OF,supply,supply,supply_capacity,positive,medium,1.0,True,,[113],explicit_tail,a2ce07152d49778dc6053ec2,FY2023_Q1,Realized/Reporting,0.1276595744680851,3,True,False,persistent,full_mainpanel,consumer_device_ecosystem,8d2f2adbdec883b5e633e3f5fa74cd75a397c6e0e507dd6c037861a6549f757a,133,included_in_public_release,author_created_derived_post_extraction_card,not_included_mixed_public_or_provider_access,not_redistributed_no_rights_grant,withheld_hash_locator_only
c10be41f47011790767d,AAPL,FY2023_Q1,FY2023_Q2,b60ae4bc29e4d71ddf008bb7,b54c179a525eb08c1fb3626d,ledger_forward,event,UNKNOWN,LIMITS_REVENUE_OF,macro,macro,regulation_macro,negative,medium,0.95,True,,[171],unresolved,dc04cd2888bcbbe3b9772858,FY2023_Q2,Forecast/Guidance,,0,True,False,persistent,full_mainpanel,consumer_device_ecosystem,72db34902c57cc4ce11cbe41971eda4aa30e2966c9f4f9eb6f12101e64e3098a,119,included_in_public_release,author_created_derived_post_extraction_card,not_included_mixed_public_or_provider_access,not_redistributed_no_rights_grant,withheld_hash_locator_only
d5e9a6847809015daf4d,AAPL,FY2023_Q1,FY2023_Q2,37019efe7ec37bb0c34d8b6d,0b2904993e6bb582ac6b468e,ledger_forward+shock_forward,event,Apple::Services,LIMITS_REVENUE_OF,macro,macro,regulation_macro,negative,medium,0.95,True,,[172],explicit_tail,4ba5fa66d88fb21a0664dfca,FY2023_Q2,Forecast/Guidance,0.17725387097324888,2,True,False,persistent,full_mainpanel,consumer_device_ecosystem,2d11a5803ea31424a578f0340f04d1c4becbeaaf958b96cbb3458cdf28d280e3,159,included_in_public_release,author_created_derived_post_extraction_card,not_included_mixed_public_or_provider_access,not_redistributed_no_rights_grant,withheld_hash_locator_only
c20a5c27056a79aa28a5,AAPL,FY2023_Q1,FY2023_Q2,3d3a13b97ea18e7176a8cbdd,db7b140de5e52c461ab1e03e,ledger_forward+shock_forward,event,Apple::Mac,LIMITS_REVENUE_OF,macro,macro,regulation_macro,negative,high,0.95,True,,[174],explicit_tail,a2ce07152d49778dc6053ec2,FY2023_Q2,Forecast/Guidance,0.06602420745343736,5,True,False,persistent,full_mainpanel,consumer_device_ecosystem,f3a9a8ce44c086e1215beb78536ba8ef85dbe9e555e5d79c5ab37093d50a4b65,164,included_in_public_release,author_created_derived_post_extraction_card,not_included_mixed_public_or_provider_access,not_redistributed_no_rights_grant,withheld_hash_locator_only
7d57d65ec69a1ca0df75,AAPL,FY2023_Q1,FY2023_Q2,9cee0ffc161b0c6b7df0a432,11f14b6ae7ea637ee93da2d8,ledger_forward+shock_forward,event,Apple::iPad,LIMITS_REVENUE_OF,macro,macro,regulation_macro,negative,high,0.95,True,,[174],explicit_tail,6583147a516737e1eeb699d0,FY2023_Q2,Forecast/Guidance,0.08020212711473787,4,True,False,persistent,full_mainpanel,consumer_device_ecosystem,f3a9a8ce44c086e1215beb78536ba8ef85dbe9e555e5d79c5ab37093d50a4b65,164,included_in_public_release,author_created_derived_post_extraction_card,not_included_mixed_public_or_provider_access,not_redistributed_no_rights_grant,withheld_hash_locator_only
f680507fa5127e257915,AAPL,FY2023_Q2,FY2023_Q3,079a5c946047cb45a178e441,a8e5fb7dba83c735d89eb2d1,ledger_forward,event,UNKNOWN,LIMITS_REVENUE_OF,macro,macro,regulation_macro,negative,medium,0.95,True,,[134],unresolved,dc04cd2888bcbbe3b9772858,FY2023_Q3,Forecast/Guidance,,0,True,False,persistent,full_mainpanel,consumer_device_ecosystem,3316702ccaf4605fc4c40e104fedbbc222497ccff55bdb08ebfb887cfd2de281,128,included_in_public_release,author_created_derived_post_extraction_card,not_included_mixed_public_or_provider_access,not_redistributed_no_rights_grant,withheld_hash_locator_only
4cd03b31578f0f94ba7f,AAPL,FY2023_Q2,FY2023_Q3,96a9fdca1e1f3f2a23675dca,1ac3f1fd413022d3202f4301,ledger_forward+shock_forward,event,Apple::Services,LIMITS_REVENUE_OF,macro,macro,regulation_macro,negative,medium,0.95,True,,[135],explicit_tail,4ba5fa66d88fb21a0664dfca,FY2023_Q3,Forecast/Guidance,0.22045425787675565,2,True,False,persistent,full_mainpanel,consumer_device_ecosystem,2b4b47dcc19b3428a79d122a35634cf7de0c62e86749bdc1064b161b17dd781b,211,included_in_public_release,author_created_derived_post_extraction_card,not_included_mixed_public_or_provider_access,not_redistributed_no_rights_grant,withheld_hash_locator_only
b1129dc466729362a60d,AAPL,FY2023_Q3,FY2023_Q4,c5b32ffb5ba529f6e29648af,77c229898039e247e837f76d,ledger_forward,event,UNKNOWN,LIMITS_REVENUE_OF,macro,macro,regulation_macro,negative,medium,0.95,True,,[138],unresolved,dc04cd2888bcbbe3b9772858,FY2023_Q4,Forecast/Guidance,,0,True,False,persistent,full_mainpanel,consumer_device_ecosystem,eb409925f64fe7601eebf5e2c41fb36f43a2ac40be2dc8902134d8e40de01ec3,132,included_in_public_release,author_created_derived_post_extraction_card,not_included_mixed_public_or_provider_access,not_redistributed_no_rights_grant,withheld_hash_locator_only
2b7d0b6cd7d6f25a151b,AAPL,FY2023_Q3,FY2023_Q4,37acaf81a8282c821eaac16f,ea530cc72c796637a4255890,ledger_forward+shock_forward,event,Apple::Mac,LIMITS_REVENUE_OF,demand,demand,demand,negative,high,0.98,True,,[140],explicit_tail,a2ce07152d49778dc6053ec2,FY2023_Q4,Forecast/Guidance,0.08362164871572307,4,True,False,persistent,full_mainpanel,consumer_device_ecosystem,74b6ed04cec179562616729ddf7a9ff4e58d13cf523e2941d6fd090e835bd95a,138,included_in_public_release,author_created_derived_post_extraction_card,not_included_mixed_public_or_provider_access,not_redistributed_no_rights_grant,withheld_hash_locator_only
fa3791e505b97c12c3fd,AAPL,FY2023_Q3,FY2023_Q4,ad5270851096228a48336ac6,7f296433443b3b138d78c65a,ledger_forward+shock_forward,event,Apple::iPad,LIMITS_REVENUE_OF,demand,demand,demand,negative,high,0.98,True,,[140],explicit_tail,6583147a516737e1eeb699d0,FY2023_Q4,Forecast/Guidance,0.07079721750186437,5,True,False,persistent,full_mainpanel,consumer_device_ecosystem,74b6ed04cec179562616729ddf7a9ff4e58d13cf523e2941d6fd090e835bd95a,138,included_in_public_release,author_created_derived_post_extraction_card,not_included_mixed_public_or_provider_access,not_redistributed_no_rights_grant,withheld_hash_locator_only
670d0994048aa8b128af,AAPL,FY2023_Q3,FY2023_Q4,7568971cbd25222df81082f3,fe35647a8df5f59bc6abb5c4,ledger_forward+shock_forward,event,Apple::Mac,LIMITS_REVENUE_OF,supply,supply,supply_capacity,negative,high,0.95,True,,[141],explicit_tail,a2ce07152d49778dc6053ec2,FY2023_Q4,Forecast/Guidance,0.08362164871572307,4,True,False,persistent,full_mainpanel,consumer_device_ecosystem,c8559a89efec331c7fd4766bcea9153342b0f26b2df1db1cb921737ddb39f6dd,193,included_in_public_release,author_created_derived_post_extraction_card,not_included_mixed_public_or_provider_access,not_redistributed_no_rights_grant,withheld_hash_locator_only
98a6f775cf8d01f88baf,AAPL,FY2023_Q3,FY2023_Q4,6c91db5a2276ffb4615c3bad,8ab2f93159717bf85f4975a0,ledger_forward+shock_forward,event,Apple::iPad,LIMITS_REVENUE_OF,supply,supply,supply_capacity,negative,high,0.95,True,,[141],explicit_tail,6583147a516737e1eeb699d0,FY2023_Q4,Forecast/Guidance,0.07079721750186437,5,True,False,persistent,full_mainpanel,consumer_device_ecosystem,c8559a89efec331c7fd4766bcea9153342b0f26b2df1db1cb921737ddb39f6dd,193,included_in_public_release,author_created_derived_post_extraction_card,not_included_mixed_public_or_provider_access,not_redistributed_no_rights_grant,withheld_hash_locator_only
af5949f7b7c50db9eef7,AAPL,FY2023_Q4,FY2024_Q1,c5d4c815dbd32b5738ed4f99,f99cb4d16d7abd6db9af9537,ledger_forward+shock_forward,claim,Apple::iPhone,SUPPORTS_REVENUE_OF,supply,supply,supply_capacity,positive,medium,0.85,False,explicit,[83],explicit_segment,434a0ac533ee44fefb8f069e,FY2024_Q1,Forecast/Guidance,0.4894522782632014,1,True,False,unknown,full_mainpanel,consumer_device_ecosystem,6cace1aed723916fdf67ee0e92cb2053a3d3d2624f7f5ce4c5438dc96b291df8,98,included_in_public_release,author_created_derived_post_extraction_card,not_included_mixed_public_or_provider_access,not_redistributed_no_rights_grant,withheld_hash_locator_only
f01a9b3aa2e088f5f33f,AAPL,FY2024_Q1,FY2024_Q2,dbf68ef52e79840564cedd8f,b7f5541132fb5475a03e0a7c,ledger_forward,event,UNKNOWN,LIMITS_REVENUE_OF,macro,macro,regulation_macro,negative,medium,1.0,True,,[143],unresolved,da5fa8ea7c99d09b043049fb,FY2024_Q2,Forecast/Guidance,,0,True,False,persistent,full_mainpanel,consumer_device_ecosystem,ce1323a0ddc637c036b9c74d4e989493b7f363fea71a8e97c45fe56f0332c9f5,257,included_in_public_release,author_created_derived_post_extraction_card,not_included_mixed_public_or_provider_access,not_redistributed_no_rights_grant,withheld_hash_locator_only
c00da4e78962d3b6ed58,AAPL,FY2024_Q1,FY2024_Q2,ca76b9c43245d7348df75bc2,ec500f2744301705978d63df,ledger_forward+shock_forward,event,Apple::Services,LIMITS_REVENUE_OF,regulation,regulation,regulation_macro,negative,medium,0.9,True,,[310],explicit_tail,4ba5fa66d88fb21a0664dfca,FY2024_Q2,Forecast/Guidance,0.1933263642065649,2,True,False,persistent,full_mainpanel,consumer_device_ecosystem,29f27870e1fa3a8316ec7e32b4d3c5c2b21003dfc246dabe89f683adde663494,173,included_in_public_release,author_created_derived_post_extraction_card,not_included_mixed_public_or_provider_access,not_redistributed_no_rights_grant,withheld_hash_locator_only
78550d5650d1a5aa7bd6,AAPL,FY2024_Q2,FY2024_Q3,ef1382b0d9b12ca16989dfb8,007bd52ae98d6fe778da0ecc,ledger_forward,claim,UNKNOWN,DRIVES_DEMAND_FOR,demand,product_transition,demand,positive,medium,0.9,True,explicit,[6],unresolved,,FY2024_Q3,Forecast/Guidance,,0,True,False,persistent,full_mainpanel,consumer_device_ecosystem,f4d945788675d8603e7ff738c10d43afce118dfe9f14e2a9971fe7fa86c38e7e,199,included_in_public_release,author_created_derived_post_extraction_card,not_included_mixed_public_or_provider_access,not_redistributed_no_rights_grant,withheld_hash_locator_only
086d84e7be250c75da35,AAPL,FY2024_Q2,FY2024_Q3,08ccbdee13ea4f0819508961,30cd5125f271ccfa6b8b4658,ledger_forward,claim,UNKNOWN,LIMITS_REVENUE_OF,supply,supply,supply_capacity,negative,low,0.9,False,explicit,[111],unresolved,,FY2024_Q3,Forecast/Guidance,,0,True,False,unknown,full_mainpanel,consumer_device_ecosystem,2283643ad4e2a408eff7fc74a379f862d92e7cb4c3479b05839649701aba426a,85,included_in_public_release,author_created_derived_post_extraction_card,not_included_mixed_public_or_provider_access,not_redistributed_no_rights_grant,withheld_hash_locator_only
aeaffbcd05da238ba1e0,AAPL,FY2024_Q2,FY2024_Q3,b9801db730c8d2a482fc25c1,c4c27f354e5d2d943e0e977d,ledger_forward,event,UNKNOWN,LIMITS_REVENUE_OF,macro,macro,regulation_macro,negative,medium,0.95,True,,[127],unresolved,da5fa8ea7c99d09b043049fb,FY2024_Q3,Forecast/Guidance,,0,True,False,persistent,full_mainpanel,consumer_device_ecosystem,be3e2432422089b0f7ad4b5a6e170e56d13c129748351a3d1ffb56cdbb60ee40,161,included_in_public_release,author_created_derived_post_extraction_card,not_included_mixed_public_or_provider_access,not_redistributed_no_rights_grant,withheld_hash_locator_only
6c0053649a3342f339a0,AAPL,FY2024_Q2,FY2024_Q3,04db9c647d0d6127a7aa8ada,925a323c8318746e86f29193,ledger_forward+shock_forward,event,Apple::Services,BOOSTS_REVENUE_OF,demand,demand,demand,positive,high,0.95,True,,[149],explicit_tail,4ba5fa66d88fb21a0664dfca,FY2024_Q3,Forecast/Guidance,0.26298855134265536,2,True,False,persistent,full_mainpanel,consumer_device_ecosystem,847b1a4358819781f75e30339250d540c396541c3bd285010d2a4c8944229512,123,included_in_public_release,author_created_derived_post_extraction_card,not_included_mixed_public_or_provider_access,not_redistributed_no_rights_grant,withheld_hash_locator_only
7559d3dc462f2826be4f,AAPL,FY2024_Q2,FY2024_Q3,7f2145e7e80dc51c313e6437,17b69336b7e7b468308a2616,ledger_forward+shock_forward,event,Apple::iPad,BOOSTS_REVENUE_OF,demand,demand,demand,positive,high,0.95,True,,[129],explicit_tail,6583147a516737e1eeb699d0,FY2024_Q3,Forecast/Guidance,0.06125417341575485,5,True,False,persistent,full_mainpanel,consumer_device_ecosystem,c16d158befd368bee4f7fbe0e89564006fc1ea6833284e0b4c9814130581fb2b,49,included_in_public_release,author_created_derived_post_extraction_card,not_included_mixed_public_or_provider_access,not_redistributed_no_rights_grant,withheld_hash_locator_only
e98a3b4137e35eab5c93,AAPL,FY2024_Q3,FY2024_Q4,70d82b4bd883e9979c4d0c1f,ae6fcd509d0811ba94c88313,ledger_forward+shock_forward,claim,Apple::iPhone,DRIVES_DEMAND_FOR,demand,demand,demand,positive,high,1.0,True,explicit,[18],explicit_segment,573c15a7287220027202313c,FY2024_Q4,Forecast/Guidance,0.4581181435582965,1,True,False,persistent,full_mainpanel,consumer_device_ecosystem,a50e4f3d3759a7d17d04dbd38cb8d400da4eea365c2de213bffd186716dcc836,145,included_in_public_release,author_created_derived_post_extraction_card,not_included_mixed_public_or_provider_access,not_redistributed_no_rights_grant,withheld_hash_locator_only
90a574428268bf7d82fb,AAPL,FY2024_Q3,FY2024_Q4,3c5411a422cb54f559ea4ea7,f8eb05674e36ab7b0648c26a,ledger_forward,event,UNKNOWN,LIMITS_REVENUE_OF,macro,macro,regulation_macro,negative,medium,0.95,True,,[128],unresolved,da5fa8ea7c99d09b043049fb,FY2024_Q4,Forecast/Guidance,,0,True,False,persistent,full_mainpanel,consumer_device_ecosystem,c4da0def72710aabfdb9fc402cea48504b584571dc68cc9af9f2440fa22a1a46,154,included_in_public_release,author_created_derived_post_extraction_card,not_included_mixed_public_or_provider_access,not_redistributed_no_rights_grant,withheld_hash_locator_only
ba23fc46f5b367b5dd0e,AAPL,FY2024_Q3,FY2024_Q4,58be0764724f3eee76fd3e5a,825e10ca5e7afc990ca6556f,ledger_forward+shock_forward,event,Apple::Services,BOOSTS_REVENUE_OF,demand,demand,demand,positive,high,0.95,True,,[130],explicit_tail,4ba5fa66d88fb21a0664dfca,FY2024_Q4,Forecast/Guidance,0.28227846625552305,2,True,False,persistent,full_mainpanel,consumer_device_ecosystem,3054487051ba2501142d5d61caec80ab4b866dd3e010090c48f5738a1ec9dee8,135,included_in_public_release,author_created_derived_post_extraction_card,not_included_mixed_public_or_provider_access,not_redistributed_no_rights_grant,withheld_hash_locator_only
10e983f71000eb9c5da3,AAPL,FY2025_Q2,FY2025_Q3,d53669f451cd0caad047a04f,7b7e530611fa0c383cfca54f,ledger_forward,event,UNKNOWN,LIMITS_REVENUE_OF,regulation,regulation,regulation_macro,negative,high,1.0,True,,[81],unresolved,dc04cd2888bcbbe3b9772858,FY2025_Q3,Forecast/Guidance,,0,True,False,persistent,full_mainpanel,consumer_device_ecosystem,3faeed831b5f59406666eb72f83e108494545358dadc9059d61a9211f97aae72,224,included_in_public_release,author_created_derived_post_extraction_card,not_included_mixed_public_or_provider_access,not_redistributed_no_rights_grant,withheld_hash_locator_only
9d769b4612b3de8403db,AMZN,FY2018_Q4,FY2019_Q1,965d4e88631cf727431c7f68,22d71f3346f79ceccaf21efa,ledger_forward+shock_forward,claim,Amazon Com::Online Stores,LIMITS_REVENUE_OF,regulation,regulation,regulation_macro,negative,medium,1.0,False,explicit,[27],explicit_segment,199fcb26ec0a571bd55daa98,FY2019_Q1,Forecast/Guidance,0.5501568047746018,1,True,False,unknown,full_mainpanel,cloud_platform_ads,c865c9db9d34a984fddbf8da0b653ecfc155e3ad5a32512d1e4a943de26f5798,105,included_in_public_release,author_created_derived_post_extraction_card,not_included_mixed_public_or_provider_access,not_redistributed_no_rights_grant,withheld_hash_locator_only
f56c981d0ce0e082451f,AMZN,FY2018_Q4,FY2019_Q1,efeebd6afccdb696165e2c48,881e1c832214661ff1ea4a00,ledger_forward+shock_forward,event,Amazon Com::Subscription Services,LIMITS_REVENUE_OF,regulation,regulation,regulation_macro,negative,medium,0.95,True,,[33],explicit_tail,b2f6cdc0affb0b560b1270d0,FY2019_Q1,Forecast/Guidance,0.0547089786275783,4,True,False,persistent,full_mainpanel,cloud_platform_ads,b57cf16a7a6f2271200fb882b8807ad6593dff0802af9534a3c6094aebcf2e05,130,included_in_public_release,author_created_derived_post_extraction_card,not_included_mixed_public_or_provider_access,not_redistributed_no_rights_grant,withheld_hash_locator_only
68477c788a378aefa01f,AMZN,FY2018_Q4,FY2019_Q1,a307ed65d56f8edc06129049,543e455f8a42b7e3c0966318,ledger_forward,event,UNKNOWN,LIMITS_REVENUE_OF,regulation,regulation,regulation_macro,negative,medium,0.9,True,,[55],unresolved,dc04cd2888bcbbe3b9772858,FY2019_Q1,Forecast/Guidance,,0,True,False,persistent,full_mainpanel,cloud_platform_ads,75a746a6e392f5f41861d1d3d97c4198feb46c9a856adea5b3a9e6b0a8bee956,227,included_in_public_release,author_created_derived_post_extraction_card,not_included_mixed_public_or_provider_access,not_redistributed_no_rights_grant,withheld_hash_locator_only
187133d28d19efb2e440,AMZN,FY2019_Q1,FY2019_Q2,e675984e5f33d391107a9731,bace23cfef72e10e9c37f0c6,ledger_forward+shock_forward,claim,Amazon Com::Online Stores,BOOSTS_REVENUE_OF,demand,demand,demand,positive,high,1.0,True,explicit,[32],explicit_segment,feca29e580886e5cf740edf9,FY2019_Q2,Forecast/Guidance,0.4941038525963149,1,True,False,persistent,full_mainpanel,cloud_platform_ads,926ff4d8fee61247c7bd941b28a3f79005820b4cadf2ec0fae27277b12311ca3,143,included_in_public_release,author_created_derived_post_extraction_card,not_included_mixed_public_or_provider_access,not_redistributed_no_rights_grant,withheld_hash_locator_only
a93f95ad6d448231d18a,AMZN,FY2019_Q1,FY2019_Q2,8476fd304b853663bd7b1a94,0b53ec2da77fc2feaa10b1c3,ledger_forward+shock_forward,event,Amazon Com::Online Stores,LIMITS_REVENUE_OF,supply,supply,supply_capacity,negative,high,0.95,True,,[79],explicit_tail,e8cac735845b5e04cbe54f45,FY2019_Q2,Forecast/Guidance,0.4941038525963149,1,True,False,persistent,full_mainpanel,cloud_platform_ads,4ce880cab137811b2edb9c4ed306dd34be00c2cdcb8d98add3d6711413af5913,107,included_in_public_release,author_created_derived_post_extraction_card,not_included_mixed_public_or_provider_access,not_redistributed_no_rights_grant,withheld_hash_locator_only
b082fbd1ab23e13a911e,AMZN,FY2019_Q1,FY2019_Q2,5c3ebde6d1e5cece87434178,91bf31e10e67edae7d379e39,ledger_forward,event,Amazon Com::Online Stores,BOOSTS_REVENUE_OF,supply,supply,supply_capacity,positive,medium,0.9,True,,[84],explicit_tail,e8cac735845b5e04cbe54f45,FY2019_Q2,Realized/Reporting,0.4941038525963149,1,True,False,persistent,full_mainpanel,cloud_platform_ads,a1c5f587331c47c095573bbc2619fe743c7ad59addff84b724a54ced58574acc,151,included_in_public_release,author_created_derived_post_extraction_card,not_included_mixed_public_or_provider_access,not_redistributed_no_rights_grant,withheld_hash_locator_only
d85fdc9bb67c75bf4199,AMZN,FY2019_Q3,FY2019_Q4,068b50385b2deb8f3376f547,3eaf2fd3062ca441bb0b4a2c,ledger_forward+shock_forward,claim,Amazon Com::Online Stores,BOOSTS_REVENUE_OF,demand,demand,demand,positive,high,0.9,True,explicit,[31],explicit_segment,1f3368787570f9b5502e3f41,FY2019_Q4,Forecast/Guidance,0.5006930452551407,1,True,False,persistent,full_mainpanel,cloud_platform_ads,4fba153546a493b0f39f10f405502f45cc22c4a1ba0f1d277fb542b07ca279fa,70,included_in_public_release,author_created_derived_post_extraction_card,not_included_mixed_public_or_provider_access,not_redistributed_no_rights_grant,withheld_hash_locator_only
8f694dbcdfaf36ea3588,AMZN,FY2019_Q3,FY2019_Q4,07b6388b10c1989b9a000f50,d492823093e84a5f35a802e0,ledger_forward,claim,UNKNOWN,INCREASES_SPEND_ON,supply,supply,supply_capacity,negative,high,0.98,True,explicit,[28],unresolved,,FY2019_Q4,Forecast/Guidance,,0,True,False,persistent,full_mainpanel,cloud_platform_ads,4e26aa67ee2e92aca3132c82f8a7134abd47fdc3d0f96b8d9efef474800a4090,163,included_in_public_release,author_created_derived_post_extraction_card,not_included_mixed_public_or_provider_access,not_redistributed_no_rights_grant,withheld_hash_locator_only
055265fc5b11c3cb0a55,AMZN,FY2019_Q3,FY2019_Q4,02f29f05b5423e9cf32b698e,7ac9bcf24613a8ea0420ab45,ledger_forward,claim,UNKNOWN,INCREASES_SPEND_ON,supply,supply,supply_capacity,positive,medium,0.9,True,explicit,[48],unresolved,,FY2019_Q4,Forecast/Guidance,,0,True,False,persistent,full_mainpanel,cloud_platform_ads,02a9a0826b62f717657904dd24632720e27d07f7f9c117516a70ec0b31c70b39,107,included_in_public_release,author_created_derived_post_extraction_card,not_included_mixed_public_or_provider_access,not_redistributed_no_rights_grant,withheld_hash_locator_only
763f23b0b7677b5ffa2d,AMZN,FY2019_Q3,FY2019_Q4,65b618b1761e2195c02c9b86,4d76b80d689fb48c27c52820,ledger_forward+shock_forward,claim,Amazon Com::Online Stores,BOOSTS_REVENUE_OF,supply,supply,supply_capacity,positive,medium,0.85,True,explicit,[50],explicit_segment,9433fa6090fab9e064a96f04,FY2019_Q4,Forecast/Guidance,0.5006930452551407,1,True,False,persistent,full_mainpanel,cloud_platform_ads,620b12125cf4155c3e678511562b10a1132d27951154af88e3c8f5aff19e7482,157,included_in_public_release,author_created_derived_post_extraction_card,not_included_mixed_public_or_provider_access,not_redistributed_no_rights_grant,withheld_hash_locator_only
684624ca097e3556be55,AMZN,FY2019_Q3,FY2019_Q4,8ac92d7f5eb77bdb04c47f96,b5164585e76169e2ece9861f,ledger_forward,claim,UNKNOWN,INCREASES_SPEND_ON,product_transition,product_transition,product_transition,negative,medium,0.9,False,explicit,[34],unresolved,,FY2019_Q4,Forecast/Guidance,,0,True,False,unknown,full_mainpanel,cloud_platform_ads,60b3e7eb5dc4f7ff05832961b124e2c5d26507ff375b77d5a044e2b922346b58,130,included_in_public_release,author_created_derived_post_extraction_card,not_included_mixed_public_or_provider_access,not_redistributed_no_rights_grant,withheld_hash_locator_only
06c77b53610a8539fc40,AMZN,FY2019_Q3,FY2019_Q4,7cc0fb06c2fe470fac00ce51,69af553f6d69ea5ebc6cfb58,ledger_forward+shock_forward,claim,Amazon Com::Third-Party Seller Services,SUPPORTS_REVENUE_OF,demand,demand,demand,positive,medium,0.95,True,explicit,[73],explicit_segment,61a6d76184869c1e08781a0a,FY2019_Q4,Forecast/Guidance,0.18879410125605522,2,True,False,persistent,full_mainpanel,cloud_platform_ads,9d9a275a85997482f5015f6ff734c5a068077863a14c716f484d2129fdfccf98,105,included_in_public_release,author_created_derived_post_extraction_card,not_included_mixed_public_or_provider_access,not_redistributed_no_rights_grant,withheld_hash_locator_only
b7e4947944b8c090832b,AMZN,FY2019_Q3,FY2019_Q4,69366f79431e8c0844bd3c9f,3247217dd67318f181b20c61,ledger_forward,event,UNKNOWN,LIMITS_REVENUE_OF,macro,macro,regulation_macro,negative,medium,0.95,True,,[42],unresolved,da5fa8ea7c99d09b043049fb,FY2019_Q4,Forecast/Guidance,,0,True,False,persistent,full_mainpanel,cloud_platform_ads,d998bac2e104e030b5b77a21f1ee0ca27381a52d5febd0c965c2c86447625aeb,88,included_in_public_release,author_created_derived_post_extraction_card,not_included_mixed_public_or_provider_access,not_redistributed_no_rights_grant,withheld_hash_locator_only
276a2a6a9c04dc1dc8af,AMZN,FY2019_Q3,FY2019_Q4,ff9f125385cdafa29c1d917f,6fd2c9c990de06b4024659ca,ledger_forward,event,UNKNOWN,LIMITS_REVENUE_OF,regulation,regulation,regulation_macro,negative,medium,0.98,True,,[43],unresolved,da5fa8ea7c99d09b043049fb,FY2019_Q4,Forecast/Guidance,,0,True,False,persistent,full_mainpanel,cloud_platform_ads,130f86b59317e2fc3d5b9c34426bd50e5ef9461ea3c338699d2854f619da161c,292,included_in_public_release,author_created_derived_post_extraction_card,not_included_mixed_public_or_provider_access,not_redistributed_no_rights_grant,withheld_hash_locator_only
2f36a36cc8092be5aa7e,AMZN,FY2019_Q3,FY2019_Q4,bfd51adb7dfc025bf62c441a,aa8bd2474212d6fd59494b13,ledger_forward,event,UNKNOWN,LIMITS_REVENUE_OF,supply,supply,supply_capacity,negative,high,0.99,True,,[64],unresolved,da5fa8ea7c99d09b043049fb,FY2019_Q4,Forecast/Guidance,,0,True,False,persistent,full_mainpanel,cloud_platform_ads,9115214487c8af7d2edc49940ce3d859672f1131375b3e67fa532ec01b5894c1,421,included_in_public_release,author_created_derived_post_extraction_card,not_included_mixed_public_or_provider_access,not_redistributed_no_rights_grant,withheld_hash_locator_only
0d75e5197616368f6716,AMZN,FY2019_Q3,FY2019_Q4,e084374e1f1bd799e58c7be8,c1df854eb307c6d4e17be014,ledger_forward+shock_forward,event,Amazon Com::Aws,LIMITS_REVENUE_OF,demand,demand,demand,negative,medium,0.95,True,,[89],explicit_tail,7080e0d1e8b384979edbf61e,FY2019_Q4,Forecast/Guidance,0.1285348880410397,3,True,False,persistent,full_mainpanel,cloud_platform_ads,2406f852f10720e5809e53867b2a01ca45358690e7a25ee200da1aed8c90c685,279,included_in_public_release,author_created_derived_post_extraction_card,not_included_mixed_public_or_provider_access,not_redistributed_no_rights_grant,withheld_hash_locator_only
33612334b2b61dc48820,AMZN,FY2019_Q4,FY2020_Q1,f43f32ee6127e2dd1402c0ec,f5dd7d669e8003480f02fae0,ledger_forward,claim,Amazon Com::Online Stores,DRIVES_DEMAND_FOR,demand,product_transition,demand,positive,medium,1.0,True,explicit,[45],explicit_segment,0de37832226ebfca5e5107e4,FY2020_Q1,Realized/Reporting,0.5221702482930567,1,True,False,persistent,full_mainpanel,cloud_platform_ads,4350d40b07ed252c495dc6e7c8716cfdadb7d681c9b65e2f66dca01b51fd0a20,89,included_in_public_release,author_created_derived_post_extraction_card,not_included_mixed_public_or_provider_access,not_redistributed_no_rights_grant,withheld_hash_locator_only
339f0552e2b4ffec7060,AMZN,FY2019_Q4,FY2020_Q1,53b4798d073afaae01dd012d,d16f00f9cfaf47a95c5df177,ledger_forward+shock_forward,event,Amazon Com::Online Stores,LIMITS_REVENUE_OF,revenue_limit,other,revenue_boost_limit,negative,medium,0.95,True,,[145],explicit_tail,e8cac735845b5e04cbe54f45,FY2020_Q1,Forecast/Guidance,0.5221702482930567,1,True,False,persistent,full_mainpanel,cloud_platform_ads,47cea7f8af6cdd6d48162791083a886306ee1e37d869c9cf61adcd77f053b1c0,97,included_in_public_release,author_created_derived_post_extraction_card,not_included_mixed_public_or_provider_access,not_redistributed_no_rights_grant,withheld_hash_locator_only
8bcf758abc39d83a9b05,AMZN,FY2019_Q4,FY2020_Q1,2c0d7e3dbb511952b8a3f878,f177581a0ce37856b3f4089b,ledger_forward+shock_forward,event,Amazon Com::Aws,BOOSTS_REVENUE_OF,revenue_boost,other,revenue_boost_limit,positive,medium,0.95,True,,[230],explicit_tail,7080e0d1e8b384979edbf61e,FY2020_Q1,Forecast/Guidance,0.11384196621567529,3,True,False,persistent,full_mainpanel,cloud_platform_ads,8347a0b10085c07a4dc4bd72f50702fe4d3ffac13bebb804c9c19119d4426f64,104,included_in_public_release,author_created_derived_post_extraction_card,not_included_mixed_public_or_provider_access,not_redistributed_no_rights_grant,withheld_hash_locator_only
3d69aed21913193e57d0,AMZN,FY2020_Q1,FY2020_Q2,5a1e07eeb017a10c87996e3a,bd8fc8e3e8544f16369a987e,ledger_forward+shock_forward,event,Amazon Com::Online Stores,LIMITS_REVENUE_OF,revenue_limit,other,revenue_boost_limit,negative,high,1.0,True,,[53],explicit_tail,e8cac735845b5e04cbe54f45,FY2020_Q2,Forecast/Guidance,0.48576578486985106,1,True,False,persistent,full_mainpanel,cloud_platform_ads,a8a34515968d70b05adc3de80b6ab1bce6305ba217a7dcf0a4052e621fc5960a,130,included_in_public_release,author_created_derived_post_extraction_card,not_included_mixed_public_or_provider_access,not_redistributed_no_rights_grant,withheld_hash_locator_only
6b64c8715a13284ad1bd,AMZN,FY2020_Q1,FY2020_Q2,455f68c8ca3366ea17db9c56,d651c632a716ff4c62f08a57,ledger_forward+shock_forward,event,Amazon Com::Online Stores,LIMITS_REVENUE_OF,supply,supply,supply_capacity,negative,high,1.0,True,,[54],explicit_tail,e8cac735845b5e04cbe54f45,FY2020_Q2,Forecast/Guidance,0.48576578486985106,1,True,False,persistent,full_mainpanel,cloud_platform_ads,0aa1e1a6fa6c349ece27d835a4a4d55dc299c468e29be7fa11a397cebbe008bc,134,included_in_public_release,author_created_derived_post_extraction_card,not_included_mixed_public_or_provider_access,not_redistributed_no_rights_grant,withheld_hash_locator_only
cfc5f1ed812b89b35a15,AMZN,FY2020_Q2,FY2020_Q3,878a091f0aa6982a71d21046,9ec5632444212609a6f79008,ledger_forward+shock_forward,claim,Amazon Com::Online Stores,BOOSTS_REVENUE_OF,supply,supply,supply_capacity,positive,high,1.0,True,explicit,[14],explicit_segment,0f0e2229e5f86a5b13678999,FY2020_Q3,Forecast/Guidance,0.5161957890948353,1,True,False,persistent,full_mainpanel,cloud_platform_ads,280fb242f8aa817d46c638bca02bba178244a782f417987c3ee8651cd1cafa2d,156,included_in_public_release,author_created_derived_post_extraction_card,not_included_mixed_public_or_provider_access,not_redistributed_no_rights_grant,withheld_hash_locator_only
8c496a2708054000aff9,AMZN,FY2020_Q2,FY2020_Q3,959c39de64fc107aebf348f8,f8aa1faceff3d3e26261bd00,ledger_forward+shock_forward,event,Amazon Com::Other,LIMITS_REVENUE_OF,revenue_limit,other,revenue_boost_limit,negative,high,1.0,True,,[63],explicit_tail,a2404c7c859a6b576a1a28a0,FY2020_Q3,Forecast/Guidance,0.047473906784236096,5,True,False,persistent,full_mainpanel,cloud_platform_ads,6741cc6e90ad6e259d963de8105a12c1ebfc840cf240ed230d1a0134a84ac69a,171,included_in_public_release,author_created_derived_post_extraction_card,not_included_mixed_public_or_provider_access,not_redistributed_no_rights_grant,withheld_hash_locator_only
1b54febda2845dfcec1b,AMZN,FY2020_Q2,FY2020_Q3,94fa698f0dfda4534252f53f,bf3f111bc7ae2d3e48bb65bd,ledger_forward+shock_forward,event,Amazon Com::Other,LIMITS_REVENUE_OF,supply,supply,supply_capacity,negative,high,1.0,True,,[65],explicit_tail,a2404c7c859a6b576a1a28a0,FY2020_Q3,Forecast/Guidance,0.047473906784236096,5,True,False,persistent,full_mainpanel,cloud_platform_ads,5831efda24ab92ccd9088f7c832a42930338105dca0a115e73b1d423a0f4094c,165,included_in_public_release,author_created_derived_post_extraction_card,not_included_mixed_public_or_provider_access,not_redistributed_no_rights_grant,withheld_hash_locator_only
e0bab369d5d2e964cb48,AMZN,FY2020_Q2,FY2020_Q3,7f3ed8a9bc03b1b4218936e4,99f779f9c9c968479f3935fe,ledger_forward+shock_forward,event,Amazon Com::Online Stores,LIMITS_REVENUE_OF,revenue_limit,other,revenue_boost_limit,negative,high,1.0,True,,[72],explicit_tail,e8cac735845b5e04cbe54f45,FY2020_Q3,Forecast/Guidance,0.5161957890948353,1,True,False,persistent,full_mainpanel,cloud_platform_ads,1d3644a6d4eb44478d1334b0e48f359a7ec3a9047761928f46290880d848b0cb,95,included_in_public_release,author_created_derived_post_extraction_card,not_included_mixed_public_or_provider_access,not_redistributed_no_rights_grant,withheld_hash_locator_only
147d803b27099948aa75,AMZN,FY2020_Q3,FY2020_Q4,33135d4467338d18b93dbfaa,6a3fd69e5b7f20f1e65abbf0,ledger_forward+shock_forward,event,Amazon Com::Other,LIMITS_REVENUE_OF,revenue_limit,other,revenue_boost_limit,negative,high,0.95,True,,[46],explicit_tail,a2404c7c859a6b576a1a28a0,FY2020_Q4,Forecast/Guidance,0.05614436528160591,5,True,False,persistent,full_mainpanel,cloud_platform_ads,1119df3c4e9148f66b5810d9d8d57e2e502d5285382da2c19a2b32b7fce2e226,173,included_in_public_release,author_created_derived_post_extraction_card,not_included_mixed_public_or_provider_access,not_redistributed_no_rights_grant,withheld_hash_locator_only
c5ada09e733bba1aff41,AMZN,FY2020_Q3,FY2020_Q4,07320f52fbb981f0c0ca5e75,5451f8e4ec3cf430a33f9e71,ledger_forward+shock_forward,event,Amazon Com::Other,LIMITS_REVENUE_OF,supply,supply,supply_capacity,negative,medium,0.9,True,,[51],explicit_tail,a2404c7c859a6b576a1a28a0,FY2020_Q4,Forecast/Guidance,0.05614436528160591,5,True,False,persistent,full_mainpanel,cloud_platform_ads,30de7f2926fabddcf9b70dc19407cd814aad50f3316d7a9343a11373f5f4b1f1,158,included_in_public_release,author_created_derived_post_extraction_card,not_included_mixed_public_or_provider_access,not_redistributed_no_rights_grant,withheld_hash_locator_only
94b2590dbbee32fb6ad6,AMZN,FY2020_Q3,FY2020_Q4,99fad536a679d6924bffb43f,5029dc14e5bb3d1c8696038a,ledger_forward,event,Amazon Com::Other,SUPPORTS_REVENUE_OF,supply,supply,supply_capacity,positive,high,0.9,True,,[59],explicit_tail,a2404c7c859a6b576a1a28a0,FY2020_Q4,Realized/Reporting,0.05614436528160591,5,True,False,persistent,full_mainpanel,cloud_platform_ads,984dcd4cf3e3eb80bea69b2a064a448a71501326905ceb21aeecd7295c028983,183,included_in_public_release,author_created_derived_post_extraction_card,not_included_mixed_public_or_provider_access,not_redistributed_no_rights_grant,withheld_hash_locator_only
933e49d642139c3a85f3,AMZN,FY2020_Q4,FY2021_Q1,f1987307384d5840c2bd78ab,90d1de6239b64e8d2b41d959,ledger_forward+shock_forward,claim,Amazon Com::Physical Stores,BOOSTS_REVENUE_OF,product_transition,product_transition,product_transition,positive,medium,0.9,True,explicit,[76],explicit_segment,05d8281fd747a90b30ebbf08,FY2021_Q1,Forecast/Guidance,0.032057663971964474,6,True,False,persistent,full_mainpanel,cloud_platform_ads,ff9e21f84adeeee8a80ddc697627f3e442073e1221f0831f0ff8db95e6d93833,116,included_in_public_release,author_created_derived_post_extraction_card,not_included_mixed_public_or_provider_access,not_redistributed_no_rights_grant,withheld_hash_locator_only
95dcde25deb216138e75,AMZN,FY2020_Q4,FY2021_Q1,a43b6c234ab7499e796408b5,8349efdfe0280e2eaa9522a3,ledger_forward+shock_forward,event,Amazon Com::Online Stores,LIMITS_REVENUE_OF,revenue_limit,other,revenue_boost_limit,negative,high,1.0,True,,[28],explicit_tail,e8cac735845b5e04cbe54f45,FY2021_Q1,Forecast/Guidance,0.529234200151328,1,True,False,persistent,full_mainpanel,cloud_platform_ads,5fc9623fef46f1d3321a4ef74116381926a90e7627f0123cdeeb9c6a0a9ba9b0,136,included_in_public_release,author_created_derived_post_extraction_card,not_included_mixed_public_or_provider_access,not_redistributed_no_rights_grant,withheld_hash_locator_only
297e22bf0621bb0379d3,AMZN,FY2021_Q1,FY2021_Q2,984d38effd62aebec2c9fb02,b96b729e343a7f4c185f0f13,ledger_forward+shock_forward,event,Amazon Com::Online Stores,BOOSTS_REVENUE_OF,revenue_boost,other,revenue_boost_limit,positive,high,0.9,True,,[49],explicit_tail,e8cac735845b5e04cbe54f45,FY2021_Q2,Forecast/Guidance,0.48748594703182885,1,True,False,persistent,full_mainpanel,cloud_platform_ads,b5ae0193248e5eca11cd1d041affe9107609009d67575e001cd1c8d2789109dc,158,included_in_public_release,author_created_derived_post_extraction_card,not_included_mixed_public_or_provider_access,not_redistributed_no_rights_grant,withheld_hash_locator_only
80da82a78fd51577712f,AMZN,FY2021_Q2,FY2021_Q3,6e0cd9e9c1cc0165d0397e62,f00e0eb951b3b002c9ded8bd,ledger_forward,event,Amazon Com::Third-Party Seller Services,BOOSTS_REVENUE_OF,demand,demand,demand,positive,high,0.9,True,,[26],explicit_tail,20769be4caee73957b2aea43,FY2021_Q3,Realized/Reporting,0.2218340997523877,2,True,False,persistent,full_mainpanel,cloud_platform_ads,eb4c0a9fdb5f034412cfec1218924f6a8da39d9fe2985694428ba0a2f5fc60a4,175,included_in_public_release,author_created_derived_post_extraction_card,not_included_mixed_public_or_provider_access,not_redistributed_no_rights_grant,withheld_hash_locator_only
05978f653dc385fcc056,AMZN,FY2021_Q3,FY2021_Q4,1a4f5f6cc379f334823ad891,a4970f3da9d1883a4eaeec3d,ledger_forward+shock_forward,event,Amazon Com::Online Stores,LIMITS_REVENUE_OF,supply,supply,supply_capacity,negative,high,0.95,True,,[37],explicit_tail,e8cac735845b5e04cbe54f45,FY2021_Q4,Forecast/Guidance,0.4506912608742735,1,True,False,persistent,full_mainpanel,cloud_platform_ads,e5322d063e97cc3134e1fd55a6a4e5e5aa51b2ecb7491b7d60f60f05ab360ba3,143,included_in_public_release,author_created_derived_post_extraction_card,not_included_mixed_public_or_provider_access,not_redistributed_no_rights_grant,withheld_hash_locator_only
2893f8e7d155b7cd3068,AMZN,FY2021_Q3,FY2021_Q4,e05fe23f00b8f24ffc5faf93,0837b0dfe89e19f93e83eeb4,ledger_forward+shock_forward,event,Amazon Com::Online Stores,LIMITS_REVENUE_OF,macro,macro,regulation_macro,negative,medium,0.9,True,,[43],explicit_tail,e8cac735845b5e04cbe54f45,FY2021_Q4,Forecast/Guidance,0.4506912608742735,1,True,False,persistent,full_mainpanel,cloud_platform_ads,bdf6841e23dcbc8446c8b127087f5b48ca56cc17904853acd60eecd3b719d7ba,137,included_in_public_release,author_created_derived_post_extraction_card,not_included_mixed_public_or_provider_access,not_redistributed_no_rights_grant,withheld_hash_locator_only
fbce4633a93d086ff226,AMZN,FY2021_Q3,FY2021_Q4,70d408b2971a0838f13b984b,7820d4739275f77608b4faaf,ledger_forward+shock_forward,event,Amazon Com::Online Stores,LIMITS_REVENUE_OF,demand,demand,demand,negative,medium,0.9,True,,[40],explicit_tail,e8cac735845b5e04cbe54f45,FY2021_Q4,Forecast/Guidance,0.4506912608742735,1,True,False,persistent,full_mainpanel,cloud_platform_ads,ea86795f05978ae97eb3d9a976b0fef44400b82ed200bfedf3b50a91f6f10bcf,167,included_in_public_release,author_created_derived_post_extraction_card,not_included_mixed_public_or_provider_access,not_redistributed_no_rights_grant,withheld_hash_locator_only
926854494f08fa8d3142,AMZN,FY2021_Q3,FY2021_Q4,8b8b196e55aaa7d2fb5f52d8,90cb8ebd689fc91506ad67fe,ledger_forward+shock_forward,event,Amazon Com::Subscription Services,LIMITS_REVENUE_OF,demand,demand,demand,negative,medium,0.95,True,,[51],explicit_tail,b2f6cdc0affb0b560b1270d0,FY2021_Q4,Forecast/Guidance,0.07352994260549399,4,True,False,persistent,full_mainpanel,cloud_platform_ads,3948398a386729c6a23ecef6d85d99a98bbc7c3c94ba6d95a280fe13a726fcc6,161,included_in_public_release,author_created_derived_post_extraction_card,not_included_mixed_public_or_provider_access,not_redistributed_no_rights_grant,withheld_hash_locator_only
88a854b8dc6d8a89ea6f,AMZN,FY2021_Q3,FY2021_Q4,eb7bff155ad26b9ab1f95b33,f1046c98855d7f1e05bc87f2,ledger_forward+shock_forward,event,Amazon Com::Online Stores,LIMITS_REVENUE_OF,pricing,pricing,pricing_margin,negative,medium,0.9,True,,[59],explicit_tail,e8cac735845b5e04cbe54f45,FY2021_Q4,Forecast/Guidance,0.4506912608742735,1,True,False,persistent,full_mainpanel,cloud_platform_ads,b4ace3f772d7d14f7a4ee8e311747156087facbb17d0d3b783a5509ec6d4c4f1,141,included_in_public_release,author_created_derived_post_extraction_card,not_included_mixed_public_or_provider_access,not_redistributed_no_rights_grant,withheld_hash_locator_only
d8ee6d339f8d4b60bd43,AMZN,FY2021_Q4,FY2022_Q1,12f6702c52385f7a9f9c5c9d,afd7b26380386301480283a3,ledger_forward+shock_forward,event,Amazon Com::Other,LIMITS_REVENUE_OF,revenue_limit,other,revenue_boost_limit,negative,medium,0.95,True,,[44],explicit_tail,a2404c7c859a6b576a1a28a0,FY2022_Q1,Forecast/Guidance,0.07587401391435973,4,True,False,persistent,full_mainpanel,cloud_platform_ads,1dea24d467a9f4dfdbc13a43401e01f72d619763172c7c6134957428781ee37a,129,included_in_public_release,author_created_derived_post_extraction_card,not_included_mixed_public_or_provider_access,not_redistributed_no_rights_grant,withheld_hash_locator_only
57b7f9bbb6ae2f718d80,AMZN,FY2021_Q4,FY2022_Q1,ca81fbb02e18fa5fbf4239f9,dc227bbada93edd74ca0f2e6,ledger_forward+shock_forward,event,Amazon Com::Subscription Services,BOOSTS_REVENUE_OF,pricing,pricing,pricing_margin,positive,high,0.98,True,,[74],explicit_tail,b2f6cdc0affb0b560b1270d0,FY2022_Q1,Forecast/Guidance,0.05911419672226589,5,True,False,persistent,full_mainpanel,cloud_platform_ads,f0137adf9d6d410faa8ee09d59d727652ea3d6ef1e212c872277a4f2dd184f41,76,included_in_public_release,author_created_derived_post_extraction_card,not_included_mixed_public_or_provider_access,not_redistributed_no_rights_grant,withheld_hash_locator_only
b12ad942acddbc2a0b9d,AMZN,FY2021_Q4,FY2022_Q1,4c6b004e30e46f57217670fb,fb5e012a2089dbe4111898ae,ledger_forward+shock_forward,event,Amazon Com::Aws,BOOSTS_REVENUE_OF,revenue_boost,other,revenue_boost_limit,positive,medium,0.9,True,,[69],explicit_tail,7080e0d1e8b384979edbf61e,FY2022_Q1,Forecast/Guidance,0.12939190172619566,3,True,False,persistent,full_mainpanel,cloud_platform_ads,0342fd26f1f8288088890030d1539e7bf5faf8ba732f8764d0e6a977a7ae2e7d,105,included_in_public_release,author_created_derived_post_extraction_card,not_included_mixed_public_or_provider_access,not_redistributed_no_rights_grant,withheld_hash_locator_only
7e624e11c96a5e5c7ef6,AMZN,FY2022_Q1,FY2022_Q2,ac0658a9ecc38390558797a7,b47530a4ea080d9161324f3a,ledger_forward+shock_forward,event,Amazon Com::Online Stores,LIMITS_REVENUE_OF,macro,macro,regulation_macro,negative,high,0.95,True,,[69],explicit_tail,e8cac735845b5e04cbe54f45,FY2022_Q2,Forecast/Guidance,0.43908659956717394,1,True,False,persistent,full_mainpanel,cloud_platform_ads,b7de49f78d84fa37ea2a3c009552ab301c2b3ccf2c2c7afb3ea78fc2902fb333,114,included_in_public_release,author_created_derived_post_extraction_card,not_included_mixed_public_or_provider_access,not_redistributed_no_rights_grant,withheld_hash_locator_only
082f5b687f0181c67ed5,AMZN,FY2022_Q1,FY2022_Q2,effdc874312d6734a8aeae31,736cfbdf41526f45e0c3af7c,ledger_forward+shock_forward,event,Amazon Com::Online Stores,LIMITS_REVENUE_OF,supply,supply,supply_capacity,negative,medium,0.9,True,,[65],explicit_tail,e8cac735845b5e04cbe54f45,FY2022_Q2,Forecast/Guidance,0.43908659956717394,1,True,False,persistent,full_mainpanel,cloud_platform_ads,248185a33c74ad76f7989fd789e15e3705146db7059a058eb3c34474bece369e,125,included_in_public_release,author_created_derived_post_extraction_card,not_included_mixed_public_or_provider_access,not_redistributed_no_rights_grant,withheld_hash_locator_only
9b278e961ae97c56c93a,AMZN,FY2022_Q1,FY2022_Q2,3b807c90216b761c41f50f89,20723696032586025cc76a65,ledger_forward,event,Amazon Com::Online Stores,LIMITS_REVENUE_OF,revenue_limit,other,revenue_boost_limit,negative,high,0.9,False,,[100],explicit_tail,e8cac735845b5e04cbe54f45,FY2022_Q2,Realized/Reporting,0.43908659956717394,1,True,False,unknown,full_mainpanel,cloud_platform_ads,fe1e7f55681a62d445f199a68bf83fc0ff5f74f1b09d6c02b2b154720de25ce9,157,included_in_public_release,author_created_derived_post_extraction_card,not_included_mixed_public_or_provider_access,not_redistributed_no_rights_grant,withheld_hash_locator_only
a56b9c5486e401d513b6,AMZN,FY2022_Q2,FY2022_Q3,1716da9069e43407c0548349,8f4aa217faac5b827dd8d2a8,ledger_forward+shock_forward,claim,Amazon Com::Aws,BOOSTS_REVENUE_OF,product_transition,product_transition,product_transition,positive,medium,0.9,False,explicit,[73],explicit_segment,1d75a114863f5f7504563481,FY2022_Q3,Forecast/Guidance,0.16281736146625533,3,True,False,unknown,full_mainpanel,cloud_platform_ads,dc65e153482935ba6176ccd91acb6ce608afadffc5449a0d84a31882f37f5c60,272,included_in_public_release,author_created_derived_post_extraction_card,not_included_mixed_public_or_provider_access,not_redistributed_no_rights_grant,withheld_hash_locator_only
ad2920bdc60044747280,AMZN,FY2022_Q2,FY2022_Q3,c252bc2c9ecc33cb1a5c69a4,cedd26a7e4f1b86e67ff5827,ledger_forward+shock_forward,claim,Amazon Com::Subscription Services,BOOSTS_REVENUE_OF,product_transition,product_transition,product_transition,positive,medium,0.95,True,explicit,[75],explicit_segment,2d8060f44febcd42baa9ede9,FY2022_Q3,Forecast/Guidance,0.07189402312882524,5,True,False,persistent,full_mainpanel,cloud_platform_ads,f6a78460f69ed8b3c5049f8526917b7065c2fa14e9523f0286cfa2ef959225c0,181,included_in_public_release,author_created_derived_post_extraction_card,not_included_mixed_public_or_provider_access,not_redistributed_no_rights_grant,withheld_hash_locator_only
dbff24893167af5bb38b,AMZN,FY2022_Q2,FY2022_Q3,4bec40d8ae84d4314c66b48c,f6a3b6bf063feaa83ae8af75,ledger_forward+shock_forward,event,Amazon Com::Online Stores,BOOSTS_REVENUE_OF,demand,demand,demand,positive,high,1.0,True,,[33],explicit_tail,e8cac735845b5e04cbe54f45,FY2022_Q3,Forecast/Guidance,0.4194780342148242,1,True,False,persistent,full_mainpanel,cloud_platform_ads,767393f41d2f06947a657b55582ce7d61dffc5e3bf628603fedc6c042f5dd526,118,included_in_public_release,author_created_derived_post_extraction_card,not_included_mixed_public_or_provider_access,not_redistributed_no_rights_grant,withheld_hash_locator_only
9981e286f276ae50a88e,AMZN,FY2022_Q2,FY2022_Q3,7246a5a90b817105e865b03a,648c89db0a74e5105316b041,ledger_forward+shock_forward,event,Amazon Com::Online Stores,BOOSTS_REVENUE_OF,supply,supply,supply_capacity,positive,medium,1.0,True,,[97],explicit_tail,e8cac735845b5e04cbe54f45,FY2022_Q3,Forecast/Guidance,0.4194780342148242,1,True,False,persistent,full_mainpanel,cloud_platform_ads,dc65e153482935ba6176ccd91acb6ce608afadffc5449a0d84a31882f37f5c60,272,included_in_public_release,author_created_derived_post_extraction_card,not_included_mixed_public_or_provider_access,not_redistributed_no_rights_grant,withheld_hash_locator_only
549b2009d8cb72ff1c6e,AMZN,FY2022_Q2,FY2022_Q3,d80126621c60b98e9303d4b9,43f00f0505df768beef263ab,ledger_forward+shock_forward,event,Amazon Com::Aws,LIMITS_REVENUE_OF,supply,supply,supply_capacity,negative,medium,1.0,True,,[126],explicit_tail,7080e0d1e8b384979edbf61e,FY2022_Q3,Forecast/Guidance,0.16281736146625533,3,True,False,persistent,full_mainpanel,cloud_platform_ads,65f9f834dacb9b65bd9e461bae25b831bf932d4f13c25c840ae086bcc9c1a284,72,included_in_public_release,author_created_derived_post_extraction_card,not_included_mixed_public_or_provider_access,not_redistributed_no_rights_grant,withheld_hash_locator_only
6b4f90e36e91eda94492,AMZN,FY2022_Q2,FY2022_Q3,a5e690b5ab2ce1d032004dbb,615a3a99c9a0651123a6d62d,ledger_forward+shock_forward,event,Amazon Com::Aws,LIMITS_REVENUE_OF,macro,macro,regulation_macro,negative,medium,1.0,True,,[99],explicit_tail,7080e0d1e8b384979edbf61e,FY2022_Q3,Forecast/Guidance,0.16281736146625533,3,True,False,persistent,full_mainpanel,cloud_platform_ads,75b9ea03af77a0e2f6760c9430309d9591f77f76de52e7b66129ee222f2cbc52,141,included_in_public_release,author_created_derived_post_extraction_card,not_included_mixed_public_or_provider_access,not_redistributed_no_rights_grant,withheld_hash_locator_only
93f3e118937973066bfe,AMZN,FY2022_Q2,FY2022_Q3,82499f28359128a9a7751ad8,d0383d8f4af45cde7f7c4399,ledger_forward+shock_forward,event,Amazon Com::Subscription Services,LIMITS_REVENUE_OF,product_transition,product_transition,product_transition,negative,medium,1.0,True,,[97],explicit_tail,b2f6cdc0affb0b560b1270d0,FY2022_Q3,Forecast/Guidance,0.07189402312882524,5,True,False,persistent,full_mainpanel,cloud_platform_ads,dc65e153482935ba6176ccd91acb6ce608afadffc5449a0d84a31882f37f5c60,272,included_in_public_release,author_created_derived_post_extraction_card,not_included_mixed_public_or_provider_access,not_redistributed_no_rights_grant,withheld_hash_locator_only
a95850c4d4e7451de055,AMZN,FY2022_Q3,FY2022_Q4,f3343ad1a5751f7a71e886c9,5e2728752894a1fbce17b8de,ledger_forward+shock_forward,event,Amazon Com::Other,LIMITS_REVENUE_OF,macro,macro,regulation_macro,negative,high,0.95,True,,[92],explicit_tail,a2404c7c859a6b576a1a28a0,FY2022_Q4,Forecast/Guidance,0.009936979252720277,7,True,False,persistent,full_mainpanel,cloud_platform_ads,7c26f6e6ebaee8cbcfd6010d73890bd7b8baca299d39a036a5505e4a3137019d,112,included_in_public_release,author_created_derived_post_extraction_card,not_included_mixed_public_or_provider_access,not_redistributed_no_rights_grant,withheld_hash_locator_only
91414c488af97d766622,AMZN,FY2022_Q3,FY2022_Q4,4c3fe8654e087ce65f2a83fb,10c5c0121840197026ca44ce,ledger_forward+shock_forward,event,Amazon Com::Online Stores,LIMITS_REVENUE_OF,macro,macro,regulation_macro,negative,medium,0.9,True,,[102],explicit_tail,e8cac735845b5e04cbe54f45,FY2022_Q4,Forecast/Guidance,0.42083854572347973,1,True,False,persistent,full_mainpanel,cloud_platform_ads,cfed9f58decb9701fa65414779508607e6f96ad17bf101a94b197231714bfa67,138,included_in_public_release,author_created_derived_post_extraction_card,not_included_mixed_public_or_provider_access,not_redistributed_no_rights_grant,withheld_hash_locator_only
aaf8c5c9bc1807e4bd8d,AMZN,FY2022_Q3,FY2022_Q4,88968505ac89528cc7756b9f,1b7a85eb144d1331b9db21e9,ledger_forward+shock_forward,event,Amazon Com::Online Stores,LIMITS_REVENUE_OF,geopolitics,geopolitics,regulation_macro,negative,medium,0.9,True,,[104],explicit_tail,e8cac735845b5e04cbe54f45,FY2022_Q4,Forecast/Guidance,0.42083854572347973,1,True,False,persistent,full_mainpanel,cloud_platform_ads,53d94fda34e060012952cb2b8d8bbb00310f444a6e657448152c28dd1728dec6,86,included_in_public_release,author_created_derived_post_extraction_card,not_included_mixed_public_or_provider_access,not_redistributed_no_rights_grant,withheld_hash_locator_only
6cc8fd460c7cd607ba12,AMZN,FY2022_Q4,FY2023_Q1,c239effc02bae952da9fab34,60a4e1031676a879b873ecab,ledger_forward+shock_forward,claim,Amazon Com::Aws,CONSTRAINS_PRODUCTION_OF,supply,macro,supply_capacity,negative,medium,0.9,True,explicit,[20],explicit_segment,56c470b54eb102e30ba5b05f,FY2023_Q1,Forecast/Guidance,0.14328034100962442,3,True,False,persistent,full_mainpanel,cloud_platform_ads,55744abb4bc59d73e03c3773fa1c4124be663f11cf595f28c18229fb1079c85b,136,included_in_public_release,author_created_derived_post_extraction_card,not_included_mixed_public_or_provider_access,not_redistributed_no_rights_grant,withheld_hash_locator_only
e950e79d62315cca934b,AMZN,FY2022_Q4,FY2023_Q1,b3e80b33add77fd1fcc901f0,b954cc37d6b238231f12161e,ledger_forward+shock_forward,event,Amazon Com::Aws,LIMITS_REVENUE_OF,demand,demand,demand,negative,medium,1.0,True,,[52],explicit_tail,7080e0d1e8b384979edbf61e,FY2023_Q1,Forecast/Guidance,0.14328034100962442,3,True,False,persistent,full_mainpanel,cloud_platform_ads,7669ffedbd49a7323b5604d2bfcf7cdd06fbffe7fb0ead127f57cd0d922d66ed,140,included_in_public_release,author_created_derived_post_extraction_card,not_included_mixed_public_or_provider_access,not_redistributed_no_rights_grant,withheld_hash_locator_only
4844cb813a34ea4b5e7b,AMZN,FY2023_Q1,FY2023_Q2,97621fd8c14d458fb1c8d0fd,5b6ce5dca439e03f731bfcb0,ledger_forward+shock_forward,claim,Amazon Com::Online Stores,BOOSTS_REVENUE_OF,demand,demand,demand,positive,high,0.95,True,explicit,[11],explicit_segment,79d9b1325d1dc374aff83c4c,FY2023_Q2,Forecast/Guidance,0.40119976758428993,1,True,False,persistent,full_mainpanel,cloud_platform_ads,7a51e5d36d659d196bfe44a269425e8758e5010d261079be19b94bb3f8b287e5,99,included_in_public_release,author_created_derived_post_extraction_card,not_included_mixed_public_or_provider_access,not_redistributed_no_rights_grant,withheld_hash_locator_only
9b11ad0b2c57b76379e8,AMZN,FY2023_Q1,FY2023_Q2,e1546fb5b5c62e9a4127d75c,deb04072cf7b3ae3f689223f,ledger_forward+shock_forward,event,Amazon Com::Aws,LIMITS_REVENUE_OF,demand,demand,demand,negative,medium,1.0,True,,[41],explicit_tail,7080e0d1e8b384979edbf61e,FY2023_Q2,Forecast/Guidance,0.16766909028094035,3,True,False,persistent,full_mainpanel,cloud_platform_ads,0a1f7d7fc7a2ed72de878b4a9c6ab1e445fadfd093143cc7e751e86ff7d0faa9,150,included_in_public_release,author_created_derived_post_extraction_card,not_included_mixed_public_or_provider_access,not_redistributed_no_rights_grant,withheld_hash_locator_only
bcd8ecc9db4a8c44ad9e,AMZN,FY2023_Q2,FY2023_Q3,8700e56458d1f2aa289983a5,3669d31ca261bd9d759b0f77,ledger_forward+shock_forward,event,Amazon Com::Online Stores,LIMITS_REVENUE_OF,supply,supply,supply_capacity,negative,medium,0.9,True,,[140],explicit_tail,e8cac735845b5e04cbe54f45,FY2023_Q3,Forecast/Guidance,0.39414211619029194,1,True,False,persistent,full_mainpanel,cloud_platform_ads,94e8aaca1c31240afeb88accefc53d97bd3f615332e9292121b29daac936d088,59,included_in_public_release,author_created_derived_post_extraction_card,not_included_mixed_public_or_provider_access,not_redistributed_no_rights_grant,withheld_hash_locator_only
92125684959f2da5e017,AMZN,FY2023_Q2,FY2023_Q3,06d9abfd07a2431cef75fce3,11fb59f0e3f9264b843165d0,ledger_forward+shock_forward,event,Amazon Com::Online Stores,BOOSTS_REVENUE_OF,supply,supply,supply_capacity,positive,high,0.95,True,,[141],explicit_tail,e8cac735845b5e04cbe54f45,FY2023_Q3,Forecast/Guidance,0.39414211619029194,1,True,False,persistent,full_mainpanel,cloud_platform_ads,e66eb8e369137df5ae83042342ffa3d500207800fb8ca2616eb556ccb179ff04,154,included_in_public_release,author_created_derived_post_extraction_card,not_included_mixed_public_or_provider_access,not_redistributed_no_rights_grant,withheld_hash_locator_only
baaa6b069e03aedc15a2,AMZN,FY2023_Q2,FY2023_Q3,4b43f7da688d7e4a87f1171b,75570f88d365a9cbbe970f1b,ledger_forward,event,UNKNOWN,BOOSTS_REVENUE_OF,macro,macro,regulation_macro,positive,medium,0.9,True,,[150],unresolved,dc04cd2888bcbbe3b9772858,FY2023_Q3,Forecast/Guidance,,0,True,False,persistent,full_mainpanel,cloud_platform_ads,a7e1b7f20ed0d3ab0eed902c142b302e82738488ba7e0adc8b1d3311b8c2cf17,109,included_in_public_release,author_created_derived_post_extraction_card,not_included_mixed_public_or_provider_access,not_redistributed_no_rights_grant,withheld_hash_locator_only
f4a3b348caf469dc65ef,AMZN,FY2023_Q3,FY2023_Q4,e954bc25423f8e4830bb22fb,edfe619e6a1cf24cd965bcf1,ledger_forward+shock_forward,claim,Amazon Com::Aws,SUPPORTS_REVENUE_OF,product_transition,product_transition,product_transition,positive,medium,0.9,False,explicit,[27],explicit_segment,70f4f18847a0718e5db35623,FY2023_Q4,Forecast/Guidance,0.16115820887177373,3,True,False,unknown,full_mainpanel,cloud_platform_ads,e6a22e6ab9201cd356826a48726662e3e658b3efd0d68a460e053c8efcc62f2a,177,included_in_public_release,author_created_derived_post_extraction_card,not_included_mixed_public_or_provider_access,not_redistributed_no_rights_grant,withheld_hash_locator_only
1da2c472255caca80a55,AMZN,FY2023_Q3,FY2023_Q4,0b0cdef181a5ae5571fa7a07,f560e109866b680b8a245194,ledger_forward,event,Amazon Com::Online Stores,BOOSTS_REVENUE_OF,product_transition,product_transition,product_transition,positive,medium,0.95,True,,[130],explicit_tail,e8cac735845b5e04cbe54f45,FY2023_Q4,Realized/Reporting,0.4002362265258626,1,True,False,persistent,full_mainpanel,cloud_platform_ads,f8f1d5ccd1ae0ea6e278275ce05eb3b8676b342cc4fdb24fd566cde55674495e,125,included_in_public_release,author_created_derived_post_extraction_card,not_included_mixed_public_or_provider_access,not_redistributed_no_rights_grant,withheld_hash_locator_only
bc9d0dc2a622f1fa62f8,AMZN,FY2023_Q3,FY2023_Q4,80a27cd26b6778a7439e58b5,70542ba8e4d6a19e53e9d700,ledger_forward,event,Amazon Com::Online Stores,BOOSTS_REVENUE_OF,macro,macro,regulation_macro,positive,low,0.9,True,,[133],explicit_tail,e8cac735845b5e04cbe54f45,FY2023_Q4,Realized/Reporting,0.4002362265258626,1,True,False,persistent,full_mainpanel,cloud_platform_ads,e32ecc606103e18eb192dfd3087975cc769ef3cc23d843397b6ec15052cf8ec4,176,included_in_public_release,author_created_derived_post_extraction_card,not_included_mixed_public_or_provider_access,not_redistributed_no_rights_grant,withheld_hash_locator_only
d17641b411f7dcbe22e2,AMZN,FY2023_Q3,FY2023_Q4,a5fde5d08b02216eed0da3ad,9a643e30d47a0cba47c505da,ledger_forward,event,Amazon Com::Online Stores,BOOSTS_REVENUE_OF,inventory,inventory,inventory_channel,positive,high,0.95,True,,[158],explicit_tail,e8cac735845b5e04cbe54f45,FY2023_Q4,Realized/Reporting,0.4002362265258626,1,True,False,persistent,full_mainpanel,cloud_platform_ads,53281db01dc48ef9d75c9a2a0364cfdcbade4b29dad81a44e50c9f454d6f8498,200,included_in_public_release,author_created_derived_post_extraction_card,not_included_mixed_public_or_provider_access,not_redistributed_no_rights_grant,withheld_hash_locator_only
29778c9d99d3ab9debd9,AMZN,FY2023_Q4,FY2024_Q1,e25b5d161cf426708e956722,6eb68e9f164822ab2112ddce,ledger_forward+shock_forward,event,Amazon Com::Aws,BOOSTS_REVENUE_OF,revenue_boost,other,revenue_boost_limit,positive,medium,1.0,True,,[161],explicit_tail,7080e0d1e8b384979edbf61e,FY2024_Q1,Forecast/Guidance,0.14240914092056414,3,True,False,persistent,full_mainpanel,cloud_platform_ads,082957f9e14931f678a71408037bade6af029b07438d7bca01ad93bdf24859b8,145,included_in_public_release,author_created_derived_post_extraction_card,not_included_mixed_public_or_provider_access,not_redistributed_no_rights_grant,withheld_hash_locator_only
ef868de9cca19a19e48b,AMZN,FY2023_Q4,FY2024_Q1,28f74aba5f24638c90d1a07a,546ce9247a97a5ba1f248124,ledger_forward+shock_forward,event,Amazon Com::Online Stores,BOOSTS_REVENUE_OF,supply,supply,supply_capacity,positive,medium,1.0,True,,[47],explicit_tail,e8cac735845b5e04cbe54f45,FY2024_Q1,Forecast/Guidance,0.4150540418095916,1,True,False,persistent,full_mainpanel,cloud_platform_ads,c1ecebc7d993a9c258e1aae5e2873fbc5bbbb46c8fe88f18ab3882cb35015c4a,97,included_in_public_release,author_created_derived_post_extraction_card,not_included_mixed_public_or_provider_access,not_redistributed_no_rights_grant,withheld_hash_locator_only
3f21cdc86fe462e3b382,AMZN,FY2024_Q1,FY2024_Q2,8a5a6974518a45c3a04fb3c5,296302b4b732458d406f8473,ledger_forward+shock_forward,claim,Amazon Com::Aws,INCREASES_SPEND_ON,product_transition,product_transition,product_transition,positive,high,0.98,True,explicit,[25],explicit_segment,c81a2c2827a2aa08512229dc,FY2024_Q2,Forecast/Guidance,0.1747015274259837,3,True,False,persistent,full_mainpanel,cloud_platform_ads,ff80e8daf65ec318c626f4bc7a592a958f46462a3b2d224b3557c402335ae8b6,151,included_in_public_release,author_created_derived_post_extraction_card,not_included_mixed_public_or_provider_access,not_redistributed_no_rights_grant,withheld_hash_locator_only
8991ff7c6bd7cf198b59,AMZN,FY2024_Q1,FY2024_Q2,b2b742c33451061e69c4fa86,c59aa07de0ccd80496e18329,ledger_forward,event,UNKNOWN,LIMITS_REVENUE_OF,macro,macro,regulation_macro,negative,medium,0.95,True,,[180],unresolved,dc04cd2888bcbbe3b9772858,FY2024_Q2,Forecast/Guidance,,0,True,False,persistent,full_mainpanel,cloud_platform_ads,1a09729de083ef90cf4d25862d7a77f1d371d07bb8095aa39fefc1e1cadcb67e,154,included_in_public_release,author_created_derived_post_extraction_card,not_included_mixed_public_or_provider_access,not_redistributed_no_rights_grant,withheld_hash_locator_only
7a33d620717de3b25cfd,AMZN,FY2024_Q2,FY2024_Q3,0663d2ffede7a82a185a7150,fd5682f53b1b63cedba77396,ledger_forward+shock_forward,event,Amazon Com::Other,LIMITS_REVENUE_OF,demand,demand,demand,negative,medium,0.95,False,,[165],explicit_tail,a2404c7c859a6b576a1a28a0,FY2024_Q3,Forecast/Guidance,0.008514836765172966,7,True,False,unknown,full_mainpanel,cloud_platform_ads,949a61002507e6b5c946cd46976ed491d77a4a3625c84d615c085c3ade6bd297,149,included_in_public_release,author_created_derived_post_extraction_card,not_included_mixed_public_or_provider_access,not_redistributed_no_rights_grant,withheld_hash_locator_only
4a0f1fea0389b6732ec6,AMZN,FY2024_Q2,FY2024_Q3,c46fd6d22c750f345b6236bb,043ea18a228586142db3da27,ledger_forward+shock_forward,event,Amazon Com::Physical Stores,LIMITS_REVENUE_OF,supply,supply,supply_capacity,negative,medium,0.95,False,,[170],explicit_tail,c3e95ce0065c6fb5e62fc58c,FY2024_Q3,Forecast/Guidance,0.03518114301546862,6,True,False,unknown,full_mainpanel,cloud_platform_ads,f268310aa4319af0f6c5b9d491e9ec116e6fd024be2619f166cf609e387d7f8b,115,included_in_public_release,author_created_derived_post_extraction_card,not_included_mixed_public_or_provider_access,not_redistributed_no_rights_grant,withheld_hash_locator_only
2b4971e573df59aa6d3e,AMZN,FY2024_Q2,FY2024_Q3,0313f43e89a37c48a5e06c9d,a8a29a3822024b5c060a2e09,ledger_forward+shock_forward,event,Amazon Com::Subscription Services,LIMITS_REVENUE_OF,demand,demand,demand,negative,medium,0.95,False,,[171],explicit_tail,b2f6cdc0affb0b560b1270d0,FY2024_Q3,Forecast/Guidance,0.0734303303891821,5,True,False,unknown,full_mainpanel,cloud_platform_ads,0ec27451fca8c16c70693ab0dd21100dd7d49ff8d00a041a6fb3e3339cfb81cb,130,included_in_public_release,author_created_derived_post_extraction_card,not_included_mixed_public_or_provider_access,not_redistributed_no_rights_grant,withheld_hash_locator_only
f5f4c95adaa10272d5f6,AMZN,FY2024_Q3,FY2024_Q4,150de33e48f3285502240017,6cdb1cfb25513b136c368c79,ledger_forward+shock_forward,event,Amazon Com::Aws,BOOSTS_REVENUE_OF,demand,demand,demand,positive,high,0.95,True,,[153],explicit_tail,7080e0d1e8b384979edbf61e,FY2024_Q4,Forecast/Guidance,0.1727877540487295,3,True,False,persistent,full_mainpanel,cloud_platform_ads,0d7819edc3b21c9d9d0900eeda5bb9e1bfe55dea070f9df0ee4a617e6b7daedd,272,included_in_public_release,author_created_derived_post_extraction_card,not_included_mixed_public_or_provider_access,not_redistributed_no_rights_grant,withheld_hash_locator_only
9878a988afb05323c8a5,AMZN,FY2024_Q3,FY2024_Q4,38cb38f2503d39612c52086e,33dd572509d6cadb745b3717,ledger_forward+shock_forward,event,Amazon Com::Online Stores,BOOSTS_REVENUE_OF,supply,supply,supply_capacity,positive,medium,0.95,True,,[34],explicit_tail,e8cac735845b5e04cbe54f45,FY2024_Q4,Forecast/Guidance,0.38653171950628473,1,True,False,persistent,full_mainpanel,cloud_platform_ads,c267af4095f99fd0e8e26efa6dd0d58c0d59da98f80f2269b4f1650bfb5deb51,173,included_in_public_release,author_created_derived_post_extraction_card,not_included_mixed_public_or_provider_access,not_redistributed_no_rights_grant,withheld_hash_locator_only
aef6af93b768489e2dfd,AMZN,FY2024_Q3,FY2024_Q4,35781ea4f1906c6fea916922,26e6d227f0f0f483ec69101a,ledger_forward+shock_forward,event,Amazon Com::Online Stores,BOOSTS_REVENUE_OF,product_transition,product_transition,product_transition,positive,medium,0.95,True,,[41],explicit_tail,e8cac735845b5e04cbe54f45,FY2024_Q4,Forecast/Guidance,0.38653171950628473,1,True,False,persistent,full_mainpanel,cloud_platform_ads,bde67b9ee20cf803701a9a61f2614b2fd9991ffdcbda8f2194f3fe48375bd1bc,126,included_in_public_release,author_created_derived_post_extraction_card,not_included_mixed_public_or_provider_access,not_redistributed_no_rights_grant,withheld_hash_locator_only
70a1043677e5837f524e,AMZN,FY2024_Q4,FY2025_Q1,c05061f696264e6b6187a070,2c2c8ace0d63262cbbfc15c2,ledger_forward+shock_forward,claim,Amazon Com::Online Stores,BOOSTS_REVENUE_OF,inventory,inventory,inventory_channel,positive,medium,0.9,True,explicit,[21],explicit_segment,5a1e0a98bf2d834a86692000,FY2025_Q1,Forecast/Guidance,0.4023387577745591,1,True,False,persistent,full_mainpanel,cloud_platform_ads,69489c28cbc211b3332cd5960a10c8f52d4cc96b8d7ca67171d0f1a4699b1ae9,214,included_in_public_release,author_created_derived_post_extraction_card,not_included_mixed_public_or_provider_access,not_redistributed_no_rights_grant,withheld_hash_locator_only
caf4fa70ddad943e838d,AMZN,FY2024_Q4,FY2025_Q1,3f29987701eee81ccb5a6972,0b187982a74ef32b40f6b565,ledger_forward+shock_forward,claim,Amazon Com::Online Stores,BOOSTS_REVENUE_OF,demand,demand,demand,positive,medium,0.9,True,explicit,[21],explicit_segment,38c3e903379e4f344468ac54,FY2025_Q1,Forecast/Guidance,0.4023387577745591,1,True,False,persistent,full_mainpanel,cloud_platform_ads,69489c28cbc211b3332cd5960a10c8f52d4cc96b8d7ca67171d0f1a4699b1ae9,214,included_in_public_release,author_created_derived_post_extraction_card,not_included_mixed_public_or_provider_access,not_redistributed_no_rights_grant,withheld_hash_locator_only
a75ad3fef42415420fda,AMZN,FY2024_Q4,FY2025_Q1,432b93516abc0387268dce1e,c3d61f133b54c0614d4f754b,ledger_forward+shock_forward,claim,Amazon Com::Online Stores,BOOSTS_REVENUE_OF,supply,supply,supply_capacity,positive,medium,0.9,True,explicit,[21],explicit_segment,29cca8deadfc86346dc809b4,FY2025_Q1,Forecast/Guidance,0.4023387577745591,1,True,False,persistent,full_mainpanel,cloud_platform_ads,69489c28cbc211b3332cd5960a10c8f52d4cc96b8d7ca67171d0f1a4699b1ae9,214,included_in_public_release,author_created_derived_post_extraction_card,not_included_mixed_public_or_provider_access,not_redistributed_no_rights_grant,withheld_hash_locator_only
7b6d99e042f6a197a02d,AMZN,FY2024_Q4,FY2025_Q1,2aefadeab97d3fd6596fc6cd,2e48f46098c957fb5897c989,ledger_forward,claim,Amazon Com::Advertising Services,BOOSTS_REVENUE_OF,demand,demand,demand,positive,medium,0.8,False,explicit,[25],explicit_segment,f3d2444bbb0030e6d62a997c,FY2025_Q1,Realized/Reporting,0.09205929965067734,4,True,False,unknown,full_mainpanel,cloud_platform_ads,d2d28c026f015c99d1f0c77d0308bbad3f5a798133933d087f6536e69f8d4712,164,included_in_public_release,author_created_derived_post_extraction_card,not_included_mixed_public_or_provider_access,not_redistributed_no_rights_grant,withheld_hash_locator_only
f9985de882d3165c5600,AMZN,FY2024_Q4,FY2025_Q1,d428247bb14792685cbcc387,c7976db84263f08f15920c32,ledger_forward,event,UNKNOWN,LIMITS_REVENUE_OF,macro,macro,regulation_macro,negative,medium,1.0,True,,[161],unresolved,dc04cd2888bcbbe3b9772858,FY2025_Q1,Forecast/Guidance,,0,True,False,persistent,full_mainpanel,cloud_platform_ads,9cf03a66e73caf9109a80b200fcb9743ca17c91b32e7ad4d81bb6ae643a9a968,177,included_in_public_release,author_created_derived_post_extraction_card,not_included_mixed_public_or_provider_access,not_redistributed_no_rights_grant,withheld_hash_locator_only
f4459eba771b55a3862c,AMZN,FY2025_Q1,FY2025_Q2,ae8f9adb44c75c139bed1ad0,580eee3415e0dbf94f38c2da,ledger_forward+shock_forward,claim,Amazon Com::Online Stores,BOOSTS_REVENUE_OF,demand,demand,demand,positive,medium,1.0,True,explicit,[12],explicit_segment,3bc28f5774dd2ef183676e05,FY2025_Q2,Forecast/Guidance,0.3687807949019381,1,True,False,persistent,full_mainpanel,cloud_platform_ads,0619bd3e4a578efe840be1dc6f9e12aceed51e7c8d500f8233853b9801011443,121,included_in_public_release,author_created_derived_post_extraction_card,not_included_mixed_public_or_provider_access,not_redistributed_no_rights_grant,withheld_hash_locator_only
b394d482ce37665e4f8b,AMZN,FY2025_Q1,FY2025_Q2,cb525b80e80b506466952a7a,9e833686d9168b8e3815f80f,ledger_forward+shock_forward,claim,Amazon Com::Online Stores,BOOSTS_REVENUE_OF,supply,supply,supply_capacity,positive,medium,1.0,True,explicit,[12],explicit_segment,6d3339abf98af8918ff7bb36,FY2025_Q2,Forecast/Guidance,0.3687807949019381,1,True,False,persistent,full_mainpanel,cloud_platform_ads,6b9795ca90a1aeea6eee087895e216866a00a7b491752d07d3ab0ed1c32d23e8,184,included_in_public_release,author_created_derived_post_extraction_card,not_included_mixed_public_or_provider_access,not_redistributed_no_rights_grant,withheld_hash_locator_only
ea4788f1950156c7a168,AMZN,FY2025_Q1,FY2025_Q2,6b154ee0d3eb31f935255fbc,d07dd7773479dd6a00bb997a,ledger_forward,claim,Amazon Com::Online Stores,CONSTRAINS_PRODUCTION_OF,supply,regulation,supply_capacity,negative,medium,1.0,True,explicit,[12],explicit_segment,0d597ab72d579ec4eebad20c,FY2025_Q2,Condition/External,0.3687807949019381,1,True,False,persistent,full_mainpanel,cloud_platform_ads,69cc1fa343b5a1b50665656f7425d253bb35df33d7fed5e6abf83a32fa780fd8,96,included_in_public_release,author_created_derived_post_extraction_card,not_included_mixed_public_or_provider_access,not_redistributed_no_rights_grant,withheld_hash_locator_only
020b0cad850421771687,AMZN,FY2025_Q1,FY2025_Q2,d0d934c50314b61fbd79573b,899b120bbae751febe0f396e,ledger_forward,claim,Amazon Com::Advertising Services,BOOSTS_REVENUE_OF,competition,competition,revenue_boost_limit,positive,medium,1.0,True,explicit,[15],explicit_segment,a47e43fb7a1e77487256d761,FY2025_Q2,Realized/Reporting,0.08942807402982006,4,True,False,persistent,full_mainpanel,cloud_platform_ads,dfedd5d7c15147c88510e5948fe6d347a4d0dcaa85337bd989078efee0ed4632,98,included_in_public_release,author_created_derived_post_extraction_card,not_included_mixed_public_or_provider_access,not_redistributed_no_rights_grant,withheld_hash_locator_only
deb02de3978d0379f0fa,AMZN,FY2025_Q1,FY2025_Q2,3b09347e036e38aa1d1a4524,61043432aa11774a61709c35,ledger_forward+shock_forward,claim,Amazon Com::Other,BOOSTS_REVENUE_OF,product_transition,product_transition,product_transition,positive,medium,1.0,True,explicit,[20],explicit_segment,ba25976b8e9e09327af2f2b7,FY2025_Q2,Forecast/Guidance,0.008428247476986131,7,True,False,persistent,full_mainpanel,cloud_platform_ads,1e0d1c941e2a635889b01eb8b00f02030d28ef65705fb6ef0db3a6241d20750d,114,included_in_public_release,author_created_derived_post_extraction_card,not_included_mixed_public_or_provider_access,not_redistributed_no_rights_grant,withheld_hash_locator_only
296065a687755314d96a,AMZN,FY2025_Q1,FY2025_Q2,565a781952c7017468d5c025,2842a21f9f54ad1e1258081a,ledger_forward,event,Amazon Com::Online Stores,SUPPORTS_REVENUE_OF,inventory,inventory,inventory_channel,positive,medium,0.95,True,,[226],explicit_tail,e8cac735845b5e04cbe54f45,FY2025_Q2,Realized/Reporting,0.3687807949019381,1,True,False,persistent,full_mainpanel,cloud_platform_ads,c12796996449555bb7cba63a2d87109ede8ee3f3e66ac86b36586e3982fbd986,77,included_in_public_release,author_created_derived_post_extraction_card,not_included_mixed_public_or_provider_access,not_redistributed_no_rights_grant,withheld_hash_locator_only
7abee471b92d4776b6f5,AMZN,FY2025_Q1,FY2025_Q2,24c988a498eba6a5ca15fd3d,62fd72f04872a7a5817431e4,ledger_forward,event,Amazon Com::Third-Party Seller Services,SUPPORTS_REVENUE_OF,inventory,inventory,inventory_channel,positive,medium,0.95,True,,[227],explicit_tail,20769be4caee73957b2aea43,FY2025_Q2,Realized/Reporting,0.234551960274175,2,True,False,persistent,full_mainpanel,cloud_platform_ads,0318f014314a1d11168752bd107357cc944552ea4a95de3ab1e4eb82c12016ca,103,included_in_public_release,author_created_derived_post_extraction_card,not_included_mixed_public_or_provider_access,not_redistributed_no_rights_grant,withheld_hash_locator_only
e4a20b6ca57d50ba7ad2,AMZN,FY2025_Q2,FY2025_Q3,4fcdf7d7c560010abbc4c9ee,37f1035a5bf83368aaaa4bb7,ledger_forward+shock_forward,event,Amazon Com::Online Stores,SUPPORTS_REVENUE_OF,macro,macro,regulation_macro,positive,unknown,0.9,False,,[42],explicit_tail,e8cac735845b5e04cbe54f45,FY2025_Q3,Forecast/Guidance,0.36663247904020224,1,True,False,unknown,full_mainpanel,cloud_platform_ads,baa73204949fb03fd9dc6092c0f4c78faa4cf1288a8f20388cac38c4e09444a7,110,included_in_public_release,author_created_derived_post_extraction_card,not_included_mixed_public_or_provider_access,not_redistributed_no_rights_grant,withheld_hash_locator_only
c2f0140a70483903cb0a,AMZN,FY2025_Q3,FY2025_Q4,d3582b5f70d5e70686183c7d,22eb7784e9eda2290e5d1bb5,ledger_forward+shock_forward,claim,Amazon Com::Aws,DRIVES_DEMAND_FOR,supply,supply,demand,positive,high,1.0,True,explicit,"[38,111,123]",explicit_segment,a0df9407f897f794bd5b3dce,FY2025_Q4,Forecast/Guidance,0.18319466722910158,3,True,False,persistent,full_mainpanel,cloud_platform_ads,2049044cf7cc4d7af0dec4a1a1cac0dfba33b0f22189e510fbe83f6cb0d1724b,222,included_in_public_release,author_created_derived_post_extraction_card,not_included_mixed_public_or_provider_access,not_redistributed_no_rights_grant,withheld_hash_locator_only
124adfe1deaf99b3479b,AMZN,FY2025_Q3,FY2025_Q4,5f30095e6fcce9ec7e98a792,97c926e6b9b690630c4383a3,ledger_forward,event,Amazon Com::Aws,BOOSTS_REVENUE_OF,demand,demand,demand,positive,high,0.9,True,,[205],explicit_tail,7080e0d1e8b384979edbf61e,FY2025_Q4,Realized/Reporting,0.18319466722910158,3,True,False,persistent,full_mainpanel,cloud_platform_ads,02f3279de86b1b0f872e2957289297317c89ac40773fb3a49adf1b320edb5c1b,61,included_in_public_release,author_created_derived_post_extraction_card,not_included_mixed_public_or_provider_access,not_redistributed_no_rights_grant,withheld_hash_locator_only
71947ba694ef2c84a54d,AMZN,FY2025_Q3,FY2025_Q4,68d811bc20cf94018eb52df0,e5084e77eeb6c14c3623a9aa,ledger_forward,event,Amazon Com::Online Stores,BOOSTS_REVENUE_OF,demand,demand,demand,positive,high,0.95,True,,[85],explicit_tail,e8cac735845b5e04cbe54f45,FY2025_Q4,Realized/Reporting,0.3741320648946267,1,True,False,persistent,full_mainpanel,cloud_platform_ads,78a93b842a46a28603c267c5a1ba0643b8b282478d3088ddbf157288e79598e3,247,included_in_public_release,author_created_derived_post_extraction_card,not_included_mixed_public_or_provider_access,not_redistributed_no_rights_grant,withheld_hash_locator_only
82d9bffb72c4f7bc35f3,ASML,FY2020_Q2,FY2020_Q3,2a18a23bdfb6d23019bf29e6,9c1f5461164bd7ae5c8b97ff,ledger_forward+shock_forward,claim,ASML Holding::Net System Sales,DRIVES_DEMAND_FOR,demand,demand,demand,positive,high,0.9,True,explicit,[22],explicit_segment,4d47e78b064337f96b2fa628,FY2020_Q3,Forecast/Guidance,0.7272727272727273,1,True,False,persistent,reduced_window,semi_infra_tooling,5f1ee262478c952c37cd7ba5578dcb3b08f637d5f7b76cebb208177938e0f58e,189,included_in_public_release,author_created_derived_post_extraction_card,not_included_mixed_public_or_provider_access,not_redistributed_no_rights_grant,withheld_hash_locator_only
e4c2b4d2b99cb38a0a98,ASML,FY2020_Q2,FY2020_Q3,0dd5f046bc33216e4b6bc1f0,842fdb15e60536bf9578cac9,ledger_forward+shock_forward,event,ASML Holding::Installed Base Management,BOOSTS_REVENUE_OF,demand,demand,demand,positive,medium,0.95,True,,[66],explicit_tail,f97cfbe0ea625011987f970b,FY2020_Q3,Forecast/Guidance,0.2687878787878788,2,True,False,persistent,reduced_window,semi_infra_tooling,816b9d724b46b53cd4a0c70f1de41e395cd23ea5cc48932634fc853df175b46c,209,included_in_public_release,author_created_derived_post_extraction_card,not_included_mixed_public_or_provider_access,not_redistributed_no_rights_grant,withheld_hash_locator_only
7e76c0e72ca7f755b6e8,ASML,FY2020_Q2,FY2020_Q3,71c4696e0272eaa9dbb1c580,3cecfa41ad40e64dc5697550,ledger_forward+shock_forward,event,ASML Holding::Net System Sales,BOOSTS_REVENUE_OF,supply,supply,supply_capacity,positive,high,0.95,True,,[110],explicit_tail,daca3fe394352df4cb42fe7c,FY2020_Q3,Forecast/Guidance,0.7272727272727273,1,True,False,persistent,reduced_window,semi_infra_tooling,c28a7317ffc46ec63d50468c90b211921c8504c276386176d38b43d7900eb9b7,321,included_in_public_release,author_created_derived_post_extraction_card,not_included_mixed_public_or_provider_access,not_redistributed_no_rights_grant,withheld_hash_locator_only
2be6d563986380b89512,ASML,FY2020_Q3,FY2020_Q4,5f36689243a9f35039155744,4f8355267d1d777aefa6a7a6,ledger_forward+shock_forward,claim,ASML Holding::Net System Sales,DRIVES_DEMAND_FOR,demand,demand,demand,positive,high,1.0,True,explicit,[33],explicit_segment,50fa7717accdb0f7c85df494,FY2020_Q4,Forecast/Guidance,0.775,1,True,False,persistent,reduced_window,semi_infra_tooling,e910829845e3e4322d8fe132307e82dd8148755de50aee768e8f64c68261fdb9,160,included_in_public_release,author_created_derived_post_extraction_card,not_included_mixed_public_or_provider_access,not_redistributed_no_rights_grant,withheld_hash_locator_only
6f296077d5efe65fc4eb,ASML,FY2020_Q3,FY2020_Q4,62d065821184b0dd0763c759,3d3f46bc1c289b8b5b6bcc52,ledger_forward+shock_forward,claim,ASML Holding::Net System Sales,DRIVES_DEMAND_FOR,demand,product_transition,demand,positive,medium,1.0,False,explicit,[41],explicit_segment,58ed3964af4aa66786fb8fb2,FY2020_Q4,Forecast/Guidance,0.775,1,True,False,unknown,reduced_window,semi_infra_tooling,3730e5fedbfeb744657921e4e264d1146ba340075e24f1c4b0f08e7d0a592679,191,included_in_public_release,author_created_derived_post_extraction_card,not_included_mixed_public_or_provider_access,not_redistributed_no_rights_grant,withheld_hash_locator_only
e49bd82ef3062727d417,ASML,FY2020_Q3,FY2020_Q4,b3b3ad3e41b475d380da8cbd,37559ee096eed8930c116850,ledger_forward+shock_forward,claim,ASML Holding::Installed Base Management,DRIVES_DEMAND_FOR,demand,demand,demand,positive,high,1.0,True,explicit,[37],explicit_segment,99b577a61ba42342562d66d0,FY2020_Q4,Forecast/Guidance,0.2155,2,True,False,persistent,reduced_window,semi_infra_tooling,9528ee5f587a810502b908527d81a70c2d473e9e0a456b180faf2dec39f4d87c,126,included_in_public_release,author_created_derived_post_extraction_card,not_included_mixed_public_or_provider_access,not_redistributed_no_rights_grant,withheld_hash_locator_only
b79d97fe3679edbe4008,ASML,FY2020_Q4,FY2021_Q1,934f80fccd3442b53e828b8b,df4067021f1d3bbee70031c5,ledger_forward+shock_forward,claim,ASML Holding::Installed Base Management,DRIVES_DEMAND_FOR,demand,demand,demand,positive,high,1.0,True,explicit,[26],explicit_segment,cb2d4e7452982b1b6c89fe2f,FY2021_Q1,Forecast/Guidance,0.2570994507420825,2,True,False,persistent,reduced_window,semi_infra_tooling,b393b031bb64e6b6763621f91ebae8a3c9b6b50954eb67cedffa1fbc5fc98651,103,included_in_public_release,author_created_derived_post_extraction_card,not_included_mixed_public_or_provider_access,not_redistributed_no_rights_grant,withheld_hash_locator_only
42fb621fb6f0b56d2515,ASML,FY2020_Q4,FY2021_Q1,6be71b9c4d44ba7f571200eb,39cd198545dc3a1d73e6ace0,ledger_forward+shock_forward,claim,ASML Holding::Net System Sales,BOOSTS_REVENUE_OF,product_transition,product_transition,product_transition,positive,medium,1.0,True,explicit,[56],explicit_segment,d5ede928ae59c7ace0420b4a,FY2021_Q1,Forecast/Guidance,0.7479256748860582,1,True,False,persistent,reduced_window,semi_infra_tooling,9abe03590d666c4b4ad9e69418e5792ef3a79b29dbc806643bbf44c33dee18e4,130,included_in_public_release,author_created_derived_post_extraction_card,not_included_mixed_public_or_provider_access,not_redistributed_no_rights_grant,withheld_hash_locator_only
13237ef06a0652dababb,ASML,FY2020_Q4,FY2021_Q1,7f2cd2a7bb46bd6038625c31,694f046a7af3cd42bae05127,ledger_forward+shock_forward,claim,ASML Holding::Net System Sales,DRIVES_DEMAND_FOR,demand,demand,demand,positive,high,1.0,True,explicit,[17],explicit_segment,707843e6eb04145fadce5006,FY2021_Q1,Forecast/Guidance,0.7479256748860582,1,True,False,persistent,reduced_window,semi_infra_tooling,1b3b1dede3ebfb2f086f1f5f42872a1da16bdf60a2a64d04c29a0adf5f2e3c04,142,included_in_public_release,author_created_derived_post_extraction_card,not_included_mixed_public_or_provider_access,not_redistributed_no_rights_grant,withheld_hash_locator_only
aa7fe00bd930772d347d,ASML,FY2020_Q4,FY2021_Q1,464412559b43c9c21cadc13b,8a35df858d3d806386e3fd52,ledger_forward+shock_forward,claim,ASML Holding::Net System Sales,DRIVES_DEMAND_FOR,demand,inventory,demand,positive,medium,1.0,True,explicit,[18],explicit_segment,dbb9c6407dde306ad99a1cac,FY2021_Q1,Forecast/Guidance,0.7479256748860582,1,True,False,persistent,reduced_window,semi_infra_tooling,9e0347ad7063f4585b3301f077cbd036730dcddb44a50afa02a61f17f93d8fea,142,included_in_public_release,author_created_derived_post_extraction_card,not_included_mixed_public_or_provider_access,not_redistributed_no_rights_grant,withheld_hash_locator_only
504f2704ca4abd4f83a7,ASML,FY2020_Q4,FY2021_Q1,5460b3af0ede32fdbeb54033,b583be74f463e53f89357ce1,ledger_forward+shock_forward,claim,ASML Holding::Net System Sales,CONSTRAINS_PRODUCTION_OF,supply,supply,supply_capacity,negative,medium,1.0,True,explicit,[18],explicit_segment,0567d1a0b0574aeb466b7cb5,FY2021_Q1,Forecast/Guidance,0.7479256748860582,1,True,False,persistent,reduced_window,semi_infra_tooling,685f25a80729c3c2a1e4e0924d1f6698a1f9656702128717b9f22c2913fff2e3,276,included_in_public_release,author_created_derived_post_extraction_card,not_included_mixed_public_or_provider_access,not_redistributed_no_rights_grant,withheld_hash_locator_only
8d28f9fad57f898a460e,ASML,FY2020_Q4,FY2021_Q1,cae572f38acbb9ab757f748c,a877a51774e1adddbf0c0ff7,ledger_forward,claim,UNKNOWN,INCREASES_SPEND_ON,product_transition,product_transition,product_transition,positive,medium,1.0,False,explicit,[21],unresolved,,FY2021_Q1,Forecast/Guidance,,0,True,False,unknown,reduced_window,semi_infra_tooling,e9f70c74a02002106676bb6848c8bcb437c397364feefb8632c81ecfa4c363a8,290,included_in_public_release,author_created_derived_post_extraction_card,not_included_mixed_public_or_provider_access,not_redistributed_no_rights_grant,withheld_hash_locator_only
ef84649e4f84e43c7978,ASML,FY2020_Q4,FY2021_Q1,8d6dd1caab3c36e159a20578,b643b2a3cea152ea290a7c94,ledger_forward+shock_forward,event,ASML Holding::Installed Base Management,LIMITS_REVENUE_OF,revenue_limit,other,revenue_boost_limit,negative,low,0.9,False,,[62],explicit_tail,f97cfbe0ea625011987f970b,FY2021_Q1,Forecast/Guidance,0.2570994507420825,2,True,False,unknown,reduced_window,semi_infra_tooling,5dd85d3223839ca5311bed8611317dba704b2329107448956824cf84d985196e,92,included_in_public_release,author_created_derived_post_extraction_card,not_included_mixed_public_or_provider_access,not_redistributed_no_rights_grant,withheld_hash_locator_only
aa21fb734d5a52e814c8,ASML,FY2021_Q1,FY2021_Q2,d90d3c5540590bed98ffea50,b54bf4923bd1a9914390bd1a,ledger_forward+shock_forward,claim,ASML Holding::Net System Sales,DRIVES_DEMAND_FOR,demand,demand,demand,positive,high,0.95,True,explicit,[34],explicit_segment,b9b5a6f0fb41910f5d842ba8,FY2021_Q2,Forecast/Guidance,0.7045454545454546,1,True,False,persistent,reduced_window,semi_infra_tooling,c53ae76125c618130acc38902066defa345739c1115c5da8a452f2f411cedb18,339,included_in_public_release,author_created_derived_post_extraction_card,not_included_mixed_public_or_provider_access,not_redistributed_no_rights_grant,withheld_hash_locator_only
7021286c833897441230,ASML,FY2021_Q1,FY2021_Q2,e9ebda8e8e6e6c2f5eccd701,47afee5f24075240ea0ec09c,ledger_forward+shock_forward,claim,ASML Holding::Installed Base Management,DRIVES_DEMAND_FOR,demand,demand,demand,positive,medium,0.9,True,explicit,[32],explicit_segment,f6f08b774de5372a598e4ca0,FY2021_Q2,Forecast/Guidance,0.2727272727272727,2,True,False,persistent,reduced_window,semi_infra_tooling,6e80c1a277105568d1cbce7e275fb99146c3140594b077e93460af46f8ec3012,193,included_in_public_release,author_created_derived_post_extraction_card,not_included_mixed_public_or_provider_access,not_redistributed_no_rights_grant,withheld_hash_locator_only
80c9c9d23778ca45ac41,ASML,FY2021_Q1,FY2021_Q2,5a608d17f1e27a6094a87805,fa8e5386c642f410bd155dbd,ledger_forward+shock_forward,claim,ASML Holding::Installed Base Management,LIMITS_REVENUE_OF,supply,supply,supply_capacity,negative,medium,0.8,True,explicit,[32],explicit_segment,f92a511d53f2e8bd67ba541f,FY2021_Q2,Forecast/Guidance,0.2727272727272727,2,True,False,persistent,reduced_window,semi_infra_tooling,b394b2a36a34c7729e9b9052f8a5f795a0f108d5c2ae78286a3ee96a86a4a311,241,included_in_public_release,author_created_derived_post_extraction_card,not_included_mixed_public_or_provider_access,not_redistributed_no_rights_grant,withheld_hash_locator_only
61daf91dfa2cdafb6af3,ASML,FY2021_Q1,FY2021_Q2,c8f86f861d59327c15c40eac,2175e0302e71237ced4f3e33,ledger_forward+shock_forward,claim,ASML Holding::Net System Sales,INCREASES_SPEND_ON,supply,supply,supply_capacity,positive,high,0.9,True,explicit,[35],explicit_segment,14e8f44c00c5aa1a92d94c5c,FY2021_Q2,Forecast/Guidance,0.7045454545454546,1,True,False,persistent,reduced_window,semi_infra_tooling,d0886c1668b7610f4ec044de8fc561f75e17637a956168a7ed714c9ab3d54a32,84,included_in_public_release,author_created_derived_post_extraction_card,not_included_mixed_public_or_provider_access,not_redistributed_no_rights_grant,withheld_hash_locator_only
bed5575ef86a10216fab,ASML,FY2021_Q1,FY2021_Q2,1e32d08179806bfc21f2c2a0,4c964708ce4210f4689c5607,ledger_forward+shock_forward,claim,ASML Holding::Net System Sales,BOOSTS_REVENUE_OF,product_transition,product_transition,product_transition,positive,medium,0.95,True,explicit,[36],explicit_segment,25efdcd018b8595a3fe16156,FY2021_Q2,Forecast/Guidance,0.7045454545454546,1,True,False,persistent,reduced_window,semi_infra_tooling,1d25d0f729d1f2d1e729d2c3527a6da66c26455ec1038bffc16799fae1c1fc32,180,included_in_public_release,author_created_derived_post_extraction_card,not_included_mixed_public_or_provider_access,not_redistributed_no_rights_grant,withheld_hash_locator_only
3bc88cc3d7a2e796027c,ASML,FY2021_Q1,FY2021_Q2,6548822258651fc7b26462e9,624da78e6f7340354ff7d20b,ledger_forward+shock_forward,event,ASML Holding::Net System Sales,LIMITS_REVENUE_OF,supply,supply,supply_capacity,negative,medium,0.95,True,,[48],explicit_tail,daca3fe394352df4cb42fe7c,FY2021_Q2,Forecast/Guidance,0.7045454545454546,1,True,False,persistent,reduced_window,semi_infra_tooling,812d4ed987814132b8383a413bc1aae13321c8fef0e5a181004da8be03065390,227,included_in_public_release,author_created_derived_post_extraction_card,not_included_mixed_public_or_provider_access,not_redistributed_no_rights_grant,withheld_hash_locator_only
5e9c631f3c4302898bd4,ASML,FY2021_Q1,FY2021_Q2,0ea2d4c17d534a1062bab588,820f5a4bbb288a8a034b6627,ledger_forward+shock_forward,event,ASML Holding::Installed Base Management,LIMITS_REVENUE_OF,demand,demand,demand,negative,medium,0.95,True,,[50],explicit_tail,f97cfbe0ea625011987f970b,FY2021_Q2,Forecast/Guidance,0.2727272727272727,2,True,False,persistent,reduced_window,semi_infra_tooling,963b9ada8f61608fbdde6dfb344d4aa38655322c71ba166051872e5942f5fdb4,178,included_in_public_release,author_created_derived_post_extraction_card,not_included_mixed_public_or_provider_access,not_redistributed_no_rights_grant,withheld_hash_locator_only
7c2cda74df4e66eb356c,ASML,FY2021_Q2,FY2021_Q3,48c6faa25a716c797578d992,26e5e4ec8cbdad8212c8a95a,ledger_forward+shock_forward,claim,ASML Holding::Net System Sales,DRIVES_DEMAND_FOR,demand,demand,demand,positive,high,1.0,True,explicit,[15],explicit_segment,88a54af4645b72b178025d31,FY2021_Q3,Forecast/Guidance,0.725,1,True,False,persistent,reduced_window,semi_infra_tooling,f21f34c6a2cd2ddca811324a21a96dee1af74654b2fdf1bbef3bdab335afa97b,119,included_in_public_release,author_created_derived_post_extraction_card,not_included_mixed_public_or_provider_access,not_redistributed_no_rights_grant,withheld_hash_locator_only
fff482437ac1d6479ad8,ASML,FY2021_Q2,FY2021_Q3,361b4fa3fd19c22fdbec1b5b,ad75881e0ccd6df30755bcf4,ledger_forward+shock_forward,claim,ASML Holding::Net System Sales,INCREASES_SPEND_ON,supply,supply,supply_capacity,positive,high,1.0,True,explicit,[19],explicit_segment,e468b43a2aba750ff6b9e7ac,FY2021_Q3,Forecast/Guidance,0.725,1,True,False,persistent,reduced_window,semi_infra_tooling,b0bf30674cdf128cd36913f5a141737db47550f581068c7a42115a1bf02648bb,128,included_in_public_release,author_created_derived_post_extraction_card,not_included_mixed_public_or_provider_access,not_redistributed_no_rights_grant,withheld_hash_locator_only
7f615ec8cc43845ac212,ASML,FY2021_Q2,FY2021_Q3,1110ae3f302f58aa59403714,c25efb84b4a38e6257c0ff3e,ledger_forward+shock_forward,claim,ASML Holding::Net System Sales,BOOSTS_REVENUE_OF,product_transition,product_transition,product_transition,positive,high,1.0,True,explicit,[20],explicit_segment,96595b1843ba3bf2ccae233d,FY2021_Q3,Forecast/Guidance,0.725,1,True,False,persistent,reduced_window,semi_infra_tooling,9661ad6b64e5d2dca9dd9fd3e64a7f5ea2bafa9633e828efdba05d0e05e508fe,163,included_in_public_release,author_created_derived_post_extraction_card,not_included_mixed_public_or_provider_access,not_redistributed_no_rights_grant,withheld_hash_locator_only
a961b6a8b7b68a6e9d0d,ASML,FY2021_Q2,FY2021_Q3,7c4d5ae68a59d3a68babeacd,f8a6ab02257a00881814341b,ledger_forward+shock_forward,event,ASML Holding::Net System Sales,LIMITS_REVENUE_OF,supply,supply,supply_capacity,negative,medium,1.0,False,,[30],explicit_tail,daca3fe394352df4cb42fe7c,FY2021_Q3,Forecast/Guidance,0.725,1,True,False,unknown,reduced_window,semi_infra_tooling,1edfb10ad3cc9c893843799ff84e48fa63336d6d7b6a8363e0c32a2f67cd2f88,200,included_in_public_release,author_created_derived_post_extraction_card,not_included_mixed_public_or_provider_access,not_redistributed_no_rights_grant,withheld_hash_locator_only
8146df1f76121eae850d,ASML,FY2021_Q3,FY2021_Q4,58f4223bc107cd3c421a889f,d87379dc95d4c6e29472bb19,ledger_forward+shock_forward,claim,ASML Holding::Net System Sales,DRIVES_DEMAND_FOR,demand,demand,demand,positive,high,1.0,True,explicit,[69],explicit_segment,47aa377de9962dd9ad00cd5f,FY2021_Q4,Forecast/Guidance,0.7884615384615384,1,True,False,persistent,reduced_window,semi_infra_tooling,fc7f359d2d93abb272b2b347fdacb99bb7056e85a12ee85431ee416e241c41f2,102,included_in_public_release,author_created_derived_post_extraction_card,not_included_mixed_public_or_provider_access,not_redistributed_no_rights_grant,withheld_hash_locator_only
8d551b6fa45674d8cda7,ASML,FY2021_Q3,FY2021_Q4,25623b4a969a54dca7d8667d,e888eabe17a75d51abd0e6cb,ledger_forward+shock_forward,claim,ASML Holding::Net System Sales,INCREASES_SPEND_ON,supply,supply,supply_capacity,positive,medium,1.0,True,explicit,[55],explicit_segment,37ba92c836b162469aa85a11,FY2021_Q4,Forecast/Guidance,0.7884615384615384,1,True,False,persistent,reduced_window,semi_infra_tooling,8bdf5a4678f42099f22dba50f0c3fc754903a1d497cba3f8a8cb2a3c4b711de6,108,included_in_public_release,author_created_derived_post_extraction_card,not_included_mixed_public_or_provider_access,not_redistributed_no_rights_grant,withheld_hash_locator_only
3bd8b518540daf25f71f,ASML,FY2021_Q3,FY2021_Q4,a5409881cd659053f02893e4,eb60c92fac8d8b6a2ef9b0f7,ledger_forward+shock_forward,claim,ASML Holding::Installed Base Management,DRIVES_DEMAND_FOR,demand,demand,demand,positive,high,1.0,True,explicit,[66],explicit_segment,88a3341496421a70921fcb9f,FY2021_Q4,Forecast/Guidance,0.21153846153846154,2,True,False,persistent,reduced_window,semi_infra_tooling,ab46d4cd6c90d47ade41f2eac793cd7ab4d96348a2ae488cb484389f341ded1b,84,included_in_public_release,author_created_derived_post_extraction_card,not_included_mixed_public_or_provider_access,not_redistributed_no_rights_grant,withheld_hash_locator_only
db1076d3c8287c5fc673,ASML,FY2021_Q3,FY2021_Q4,0ffd27c328bf6ce2c9508729,a797539d654f0298cdfa9666,ledger_forward+shock_forward,event,ASML Holding::Net System Sales,LIMITS_REVENUE_OF,supply,supply,supply_capacity,negative,medium,1.0,True,,[46],explicit_tail,daca3fe394352df4cb42fe7c,FY2021_Q4,Forecast/Guidance,0.7884615384615384,1,True,False,persistent,reduced_window,semi_infra_tooling,325da7d4b7cb4e1f8a28f4bd2522f5c51e3e22f8e2e4ab8009d6098fe2c4321c,114,included_in_public_release,author_created_derived_post_extraction_card,not_included_mixed_public_or_provider_access,not_redistributed_no_rights_grant,withheld_hash_locator_only
b42521a4d9b5ca47c282,ASML,FY2021_Q4,FY2022_Q1,6a31d36387bcb60fbbd0a9f0,b68f8cb1e98e4df689250b12,ledger_forward+shock_forward,claim,ASML Holding::Installed Base Management,CONTRIBUTES_TO,supply,supply,supply_capacity,positive,medium,1.0,True,explicit,[12],explicit_segment,ac652640cf5ef3e69491ec78,FY2022_Q1,Forecast/Guidance,0.29934144881261227,2,True,False,persistent,reduced_window,semi_infra_tooling,cc689238a9c59d48f5c64d070b8fa7e1834c91d95cb78f6f90f04c88f795a5c8,172,included_in_public_release,author_created_derived_post_extraction_card,not_included_mixed_public_or_provider_access,not_redistributed_no_rights_grant,withheld_hash_locator_only
0ffa1c5b8ca2467707c0,ASML,FY2021_Q4,FY2022_Q1,46f6a27d909f739dd78f94c2,c4bf1b69068a288d8cbc4995,ledger_forward+shock_forward,claim,ASML Holding::Net System Sales,DRIVES_DEMAND_FOR,demand,demand,demand,positive,high,1.0,True,explicit,[10],explicit_segment,53ec77856f9f7fe8f72e7921,FY2022_Q1,Forecast/Guidance,0.6984633805627619,1,True,False,persistent,reduced_window,semi_infra_tooling,059f40435269db26e475fbee628ff2467b193107e80bed73a8d85aac589ac1ca,159,included_in_public_release,author_created_derived_post_extraction_card,not_included_mixed_public_or_provider_access,not_redistributed_no_rights_grant,withheld_hash_locator_only
bad7af68dce3d69b67e4,ASML,FY2021_Q4,FY2022_Q1,851f3a56dc2d9ce1f061302d,be0ff9f7af2d5fdfd79f282a,ledger_forward+shock_forward,claim,ASML Holding::Net System Sales,SUPPORTS_REVENUE_OF,supply,supply,supply_capacity,positive,medium,1.0,True,explicit,"[10,11,13]",explicit_segment,f48fc1409e5ce1c51c2faa75,FY2022_Q1,Forecast/Guidance,0.6984633805627619,1,True,False,persistent,reduced_window,semi_infra_tooling,30676362b328f50f5db0dff2b850b9bd0ab99c342ceb0fbfb9fac1f6e86f8e82,337,included_in_public_release,author_created_derived_post_extraction_card,not_included_mixed_public_or_provider_access,not_redistributed_no_rights_grant,withheld_hash_locator_only
c4b2f7f6cf49b2e5c95d,ASML,FY2021_Q4,FY2022_Q1,1198707d195580d4d926bb70,a364ac4d6f2179c00bc44c0e,ledger_forward+shock_forward,event,ASML Holding::Net System Sales,LIMITS_REVENUE_OF,product_transition,product_transition,product_transition,negative,high,1.0,True,,[56],explicit_tail,daca3fe394352df4cb42fe7c,FY2022_Q1,Forecast/Guidance,0.6984633805627619,1,True,False,persistent,reduced_window,semi_infra_tooling,1084085be7815671dbeccd083dfe48e79d427ac29ea59e746160216f8ebbf495,87,included_in_public_release,author_created_derived_post_extraction_card,not_included_mixed_public_or_provider_access,not_redistributed_no_rights_grant,withheld_hash_locator_only
2a15afde54122c64e962,ASML,FY2022_Q1,FY2022_Q2,7925d0458de5e9901aefb5bc,670c36d0157039b744694bb1,ledger_forward+shock_forward,event,ASML Holding::Net System Sales,BOOSTS_REVENUE_OF,inventory,inventory,inventory_channel,positive,high,0.95,True,,[64],explicit_tail,daca3fe394352df4cb42fe7c,FY2022_Q2,Forecast/Guidance,0.6571428571428571,1,True,False,persistent,reduced_window,semi_infra_tooling,528164f68dfc2ac9108a867675cdc970e083cbe75a9a27d2fcceb9a3c62794ca,91,included_in_public_release,author_created_derived_post_extraction_card,not_included_mixed_public_or_provider_access,not_redistributed_no_rights_grant,withheld_hash_locator_only
7e794655b9af91a80e6d,ASML,FY2022_Q1,FY2022_Q2,447ae54c1cf08563cbf2c5f1,aae652fb76574d60bd6fe3fe,ledger_forward+shock_forward,event,ASML Holding::Net System Sales,LIMITS_REVENUE_OF,supply,supply,supply_capacity,negative,medium,0.9,True,,[65],explicit_tail,daca3fe394352df4cb42fe7c,FY2022_Q2,Forecast/Guidance,0.6571428571428571,1,True,False,persistent,reduced_window,semi_infra_tooling,9b50b63ab252101661f588324c2fe0bcfdeeb4633460dc3d7a4f64a39db88e06,151,included_in_public_release,author_created_derived_post_extraction_card,not_included_mixed_public_or_provider_access,not_redistributed_no_rights_grant,withheld_hash_locator_only
2d58fa93a767ee56e0d7,ASML,FY2022_Q2,FY2022_Q3,b154c83feb8ea86992f655d7,fb9fe9ebeac5bc884c90ee41,ledger_forward+shock_forward,claim,ASML Holding::Net System Sales,CONSTRAINS_PRODUCTION_OF,supply,supply,supply_capacity,negative,high,1.0,True,explicit,[15],explicit_segment,f76a63f4274ad19e67ae4d41,FY2022_Q3,Forecast/Guidance,0.7592592592592593,1,True,False,persistent,reduced_window,semi_infra_tooling,a59369a7347dbba73bc6f1f1a8728f18db02790ea2235b36df8e0fbeb4da2a27,159,included_in_public_release,author_created_derived_post_extraction_card,not_included_mixed_public_or_provider_access,not_redistributed_no_rights_grant,withheld_hash_locator_only
d161a43e4ed3c6d0adc8,ASML,FY2022_Q2,FY2022_Q3,68413aa8830e32b470e6d238,2496a0c51cba018057b10a80,ledger_forward+shock_forward,claim,ASML Holding::Installed Base Management,CONSTRAINS_PRODUCTION_OF,supply,supply,supply_capacity,positive,high,1.0,True,explicit,[17],explicit_segment,326bd0032b177a46241a8597,FY2022_Q3,Forecast/Guidance,0.24074074074074073,2,True,False,persistent,reduced_window,semi_infra_tooling,5487144e1a3eeea31311cda9e753a6b82fb1caff3d19dca29d96ee816cc1ffda,115,included_in_public_release,author_created_derived_post_extraction_card,not_included_mixed_public_or_provider_access,not_redistributed_no_rights_grant,withheld_hash_locator_only
980ccc3b834ec14c89a4,ASML,FY2022_Q2,FY2022_Q3,c2742f9c21cf9d53bccb17ad,3991a49d4970a6051a8ade65,ledger_forward+shock_forward,claim,ASML Holding::Net System Sales,DRIVES_DEMAND_FOR,demand,demand,demand,positive,high,1.0,True,explicit,[17],explicit_segment,6066b69dcc6c7c2c61ddf268,FY2022_Q3,Forecast/Guidance,0.7592592592592593,1,True,False,persistent,reduced_window,semi_infra_tooling,85260f93e26e2ac6543910d81ca642beea8e623757436dea98fa608c40e986a6,115,included_in_public_release,author_created_derived_post_extraction_card,not_included_mixed_public_or_provider_access,not_redistributed_no_rights_grant,withheld_hash_locator_only
a2729801493957e6db9c,ASML,FY2022_Q3,FY2022_Q4,91c5e6f46f0cb737453eb59a,0f71c530b775baaf961788f6,ledger_forward+shock_forward,claim,ASML Holding::Net System Sales,BOOSTS_REVENUE_OF,supply,supply,supply_capacity,positive,medium,0.95,True,explicit,[23],explicit_segment,1f23b6bd5116b2155bf3f662,FY2022_Q4,Forecast/Guidance,0.7413793103448276,1,True,False,persistent,reduced_window,semi_infra_tooling,22fb4978002539bc91b67a9807236553dac58a0e2c05faa3a34556ecc2a45e57,253,included_in_public_release,author_created_derived_post_extraction_card,not_included_mixed_public_or_provider_access,not_redistributed_no_rights_grant,withheld_hash_locator_only
633809d249074ca4373b,ASML,FY2022_Q3,FY2022_Q4,c05a55144acdb49a8e57e601,44956672a19f08c28e598b10,ledger_forward+shock_forward,claim,ASML Holding::Net System Sales,CONSTRAINS_PRODUCTION_OF,supply,supply,supply_capacity,negative,high,0.95,True,explicit,[21],explicit_segment,913fa0b1eea8c3c5ed853a02,FY2022_Q4,Forecast/Guidance,0.7413793103448276,1,True,False,persistent,reduced_window,semi_infra_tooling,5238ff37906da2175b48e8823bdbb92eaa7e918c8479bd4da4763cb3a8b49083,99,included_in_public_release,author_created_derived_post_extraction_card,not_included_mixed_public_or_provider_access,not_redistributed_no_rights_grant,withheld_hash_locator_only
7fc4dd1f572608b709ee,ASML,FY2022_Q3,FY2022_Q4,38a3d662936443c5b7960599,3d948dff56b0439a2159acf5,ledger_forward+shock_forward,claim,ASML Holding::Net System Sales,LIMITS_REVENUE_OF,pricing,pricing,pricing_margin,negative,medium,0.9,True,explicit,[28],explicit_segment,e76c3b41e4c70b173cb36277,FY2022_Q4,Forecast/Guidance,0.7413793103448276,1,True,False,persistent,reduced_window,semi_infra_tooling,0be82277fd55d23a8d81482796c799584853904f52b498b9d4554c8c2b106c5e,132,included_in_public_release,author_created_derived_post_extraction_card,not_included_mixed_public_or_provider_access,not_redistributed_no_rights_grant,withheld_hash_locator_only
0d14a981ed6cda46e2a6,ASML,FY2022_Q3,FY2022_Q4,bda64d303b788538815a5a7e,285ded773fc5605a54397dd6,ledger_forward+shock_forward,event,ASML Holding::Net System Sales,BOOSTS_REVENUE_OF,pricing,pricing,pricing_margin,positive,medium,0.95,True,,[25],explicit_tail,daca3fe394352df4cb42fe7c,FY2022_Q4,Forecast/Guidance,0.7413793103448276,1,True,False,persistent,reduced_window,semi_infra_tooling,6acddd24bb021a9a2028efef7bd885e404f859eb2c87a7e72d15cbc176a0af37,275,included_in_public_release,author_created_derived_post_extraction_card,not_included_mixed_public_or_provider_access,not_redistributed_no_rights_grant,withheld_hash_locator_only
1233d7de6dcd5e638bd2,ASML,FY2022_Q3,FY2022_Q4,dcd0103cfed27377903f6ede,e6a3d9c5e4cf59c7e5e25118,ledger_forward+shock_forward,claim,ASML Holding::Net System Sales,CONSTRAINS_PRODUCTION_OF,supply,product_transition,supply_capacity,negative,medium,0.85,True,explicit,[30],explicit_segment,57d9b5b45b5d0a738fe74437,FY2022_Q4,Forecast/Guidance,0.7413793103448276,1,True,False,persistent,reduced_window,semi_infra_tooling,1d77fe013e41cf62789e062f6e73050286154ed2d296d5ca8b084ed731c9d2be,229,included_in_public_release,author_created_derived_post_extraction_card,not_included_mixed_public_or_provider_access,not_redistributed_no_rights_grant,withheld_hash_locator_only
f8362f6644e6ed5d6c86,ASML,FY2022_Q3,FY2022_Q4,680f3f923209afbadb81d9f8,1644d1e4894c3eae389beee1,ledger_forward+shock_forward,event,ASML Holding::Installed Base Management,BOOSTS_REVENUE_OF,demand,demand,demand,positive,medium,0.95,True,,[25],explicit_tail,f97cfbe0ea625011987f970b,FY2022_Q4,Forecast/Guidance,0.25862068965517243,2,True,False,persistent,reduced_window,semi_infra_tooling,6acddd24bb021a9a2028efef7bd885e404f859eb2c87a7e72d15cbc176a0af37,275,included_in_public_release,author_created_derived_post_extraction_card,not_included_mixed_public_or_provider_access,not_redistributed_no_rights_grant,withheld_hash_locator_only
5c645caba3413a939cb2,ASML,FY2022_Q4,FY2023_Q1,b92486e3553ebec931571dd5,766d76d05b95a1f1c4df4963,ledger_forward+shock_forward,claim,ASML Holding::Installed Base Management,DRIVES_DEMAND_FOR,demand,demand,demand,positive,medium,0.9,False,explicit,[15],explicit_segment,b55face8a9daa55b2ef6fdc5,FY2023_Q1,Forecast/Guidance,0.262613155374301,2,True,False,unknown,reduced_window,semi_infra_tooling,4bc490c94bf36b05ce61bfa15251b99aa62d0f16a4d6f70a5230f26f26c6aa3e,75,included_in_public_release,author_created_derived_post_extraction_card,not_included_mixed_public_or_provider_access,not_redistributed_no_rights_grant,withheld_hash_locator_only
21b9b80771b0ae90b8c3,ASML,FY2022_Q4,FY2023_Q1,ca6754cfc3b534591b2824cf,100ec2b48b403171e31e472e,ledger_forward+shock_forward,claim,ASML Holding::Net System Sales,BOOSTS_REVENUE_OF,demand,demand,demand,positive,medium,0.95,False,explicit,[15],explicit_segment,05055d3f3c46f364c6d78091,FY2023_Q1,Forecast/Guidance,0.7260481354465969,1,True,False,unknown,reduced_window,semi_infra_tooling,3e808a25f4da38462bf4e130945e38e60d11b49dd59bdb22f108da9d4d7889bc,115,included_in_public_release,author_created_derived_post_extraction_card,not_included_mixed_public_or_provider_access,not_redistributed_no_rights_grant,withheld_hash_locator_only
3b01114e1eca11907dfa,ASML,FY2022_Q4,FY2023_Q1,55584069392b8b716c9eb569,4e6c0c36267581b7aec68303,ledger_forward+shock_forward,claim,ASML Holding::Net System Sales,INCREASES_SPEND_ON,product_transition,product_transition,product_transition,positive,medium,0.9,True,explicit,[15],explicit_segment,39ad6cfe8059d7dca1ddaadb,FY2023_Q1,Forecast/Guidance,0.7260481354465969,1,True,False,persistent,reduced_window,semi_infra_tooling,d32738ea8dd393b0ee279f228ac467bd046c0e99d563d588f7253e46277b65b1,152,included_in_public_release,author_created_derived_post_extraction_card,not_included_mixed_public_or_provider_access,not_redistributed_no_rights_grant,withheld_hash_locator_only
78a3c278f228454783cc,ASML,FY2022_Q4,FY2023_Q1,9e08d8579e55a7e6031df421,be696b1a32679e9dbe7d4a8c,ledger_forward+shock_forward,claim,ASML Holding::Net System Sales,BOOSTS_REVENUE_OF,demand,demand,demand,mixed,medium,0.95,True,explicit,[19],explicit_segment,ac652640cf5ef3e69491ec78,FY2023_Q1,Forecast/Guidance,0.7260481354465969,1,True,False,persistent,reduced_window,semi_infra_tooling,4271c1fdc1e082af724beb5d0a33daabbb437f9053c25d6ab707c73d452e6987,186,included_in_public_release,author_created_derived_post_extraction_card,not_included_mixed_public_or_provider_access,not_redistributed_no_rights_grant,withheld_hash_locator_only
88cf11e769d9016b893a,ASML,FY2022_Q4,FY2023_Q1,727a239a90b12b745c57d84e,e40974e14c30ad0b384bf7da,ledger_forward+shock_forward,event,ASML Holding::Net System Sales,LIMITS_REVENUE_OF,supply,supply,supply_capacity,negative,medium,1.0,False,,[58],explicit_tail,daca3fe394352df4cb42fe7c,FY2023_Q1,Forecast/Guidance,0.7260481354465969,1,True,False,unknown,reduced_window,semi_infra_tooling,8b97491f1470fee200fb37597ecd865dd19a8d35334009c448a9d68b014eb197,204,included_in_public_release,author_created_derived_post_extraction_card,not_included_mixed_public_or_provider_access,not_redistributed_no_rights_grant,withheld_hash_locator_only
fea8a697a96de5ba94ff,ASML,FY2022_Q4,FY2023_Q1,bb6aec30e764ef24b9d9b5a8,14a8f15f128db2d273829262,ledger_forward+shock_forward,event,ASML Holding::Installed Base Management,LIMITS_REVENUE_OF,demand,demand,demand,negative,medium,1.0,False,,[62],explicit_tail,f97cfbe0ea625011987f970b,FY2023_Q1,Forecast/Guidance,0.262613155374301,2,True,False,unknown,reduced_window,semi_infra_tooling,8ee6f14057937576454bfe9e64465fb0b930071dc54c2ffd6c02df225a71220a,213,included_in_public_release,author_created_derived_post_extraction_card,not_included_mixed_public_or_provider_access,not_redistributed_no_rights_grant,withheld_hash_locator_only
bdef39a1014380689fe5,ASML,FY2023_Q1,FY2023_Q2,3709b57d0334de893e49f66b,f4c96f3099616b55b0605937,ledger_forward+shock_forward,claim,ASML Holding::Net System Sales,DRIVES_DEMAND_FOR,demand,demand,demand,positive,high,0.9,True,explicit,[34],explicit_segment,6fbb6f9ecc1050fff53ab653,FY2023_Q2,Forecast/Guidance,0.7910447761194029,1,True,False,persistent,reduced_window,semi_infra_tooling,2b279619553e10a82370e6d6b8e5d7c5ae0937a09f0143401f1ce18ba9fac85c,214,included_in_public_release,author_created_derived_post_extraction_card,not_included_mixed_public_or_provider_access,not_redistributed_no_rights_grant,withheld_hash_locator_only
89dda5e85e307544dea3,ASML,FY2023_Q1,FY2023_Q2,f7454d4ff21c7f31bbf93067,c3cdcc021c76a3cfd1d269c3,ledger_forward+shock_forward,event,ASML Holding::Installed Base Management,BOOSTS_REVENUE_OF,product_transition,product_transition,product_transition,positive,medium,0.95,True,,[44],explicit_tail,f97cfbe0ea625011987f970b,FY2023_Q2,Forecast/Guidance,0.208955223880597,2,True,False,persistent,reduced_window,semi_infra_tooling,d63af9f62895a30f648e5a73b2dfe978043c995c4f3955428bed3a2b5629473a,181,included_in_public_release,author_created_derived_post_extraction_card,not_included_mixed_public_or_provider_access,not_redistributed_no_rights_grant,withheld_hash_locator_only
1dd6bb9cf21eea5fdbab,ASML,FY2023_Q1,FY2023_Q2,b67feeb44234288d489b7d27,3c39a9f3f6e814c81db7daaf,ledger_forward+shock_forward,event,ASML Holding::Installed Base Management,BOOSTS_REVENUE_OF,revenue_boost,other,revenue_boost_limit,positive,low,0.9,True,,[45],explicit_tail,f97cfbe0ea625011987f970b,FY2023_Q2,Forecast/Guidance,0.208955223880597,2,True,False,persistent,reduced_window,semi_infra_tooling,c6e8b36d63e2f31779695f9477616c68c09aaf61e42d54d038636919625a500a,88,included_in_public_release,author_created_derived_post_extraction_card,not_included_mixed_public_or_provider_access,not_redistributed_no_rights_grant,withheld_hash_locator_only
ac15670efa54665c8a3e,ASML,FY2023_Q1,FY2023_Q2,bd5c8e03fa9941ef0f9c4129,c61d4e855a9797e4d2908930,ledger_forward+shock_forward,event,ASML Holding::Net System Sales,BOOSTS_REVENUE_OF,inventory,inventory,inventory_channel,positive,medium,0.9,True,,[392],explicit_tail,daca3fe394352df4cb42fe7c,FY2023_Q2,Forecast/Guidance,0.7910447761194029,1,True,False,persistent,reduced_window,semi_infra_tooling,73bd4c708a2b7cf578da1034d41280349a8a3dda93a33d127731c4b5e025b18a,237,included_in_public_release,author_created_derived_post_extraction_card,not_included_mixed_public_or_provider_access,not_redistributed_no_rights_grant,withheld_hash_locator_only
56b4153d157a40cfea12,ASML,FY2023_Q2,FY2023_Q3,f44886c07d9b3b1812c1185b,62b56e347746d107c203bd0c,ledger_forward+shock_forward,event,ASML Holding::Net System Sales,BOOSTS_REVENUE_OF,product_transition,product_transition,product_transition,positive,medium,0.95,True,,[66],explicit_tail,daca3fe394352df4cb42fe7c,FY2023_Q3,Forecast/Guidance,0.8115942028985508,1,True,False,persistent,reduced_window,semi_infra_tooling,d71e653b569c55ccb72d42d7a1421acc464c92316d48604e8441a4438d20ceab,182,included_in_public_release,author_created_derived_post_extraction_card,not_included_mixed_public_or_provider_access,not_redistributed_no_rights_grant,withheld_hash_locator_only
1edd19a96638de46c817,ASML,FY2023_Q2,FY2023_Q3,9f54dc4359b05d01b6df972b,5b6034a846d576a50d360822,ledger_forward+shock_forward,event,ASML Holding::Net System Sales,LIMITS_REVENUE_OF,demand,demand,demand,negative,medium,0.95,True,,[69],explicit_tail,daca3fe394352df4cb42fe7c,FY2023_Q3,Forecast/Guidance,0.8115942028985508,1,True,False,persistent,reduced_window,semi_infra_tooling,461c7a23d78bd5f84e86699615bbb41d184f82cf6867942079e4eea6b5862743,338,included_in_public_release,author_created_derived_post_extraction_card,not_included_mixed_public_or_provider_access,not_redistributed_no_rights_grant,withheld_hash_locator_only
32bda06c55998ceeba32,ASML,FY2023_Q2,FY2023_Q3,147b2fa27ae07ca3c968bdc8,ef7413decd5ef67befd685a8,ledger_forward+shock_forward,event,ASML Holding::Net System Sales,LIMITS_REVENUE_OF,supply,supply,supply_capacity,negative,medium,0.95,True,,[69],explicit_tail,daca3fe394352df4cb42fe7c,FY2023_Q3,Forecast/Guidance,0.8115942028985508,1,True,False,persistent,reduced_window,semi_infra_tooling,461c7a23d78bd5f84e86699615bbb41d184f82cf6867942079e4eea6b5862743,338,included_in_public_release,author_created_derived_post_extraction_card,not_included_mixed_public_or_provider_access,not_redistributed_no_rights_grant,withheld_hash_locator_only
706d16794d5969dbd040,ASML,FY2023_Q2,FY2023_Q3,4915b6acef8fe1599f8dfffc,1e529d8c076dad0a06fda497,ledger_forward+shock_forward,event,ASML Holding::Installed Base Management,LIMITS_REVENUE_OF,demand,demand,demand,negative,medium,0.95,True,,[70],explicit_tail,f97cfbe0ea625011987f970b,FY2023_Q3,Forecast/Guidance,0.18840579710144928,2,True,False,persistent,reduced_window,semi_infra_tooling,cf9dc31124431d517054649318898b380a21a46f21974d30307112ee5b76b24e,204,included_in_public_release,author_created_derived_post_extraction_card,not_included_mixed_public_or_provider_access,not_redistributed_no_rights_grant,withheld_hash_locator_only
eccd9a912b773b7335ef,ASML,FY2023_Q3,FY2023_Q4,cb0d7e867767ed26d631d277,31097e88fc195a85262a65c4,ledger_forward+shock_forward,claim,ASML Holding::Installed Base Management,LIMITS_REVENUE_OF,demand,demand,demand,negative,medium,1.0,False,explicit,[41],explicit_segment,808972b577ac561439ce4692,FY2023_Q4,Forecast/Guidance,0.208955223880597,2,True,False,unknown,reduced_window,semi_infra_tooling,e72e68dd0b72c71d62bda07872d542da8d2f69002163490a5d6d0a81962a33b0,135,included_in_public_release,author_created_derived_post_extraction_card,not_included_mixed_public_or_provider_access,not_redistributed_no_rights_grant,withheld_hash_locator_only
594593534015d062fd47,ASML,FY2023_Q3,FY2023_Q4,34b0be3e0aa20930c7d78f9f,258dfe4f3717580ee3078fa9,ledger_forward+shock_forward,claim,ASML Holding::Net System Sales,BOOSTS_REVENUE_OF,demand,demand,demand,positive,high,1.0,True,explicit,[35],explicit_segment,a0df9407f897f794bd5b3dce,FY2023_Q4,Forecast/Guidance,0.7910447761194029,1,True,False,persistent,reduced_window,semi_infra_tooling,3188af669b2a5c580908b0a5d11f38dc0b41fd7ebc21edc495b8264639338419,197,included_in_public_release,author_created_derived_post_extraction_card,not_included_mixed_public_or_provider_access,not_redistributed_no_rights_grant,withheld_hash_locator_only
2bd64a25607e2e9d7d01,ASML,FY2023_Q3,FY2023_Q4,a81f73467608db4f5364f90f,f4fad24150fdbf9fb3e4c944,ledger_forward+shock_forward,event,ASML Holding::Net System Sales,BOOSTS_REVENUE_OF,supply,supply,supply_capacity,positive,medium,0.9,True,,[74],explicit_tail,daca3fe394352df4cb42fe7c,FY2023_Q4,Forecast/Guidance,0.7910447761194029,1,True,False,persistent,reduced_window,semi_infra_tooling,28f865fa93fd45097cfe531bc9c2a451368e4f9f685100592c37e487bea26c57,185,included_in_public_release,author_created_derived_post_extraction_card,not_included_mixed_public_or_provider_access,not_redistributed_no_rights_grant,withheld_hash_locator_only
6d3b2f29a0599cf3f31e,ASML,FY2023_Q3,FY2023_Q4,eb69bb4afacb6682a3218508,6bf883bed94e4c486d701aed,ledger_forward+shock_forward,event,ASML Holding::Net System Sales,LIMITS_REVENUE_OF,demand,demand,demand,negative,medium,0.9,True,,[75],explicit_tail,daca3fe394352df4cb42fe7c,FY2023_Q4,Forecast/Guidance,0.7910447761194029,1,True,False,persistent,reduced_window,semi_infra_tooling,136a12445fe9eb3436fd11824897778fa8007eadef7bc01f4c90a8befae215ff,167,included_in_public_release,author_created_derived_post_extraction_card,not_included_mixed_public_or_provider_access,not_redistributed_no_rights_grant,withheld_hash_locator_only
c62ac1428e39be569c55,ASML,FY2023_Q4,FY2024_Q1,380667943eac7acf0f989f5d,bd1352124e4ba9c2ec08a764,ledger_forward+shock_forward,claim,ASML Holding::Net System Sales,BOOSTS_REVENUE_OF,pricing,pricing,pricing_margin,positive,medium,0.9,False,explicit,[62],explicit_segment,baba32f4ecf2c7fea551d881,FY2024_Q1,Forecast/Guidance,0.7852862161603638,1,True,False,unknown,reduced_window,semi_infra_tooling,3a2bb740cb30a2bf1cd8e290b6a57da101f10ae5dd1ada4c97d7996d3b604396,101,included_in_public_release,author_created_derived_post_extraction_card,not_included_mixed_public_or_provider_access,not_redistributed_no_rights_grant,withheld_hash_locator_only
5c5e26c5508e9a98ca12,ASML,FY2023_Q4,FY2024_Q1,0ad2d415276f18ed0970b9d2,eaa6a19b1a0ce11560124fd6,ledger_forward+shock_forward,claim,ASML Holding::Installed Base Management,BOOSTS_REVENUE_OF,pricing,pricing,pricing_margin,positive,medium,0.9,False,explicit,[62],explicit_segment,6864caa93732f4bac7ad45e2,FY2024_Q1,Forecast/Guidance,0.22043121857133016,2,True,False,unknown,reduced_window,semi_infra_tooling,3a2bb740cb30a2bf1cd8e290b6a57da101f10ae5dd1ada4c97d7996d3b604396,101,included_in_public_release,author_created_derived_post_extraction_card,not_included_mixed_public_or_provider_access,not_redistributed_no_rights_grant,withheld_hash_locator_only
14a81e10a836fad776f0,ASML,FY2023_Q4,FY2024_Q1,382ec736b208fdc6ba24828b,9d97c54315b73dcb840d89b0,ledger_forward+shock_forward,claim,ASML Holding::Net System Sales,INCREASES_SPEND_ON,supply,supply,supply_capacity,positive,medium,0.9,True,explicit,[74],explicit_segment,6fa1c56327f49dbbcc1dd122,FY2024_Q1,Forecast/Guidance,0.7852862161603638,1,True,False,persistent,reduced_window,semi_infra_tooling,d930b7c2e818ebec091fbf5ce170d1248e0a05068a9d0a0947d1614ceacdeed3,134,included_in_public_release,author_created_derived_post_extraction_card,not_included_mixed_public_or_provider_access,not_redistributed_no_rights_grant,withheld_hash_locator_only
7b65a465cfb1c9e24a78,ASML,FY2023_Q4,FY2024_Q1,37221830843bda35006f5633,10f48e12781652638e4350dd,ledger_forward+shock_forward,claim,ASML Holding::Net System Sales,DRIVES_DEMAND_FOR,demand,demand,demand,positive,high,0.95,False,explicit,[79],explicit_segment,a95db646a3a2a840a619f0d1,FY2024_Q1,Forecast/Guidance,0.7852862161603638,1,True,False,unknown,reduced_window,semi_infra_tooling,41033fd8737d89565a3aabf3d85d61790f5e2930e254c0d02f90ab0a38048390,200,included_in_public_release,author_created_derived_post_extraction_card,not_included_mixed_public_or_provider_access,not_redistributed_no_rights_grant,withheld_hash_locator_only
0f2ca91215b30e0b1c4e,ASML,FY2023_Q4,FY2024_Q1,cc5950141cb86beb0f0e5149,6b488cd12d418046223a3672,ledger_forward+shock_forward,event,ASML Holding::Net System Sales,LIMITS_REVENUE_OF,demand,demand,demand,negative,medium,1.0,True,,[55],explicit_tail,daca3fe394352df4cb42fe7c,FY2024_Q1,Forecast/Guidance,0.7852862161603638,1,True,False,persistent,reduced_window,semi_infra_tooling,23dcb638c0ab766c3160483527130deccacbb7d962e6d59fa285a17fbdd18f46,134,included_in_public_release,author_created_derived_post_extraction_card,not_included_mixed_public_or_provider_access,not_redistributed_no_rights_grant,withheld_hash_locator_only
a7587b3d34d7b1dd4333,ASML,FY2023_Q4,FY2024_Q1,308c4cf815d6fe4b660b3fa6,53dba251a85f95ffa78375a0,ledger_forward+shock_forward,event,ASML Holding::Net System Sales,LIMITS_REVENUE_OF,product_transition,product_transition,product_transition,negative,medium,1.0,True,,[55],explicit_tail,daca3fe394352df4cb42fe7c,FY2024_Q1,Forecast/Guidance,0.7852862161603638,1,True,False,persistent,reduced_window,semi_infra_tooling,23dcb638c0ab766c3160483527130deccacbb7d962e6d59fa285a17fbdd18f46,134,included_in_public_release,author_created_derived_post_extraction_card,not_included_mixed_public_or_provider_access,not_redistributed_no_rights_grant,withheld_hash_locator_only
3bed8c697258a714ea50,ASML,FY2023_Q4,FY2024_Q1,8fc933dbedef093fcfafc46d,8ea4d1b2ca0a5c9f61360394,ledger_forward+shock_forward,event,ASML Holding::Installed Base Management,LIMITS_REVENUE_OF,demand,demand,demand,negative,medium,1.0,True,,[56],explicit_tail,f97cfbe0ea625011987f970b,FY2024_Q1,Forecast/Guidance,0.22043121857133016,2,True,False,persistent,reduced_window,semi_infra_tooling,9226ac5b2338aeb17608b32f4febd7cfb59b4627e7ed110d1e971d9ca20b18a3,94,included_in_public_release,author_created_derived_post_extraction_card,not_included_mixed_public_or_provider_access,not_redistributed_no_rights_grant,withheld_hash_locator_only
c9ad3a7963f7386d5e9e,ASML,FY2024_Q1,FY2024_Q2,f7d4fbc835fd7f9853327cf8,78775d5708217a87291a3dc9,ledger_forward+shock_forward,claim,ASML Holding::Net System Sales,DRIVES_DEMAND_FOR,demand,demand,demand,positive,high,0.9,True,explicit,[45],explicit_segment,288e1d8db28ec78ffe548151,FY2024_Q2,Forecast/Guidance,0.7547169811320755,1,True,False,persistent,reduced_window,semi_infra_tooling,032298b31aa59fa7c1f727edc9dccde85f066c936a4a8483e1e265c2c14d6ceb,126,included_in_public_release,author_created_derived_post_extraction_card,not_included_mixed_public_or_provider_access,not_redistributed_no_rights_grant,withheld_hash_locator_only
4078608b12ae2ee9dfeb,ASML,FY2024_Q1,FY2024_Q2,833188ae2a67ad6a3ee840c5,c4c7f68930c9639fddeecd03,ledger_forward+shock_forward,claim,ASML Holding::Net System Sales,DRIVES_DEMAND_FOR,demand,demand,demand,negative,medium,0.85,True,explicit,[45],explicit_segment,7d955c32422168a6c92b8ff1,FY2024_Q2,Forecast/Guidance,0.7547169811320755,1,True,False,persistent,reduced_window,semi_infra_tooling,ecd7870dac54b58cb9c41438f6a2c75e2084dc0477fba1da2961028bb204d9ee,123,included_in_public_release,author_created_derived_post_extraction_card,not_included_mixed_public_or_provider_access,not_redistributed_no_rights_grant,withheld_hash_locator_only
f63bd211e7a81a1bd1f5,ASML,FY2024_Q1,FY2024_Q2,610bd2184c7f008eec41964c,bd03d5558a3b59947332dcf7,ledger_forward+shock_forward,event,ASML Holding::Installed Base Management,BOOSTS_REVENUE_OF,demand,demand,demand,positive,medium,0.95,True,,[48],explicit_tail,f97cfbe0ea625011987f970b,FY2024_Q2,Forecast/Guidance,0.24528301886792453,2,True,False,persistent,reduced_window,semi_infra_tooling,380c19a33044d1f772a5e174c797f600338eefba2161ef95c5e975f6ed53f716,152,included_in_public_release,author_created_derived_post_extraction_card,not_included_mixed_public_or_provider_access,not_redistributed_no_rights_grant,withheld_hash_locator_only
e1b6c5f2e3a939a7c4f8,ASML,FY2024_Q3,FY2024_Q4,1724c9ce820c217cc50b7144,02a9d504d257b77f461e3c5b,ledger_forward+shock_forward,claim,ASML Holding::Net System Sales,DRIVES_DEMAND_FOR,demand,demand,demand,positive,medium,1.0,True,explicit,[74],explicit_segment,cc911f0def69348743ed335f,FY2024_Q4,Forecast/Guidance,0.7946666666666666,1,True,False,persistent,reduced_window,semi_infra_tooling,db168e786670f21b071a68e541881f5dabbdce7b7ceaa9fae036c672daeab6bf,85,included_in_public_release,author_created_derived_post_extraction_card,not_included_mixed_public_or_provider_access,not_redistributed_no_rights_grant,withheld_hash_locator_only
4fd4a0301c5a52998d99,ASML,FY2024_Q3,FY2024_Q4,5f51c4f743598e53ee10daa7,2c5300735d0cb9a6fec2e596,ledger_forward+shock_forward,claim,ASML Holding::Net System Sales,LIMITS_REVENUE_OF,supply,supply,supply_capacity,negative,high,1.0,False,explicit,[86],explicit_segment,0525745a9299b74968675785,FY2024_Q4,Forecast/Guidance,0.7946666666666666,1,True,False,unknown,reduced_window,semi_infra_tooling,668a7541147445100ec531b69e8db63972614ae9d66db3bd39b91d962d5d9930,123,included_in_public_release,author_created_derived_post_extraction_card,not_included_mixed_public_or_provider_access,not_redistributed_no_rights_grant,withheld_hash_locator_only
91dc3bda42bab6c3aadd,ASML,FY2024_Q3,FY2024_Q4,4c13335cb336671389d1eca5,a689cf6eef7b30050546a102,ledger_forward+shock_forward,claim,ASML Holding::Net System Sales,LIMITS_REVENUE_OF,geopolitics,geopolitics,regulation_macro,negative,medium,1.0,False,explicit,[86],explicit_segment,33d612aec372044832e8ca04,FY2024_Q4,Forecast/Guidance,0.7946666666666666,1,True,False,unknown,reduced_window,semi_infra_tooling,b9aba2fdd2486e9a65705599902c977dfc7eba7c6f3686c46e031dc50f0d7094,127,included_in_public_release,author_created_derived_post_extraction_card,not_included_mixed_public_or_provider_access,not_redistributed_no_rights_grant,withheld_hash_locator_only
089c560cd3b0b633a70b,ASML,FY2024_Q3,FY2024_Q4,02ca45f13365c98e1ce60114,17e93c942525e8edf069094b,ledger_forward+shock_forward,claim,ASML Holding::Net System Sales,SUPPORTS_REVENUE_OF,product_transition,product_transition,product_transition,positive,medium,1.0,False,explicit,[86],explicit_segment,665cc9aff37102e1ace3c9f6,FY2024_Q4,Forecast/Guidance,0.7946666666666666,1,True,False,unknown,reduced_window,semi_infra_tooling,9fc463c742b65624e6b6f8e93f853e2398cfe19c89bccb23af8fe06f57ecf5a8,93,included_in_public_release,author_created_derived_post_extraction_card,not_included_mixed_public_or_provider_access,not_redistributed_no_rights_grant,withheld_hash_locator_only
7f41568aaabfc1a8fcf5,ASML,FY2024_Q3,FY2024_Q4,9a18bced635ab3cdf7acacbd,9f221b6c3c9e82841bf08fa9,ledger_forward+shock_forward,event,ASML Holding::Installed Base Management,BOOSTS_REVENUE_OF,product_transition,product_transition,product_transition,positive,medium,1.0,True,,[52],explicit_tail,f97cfbe0ea625011987f970b,FY2024_Q4,Forecast/Guidance,0.20533333333333334,2,True,False,persistent,reduced_window,semi_infra_tooling,e57bb5f282513539c4b452033f57f469bbe517044f9803955df388c86eacb9c5,159,included_in_public_release,author_created_derived_post_extraction_card,not_included_mixed_public_or_provider_access,not_redistributed_no_rights_grant,withheld_hash_locator_only
6469e6aed1512a15e7a1,ASML,FY2024_Q4,FY2025_Q1,8d0ff0c709eee20743269274,0c248b8347ffd4d94124890c,ledger_forward+shock_forward,claim,ASML Holding::Net System Sales,DRIVES_DEMAND_FOR,demand,demand,demand,positive,high,1.0,True,explicit,[64],explicit_segment,578c8ce87a88979ef36a0ab6,FY2025_Q1,Forecast/Guidance,0.7664986127454685,1,True,False,persistent,reduced_window,semi_infra_tooling,8a32042ecead839f69b05dfe8212d8904824293b92c78e5e8c3d284c2ab930fe,136,included_in_public_release,author_created_derived_post_extraction_card,not_included_mixed_public_or_provider_access,not_redistributed_no_rights_grant,withheld_hash_locator_only
8e6f538ef48ac3442501,ASML,FY2024_Q4,FY2025_Q1,079e4741e6f3fcf30cdacbae,c7e3c9043974955f0107b17b,ledger_forward+shock_forward,event,ASML Holding::Net System Sales,BOOSTS_REVENUE_OF,product_transition,product_transition,product_transition,positive,medium,0.95,True,,[60],explicit_tail,daca3fe394352df4cb42fe7c,FY2025_Q1,Forecast/Guidance,0.7664986127454685,1,True,False,persistent,reduced_window,semi_infra_tooling,0f901dfba3b0751beb219cce2a839ab5ddea0cf2a26fa9dc6bcf2b4dbb8b496e,197,included_in_public_release,author_created_derived_post_extraction_card,not_included_mixed_public_or_provider_access,not_redistributed_no_rights_grant,withheld_hash_locator_only
36ba5d7db469ab1457e2,ASML,FY2024_Q4,FY2025_Q1,7f204727116ec542f391c5ee,6bd63b82366666343db8bcc3,ledger_forward+shock_forward,event,ASML Holding::Net System Sales,LIMITS_REVENUE_OF,demand,demand,demand,negative,medium,0.9,True,,[60],explicit_tail,daca3fe394352df4cb42fe7c,FY2025_Q1,Forecast/Guidance,0.7664986127454685,1,True,False,persistent,reduced_window,semi_infra_tooling,0f901dfba3b0751beb219cce2a839ab5ddea0cf2a26fa9dc6bcf2b4dbb8b496e,197,included_in_public_release,author_created_derived_post_extraction_card,not_included_mixed_public_or_provider_access,not_redistributed_no_rights_grant,withheld_hash_locator_only
99c46023f4596946dd81,ASML,FY2024_Q4,FY2025_Q1,7dad2e9c5f0467dfe62df1b8,04dfdab327a0d3a559684312,ledger_forward+shock_forward,event,ASML Holding::Installed Base Management,BOOSTS_REVENUE_OF,demand,demand,demand,positive,high,0.95,True,,[92],explicit_tail,f97cfbe0ea625011987f970b,FY2025_Q1,Forecast/Guidance,0.22671085729091323,2,True,False,persistent,reduced_window,semi_infra_tooling,1887cc9f0a3920b863c5448019f5eb32ccdeca6201e9064b41a35abc006dccd0,204,included_in_public_release,author_created_derived_post_extraction_card,not_included_mixed_public_or_provider_access,not_redistributed_no_rights_grant,withheld_hash_locator_only
122e7fc8b023a86bae6c,ASML,FY2025_Q1,FY2025_Q2,e6579c2a7c2e093a4d7257e9,1280e962c5d036c35856f84a,ledger_forward+shock_forward,claim,ASML Holding::Installed Base Management,DRIVES_DEMAND_FOR,demand,demand,demand,positive,medium,1.0,True,explicit,[20],explicit_segment,10e9126da503f01dcecdbe5c,FY2025_Q2,Forecast/Guidance,0.2597402597402597,2,True,False,persistent,reduced_window,semi_infra_tooling,421506aaa0746cae52d269666f8840574730acb3b1582c9458bf3c78e8f80dd9,148,included_in_public_release,author_created_derived_post_extraction_card,not_included_mixed_public_or_provider_access,not_redistributed_no_rights_grant,withheld_hash_locator_only
5e2df2111528aff4f7bc,ASML,FY2025_Q1,FY2025_Q2,8d1e9d435906de0f797f8183,1e083994546674b9e287f6bd,ledger_forward+shock_forward,event,ASML Holding::Installed Base Management,LIMITS_REVENUE_OF,regulation,regulation,regulation_macro,negative,medium,0.95,True,,[65],explicit_tail,f97cfbe0ea625011987f970b,FY2025_Q2,Forecast/Guidance,0.2597402597402597,2,True,False,persistent,reduced_window,semi_infra_tooling,6aff0a94df1cf1c33cea6252bdf79bc07e5181045cca9e883933440428337ff1,310,included_in_public_release,author_created_derived_post_extraction_card,not_included_mixed_public_or_provider_access,not_redistributed_no_rights_grant,withheld_hash_locator_only
5b5a101b84f58f61d423,ASML,FY2025_Q2,FY2025_Q3,7fb1e7ff9bd1297bf94777bf,f53cb6ac4127a1c1bbe3573a,ledger_forward+shock_forward,event,ASML Holding::Net System Sales,LIMITS_REVENUE_OF,product_transition,product_transition,product_transition,negative,medium,0.95,True,,[87],explicit_tail,daca3fe394352df4cb42fe7c,FY2025_Q3,Forecast/Guidance,0.7272727272727273,1,True,False,persistent,reduced_window,semi_infra_tooling,184c99dce21057308796886d3bc5174f2d4c957579c3ad9ad137b712a1099028,230,included_in_public_release,author_created_derived_post_extraction_card,not_included_mixed_public_or_provider_access,not_redistributed_no_rights_grant,withheld_hash_locator_only
4928bcd1547f509d1ef6,ASML,FY2025_Q2,FY2025_Q3,3b3f00109306dd6a5f02f3e7,1dcd3b98e38d70057446ab8b,ledger_forward+shock_forward,event,ASML Holding::Installed Base Management,LIMITS_REVENUE_OF,product_transition,product_transition,product_transition,negative,medium,0.95,True,,[87],explicit_tail,f97cfbe0ea625011987f970b,FY2025_Q3,Forecast/Guidance,0.2727272727272727,2,True,False,persistent,reduced_window,semi_infra_tooling,a9da7e3fdb61a93b806c6b89601dbdfc4edcd7ea0b6d9bff58c5dac47fcdf235,398,included_in_public_release,author_created_derived_post_extraction_card,not_included_mixed_public_or_provider_access,not_redistributed_no_rights_grant,withheld_hash_locator_only
e2708b732044f22e0bb5,ASML,FY2025_Q3,FY2025_Q4,975b8e831676c9a561be14e0,58adba090bee93c67d2506c8,ledger_forward+shock_forward,claim,ASML Holding::Net System Sales,DRIVES_DEMAND_FOR,demand,demand,demand,positive,high,0.9,True,explicit,[8],explicit_segment,26f02c475a2f11f9918418b9,FY2025_Q4,Forecast/Guidance,0.7333333333333333,1,True,False,persistent,reduced_window,semi_infra_tooling,9ffe1b39825992db8b46be49d7846de957f57c0b2b20468613b054ff30447878,121,included_in_public_release,author_created_derived_post_extraction_card,not_included_mixed_public_or_provider_access,not_redistributed_no_rights_grant,withheld_hash_locator_only
6d36985c8aa6bfeff138,ASML,FY2025_Q3,FY2025_Q4,d7107b090ebda590ce2bc9b6,043dee26c0328da763c5d316,ledger_forward+shock_forward,claim,ASML Holding::Net System Sales,DRIVES_DEMAND_FOR,demand,demand,demand,negative,medium,0.9,True,explicit,[11],explicit_segment,6f5894decb674053d131dd12,FY2025_Q4,Forecast/Guidance,0.7333333333333333,1,True,False,persistent,reduced_window,semi_infra_tooling,dc267fa4cb155685613473c290ef8eac9a4cb17624e223ef10b8278b61a66fb8,209,included_in_public_release,author_created_derived_post_extraction_card,not_included_mixed_public_or_provider_access,not_redistributed_no_rights_grant,withheld_hash_locator_only
088288e2b184bc31be5a,ASML,FY2025_Q3,FY2025_Q4,451c8a4c7e567b7622604080,af5028b45a3e6b68cc9a1bd8,ledger_forward+shock_forward,claim,ASML Holding::Net System Sales,DRIVES_DEMAND_FOR,demand,product_transition,demand,positive,medium,0.85,True,explicit,[13],explicit_segment,1e33bf5e0364258c6e66c86c,FY2025_Q4,Forecast/Guidance,0.7333333333333333,1,True,False,persistent,reduced_window,semi_infra_tooling,51dcbba404fe9cc1f10df09245cff176e6236ef62977b3d27826a124b44640ac,97,included_in_public_release,author_created_derived_post_extraction_card,not_included_mixed_public_or_provider_access,not_redistributed_no_rights_grant,withheld_hash_locator_only
509008ec4f27f83c8014,ASML,FY2025_Q3,FY2025_Q4,ff2f6f3d74cd5f9647bee6a4,45800d752a34efee73f77668,ledger_forward+shock_forward,event,ASML Holding::Installed Base Management,BOOSTS_REVENUE_OF,demand,demand,demand,positive,medium,1.0,True,,[15],explicit_tail,f97cfbe0ea625011987f970b,FY2025_Q4,Forecast/Guidance,0.26666666666666666,2,True,False,persistent,reduced_window,semi_infra_tooling,c7fc41eb1db78db49ded8947f6006a765f4fada12182b7d6875bd18f4d5cca4b,89,included_in_public_release,author_created_derived_post_extraction_card,not_included_mixed_public_or_provider_access,not_redistributed_no_rights_grant,withheld_hash_locator_only
6c405984929bd530df60,AVGO,FY2019_Q1,FY2019_Q2,2341aa8063729009073f0f6a,3d3edb0615f483c49d4a4aa4,ledger_forward+shock_forward,claim,Broadcom::Semiconductor Solutions,DRIVES_DEMAND_FOR,demand,demand,demand,positive,high,1.0,True,explicit,[14],explicit_segment,5703c4bce4e25c4b9deed2aa,FY2019_Q2,Forecast/Guidance,0.7555709103472102,1,True,False,persistent,full_mainpanel,semi_infra_tooling,773db3acd80cd3d6dd3575d2cdcf322e75372aabce2391be9b0b2e4f262a16f0,185,included_in_public_release,author_created_derived_post_extraction_card,not_included_mixed_public_or_provider_access,not_redistributed_no_rights_grant,withheld_hash_locator_only
df0591b547f3f4584b3d,AVGO,FY2019_Q1,FY2019_Q2,e9e13286e98e8db0b3441b01,229d7af94d3d963e839ea34e,ledger_forward+shock_forward,claim,Broadcom::Wired Infrastructure,DRIVES_DEMAND_FOR,demand,demand,demand,positive,high,1.0,True,explicit,[19],explicit_segment,f9f9dc8eb95426cb1342aed3,FY2019_Q2,Forecast/Guidance,,0,True,False,persistent,full_mainpanel,semi_infra_tooling,d6283b7dfa21aa90d645c4292020684f6f5da3c49b42727806f406b7685c449b,220,included_in_public_release,author_created_derived_post_extraction_card,not_included_mixed_public_or_provider_access,not_redistributed_no_rights_grant,withheld_hash_locator_only
91b2f3a6ae177cf82513,AVGO,FY2019_Q1,FY2019_Q2,cfbfc873bc290a32b64dc57b,5f2fc48463e8f70d85c211bd,ledger_forward+shock_forward,claim,Broadcom::Wireless Communications,DRIVES_DEMAND_FOR,demand,demand,demand,positive,high,1.0,True,explicit,[24],explicit_segment,1c4dd0b22a9c205e7e1b7cb8,FY2019_Q2,Forecast/Guidance,,0,True,False,persistent,full_mainpanel,semi_infra_tooling,e9e24b1bdf8b3542c3c5500569ccc289b5abbace268ee04f639f99fb8c7f1115,216,included_in_public_release,author_created_derived_post_extraction_card,not_included_mixed_public_or_provider_access,not_redistributed_no_rights_grant,withheld_hash_locator_only
506510ca041807c29b8c,AVGO,FY2019_Q1,FY2019_Q2,7959313d42ffb52a65df7f26,626234329192f832bd37becb,ledger_forward+shock_forward,event,Broadcom::Semiconductor Solutions,LIMITS_REVENUE_OF,demand,demand,demand,negative,high,1.0,True,,[33],explicit_tail,705fc3afd4db7009e387dc52,FY2019_Q2,Forecast/Guidance,0.7555709103472102,1,True,False,persistent,full_mainpanel,semi_infra_tooling,b5da2a5e6c89419ea9de5d6f2952afa9ef82327a208bef5b3b4af6c2530d706b,133,included_in_public_release,author_created_derived_post_extraction_card,not_included_mixed_public_or_provider_access,not_redistributed_no_rights_grant,withheld_hash_locator_only
48bf5b106e987f03b064,AVGO,FY2019_Q1,FY2019_Q2,3168976278523d9c5d504d04,9f5c9bfa01f74b592de98f75,ledger_forward+shock_forward,event,Broadcom::Semiconductor Solutions,BOOSTS_REVENUE_OF,product_transition,product_transition,product_transition,positive,high,1.0,True,,[34],explicit_tail,705fc3afd4db7009e387dc52,FY2019_Q2,Forecast/Guidance,0.7555709103472102,1,True,False,persistent,full_mainpanel,semi_infra_tooling,d1f0392520f3b88dc591858fcdf0cc0445d3974b3cf8157fe80eef77036a27eb,224,included_in_public_release,author_created_derived_post_extraction_card,not_included_mixed_public_or_provider_access,not_redistributed_no_rights_grant,withheld_hash_locator_only
79e02d6c01e4574fa64d,AVGO,FY2019_Q1,FY2019_Q2,2cbd7dfaf48f4d6ca5bce91a,f7e1b9b71b932a19d19f0524,ledger_forward+shock_forward,event,Broadcom::Wired Infrastructure,BOOSTS_REVENUE_OF,product_transition,product_transition,product_transition,positive,medium,1.0,True,,[35],explicit_tail,0d83d63bb8150a3b323e7cac,FY2019_Q2,Forecast/Guidance,,0,True,False,persistent,full_mainpanel,semi_infra_tooling,6e1063235381dce813eead315acc0fdb91d7cc66757bd2729976eb7ec9eed7bb,115,included_in_public_release,author_created_derived_post_extraction_card,not_included_mixed_public_or_provider_access,not_redistributed_no_rights_grant,withheld_hash_locator_only
3f9a1d3e409b5a826d66,AVGO,FY2019_Q2,FY2019_Q3,89f05282283ab7454375338a,6d10c768abb21926feb6191e,ledger_forward+shock_forward,event,Broadcom::Semiconductor Solutions,LIMITS_REVENUE_OF,geopolitics,geopolitics,regulation_macro,negative,high,0.95,True,,[34],explicit_tail,705fc3afd4db7009e387dc52,FY2019_Q3,Forecast/Guidance,0.7409824179807867,1,True,False,persistent,full_mainpanel,semi_infra_tooling,15b34dd99ad52bdffa3971e6563d15b81b97eedc8310db5697e93aab1de60fa0,181,included_in_public_release,author_created_derived_post_extraction_card,not_included_mixed_public_or_provider_access,not_redistributed_no_rights_grant,withheld_hash_locator_only
0f23c69aaf9ba1d8f927,AVGO,FY2019_Q2,FY2019_Q3,5597d666d765d27df04ef2a8,c9bf7d4110ffb223e5103d54,ledger_forward+shock_forward,event,Broadcom::Semiconductor Solutions,LIMITS_REVENUE_OF,inventory,inventory,inventory_channel,negative,high,0.95,True,,[35],explicit_tail,705fc3afd4db7009e387dc52,FY2019_Q3,Forecast/Guidance,0.7409824179807867,1,True,False,persistent,full_mainpanel,semi_infra_tooling,95bbf40171d23d8174129e57aaa716da80ef8b47a89f0dae23d70e0eab11c308,65,included_in_public_release,author_created_derived_post_extraction_card,not_included_mixed_public_or_provider_access,not_redistributed_no_rights_grant,withheld_hash_locator_only
77426697eed678dd8951,AVGO,FY2019_Q3,FY2019_Q4,fb72791d39042faf532d459c,a9122969c8ae19818d2674fe,ledger_forward+shock_forward,event,Broadcom::Infrastructure Software,LIMITS_REVENUE_OF,demand,demand,demand,negative,medium,0.95,True,,[28],explicit_tail,28687f68c432d2b0936d113a,FY2019_Q4,Forecast/Guidance,0.20670897552130554,2,True,False,persistent,full_mainpanel,semi_infra_tooling,5e91e8635bcf8daa03a647f1c62ba2ca7c65eaad4578e2dbd9cbbcbece4adac9,128,included_in_public_release,author_created_derived_post_extraction_card,not_included_mixed_public_or_provider_access,not_redistributed_no_rights_grant,withheld_hash_locator_only
be5af738adcf605740d7,AVGO,FY2019_Q4,FY2020_Q1,47cb893218262366557cf4e9,1f7371abe53b93451fe2bf2c,ledger_forward+shock_forward,claim,Broadcom::Semiconductor Solutions,BOOSTS_REVENUE_OF,demand,demand,demand,positive,high,1.0,True,explicit,[66],explicit_segment,42ab7582599dcb44cbb815f8,FY2020_Q1,Forecast/Guidance,0.7882617728531855,1,True,False,persistent,full_mainpanel,semi_infra_tooling,a410ca2e5e5f4bce92986ffcf46d8887b26f4ca6b324a308e56207299b3e0906,153,included_in_public_release,author_created_derived_post_extraction_card,not_included_mixed_public_or_provider_access,not_redistributed_no_rights_grant,withheld_hash_locator_only
afaced48504d931622ef,AVGO,FY2019_Q4,FY2020_Q1,333f2166bd7681ea6de68db6,af0b78343a5144f75fa1fdf2,ledger_forward,claim,UNKNOWN,DRIVES_DEMAND_FOR,demand,demand,demand,positive,medium,1.0,True,explicit,[67],unresolved,,FY2020_Q1,Forecast/Guidance,,0,True,False,persistent,full_mainpanel,semi_infra_tooling,96482a58a97e325f044b9be4fbe7c4d18b54bf68d92446185499b7c6e4fe24a6,151,included_in_public_release,author_created_derived_post_extraction_card,not_included_mixed_public_or_provider_access,not_redistributed_no_rights_grant,withheld_hash_locator_only
618c8954a0e3aff861c0,AVGO,FY2019_Q4,FY2020_Q1,4fb52cf997a97c144cbb6fd0,7921e6e60627fed687cd884d,ledger_forward,claim,UNKNOWN,CONSTRAINS_PRODUCTION_OF,supply,product_transition,supply_capacity,negative,medium,1.0,True,explicit,[68],unresolved,,FY2020_Q1,Forecast/Guidance,,0,True,False,persistent,full_mainpanel,semi_infra_tooling,8bccc304e6b37eb2efe2820e75aabed460da185400b76bdaa86738bbadcdb051,238,included_in_public_release,author_created_derived_post_extraction_card,not_included_mixed_public_or_provider_access,not_redistributed_no_rights_grant,withheld_hash_locator_only
b86cfb980dcb1ef7f758,AVGO,FY2019_Q4,FY2020_Q1,1907456d3f40a33dd2657cba,f1272f7d3167bfe9f23e4bdc,ledger_forward+shock_forward,event,Broadcom::Wireless Communications,BOOSTS_REVENUE_OF,demand,demand,demand,positive,medium,0.95,True,,[114],explicit_tail,d9db56d03edb209081cca298,FY2020_Q1,Forecast/Guidance,,0,True,False,persistent,full_mainpanel,semi_infra_tooling,96482a58a97e325f044b9be4fbe7c4d18b54bf68d92446185499b7c6e4fe24a6,151,included_in_public_release,author_created_derived_post_extraction_card,not_included_mixed_public_or_provider_access,not_redistributed_no_rights_grant,withheld_hash_locator_only
81ba1990fd7b42614ab8,AVGO,FY2019_Q4,FY2020_Q1,247a131e1ec61876e18d67a7,4819ef64667060f10e69b550,ledger_forward+shock_forward,event,Broadcom::Wireless Communications,SUPPORTS_REVENUE_OF,product_transition,product_transition,product_transition,mixed,medium,0.9,True,,[116],explicit_tail,d9db56d03edb209081cca298,FY2020_Q1,Forecast/Guidance,,0,True,False,persistent,full_mainpanel,semi_infra_tooling,8bccc304e6b37eb2efe2820e75aabed460da185400b76bdaa86738bbadcdb051,238,included_in_public_release,author_created_derived_post_extraction_card,not_included_mixed_public_or_provider_access,not_redistributed_no_rights_grant,withheld_hash_locator_only
025bf8f1bd4e4e793c6d,AVGO,FY2019_Q4,FY2020_Q1,9ab738eecfe3447d1769fd1c,97108594b5799413fc889c9f,ledger_forward+shock_forward,event,Broadcom::Wireless Communications,LIMITS_REVENUE_OF,product_transition,product_transition,product_transition,negative,high,0.95,True,,[118],explicit_tail,d9db56d03edb209081cca298,FY2020_Q1,Forecast/Guidance,,0,True,False,persistent,full_mainpanel,semi_infra_tooling,6b3c54f9219718cdbe52b247720eed9ecfd3376a8301d622c36bbb900cf16f09,274,included_in_public_release,author_created_derived_post_extraction_card,not_included_mixed_public_or_provider_access,not_redistributed_no_rights_grant,withheld_hash_locator_only
b180cd23330089444694,AVGO,FY2020_Q1,FY2020_Q2,8a5c21681748779efc0f6db5,b76ccbe858a79517959fe52c,ledger_forward,claim,UNKNOWN,DRIVES_DEMAND_FOR,demand,demand,demand,positive,medium,0.9,True,explicit,[51],unresolved,,FY2020_Q2,Forecast/Guidance,,0,True,False,persistent,full_mainpanel,semi_infra_tooling,772bb2caa4c3a9d9d73f030f7792f4e0782a2735a49a6ad9cc7ae88434ba970d,190,included_in_public_release,author_created_derived_post_extraction_card,not_included_mixed_public_or_provider_access,not_redistributed_no_rights_grant,withheld_hash_locator_only
8fd400623b3e555ce94b,AVGO,FY2020_Q1,FY2020_Q2,60b1672e4b7ffea370b06b92,5190dbf66459e51319f595dd,ledger_forward+shock_forward,claim,Broadcom::Semiconductor Solutions,BOOSTS_REVENUE_OF,demand,demand,demand,positive,medium,0.9,True,explicit,[9],explicit_segment,1dcf01d0ef4eea6e8c3b31e9,FY2020_Q2,Forecast/Guidance,0.7154318880163878,1,True,False,persistent,full_mainpanel,semi_infra_tooling,6a5dc3412d6b607fe242616a4c1919b296893e44387c056ebef73bf05df97422,186,included_in_public_release,author_created_derived_post_extraction_card,not_included_mixed_public_or_provider_access,not_redistributed_no_rights_grant,withheld_hash_locator_only
befaafc9ff0c3347f1a9,AVGO,FY2020_Q1,FY2020_Q2,20c28d6fbfebe856d1c06635,4e0c5e1e2f817b0a14b43f41,ledger_forward+shock_forward,event,Broadcom::Wireless Communications,LIMITS_REVENUE_OF,demand,demand,demand,negative,medium,0.95,True,,[47],explicit_tail,d9db56d03edb209081cca298,FY2020_Q2,Forecast/Guidance,,0,True,False,persistent,full_mainpanel,semi_infra_tooling,1e23ae02d4cea4b800044261be7823507eaf5b86530e07a5dd5c4845e1d271c3,135,included_in_public_release,author_created_derived_post_extraction_card,not_included_mixed_public_or_provider_access,not_redistributed_no_rights_grant,withheld_hash_locator_only
8b593903e33539209cfc,AVGO,FY2020_Q1,FY2020_Q2,a03d265b2bb4b82198a77ed6,146753e36f87e045bc38d979,ledger_forward+shock_forward,event,Broadcom::Semiconductor Solutions,SUPPORTS_REVENUE_OF,demand,demand,demand,mixed,medium,0.95,True,,[48],explicit_tail,705fc3afd4db7009e387dc52,FY2020_Q2,Forecast/Guidance,0.7154318880163878,1,True,False,persistent,full_mainpanel,semi_infra_tooling,8bd5ebefed4758a82d1b5e4f125e8dbfdd8c732aba66333bd26027246168a245,191,included_in_public_release,author_created_derived_post_extraction_card,not_included_mixed_public_or_provider_access,not_redistributed_no_rights_grant,withheld_hash_locator_only
4a97c4e9e97a5ba0169f,AVGO,FY2020_Q1,FY2020_Q2,d2f0f24d09b7930beb8fef4e,37fe587c9dea6b3d6934488c,ledger_forward+shock_forward,event,Broadcom::Infrastructure Software,SUPPORTS_REVENUE_OF,demand,demand,demand,mixed,medium,0.95,True,,[49],explicit_tail,28687f68c432d2b0936d113a,FY2020_Q2,Forecast/Guidance,0.28456811198361215,2,True,False,persistent,full_mainpanel,semi_infra_tooling,a6d0d955f699d7c20963e48228e3aed8386b5a8effa6a25776fb2903ce08bc60,173,included_in_public_release,author_created_derived_post_extraction_card,not_included_mixed_public_or_provider_access,not_redistributed_no_rights_grant,withheld_hash_locator_only
a4fdbfb039a5edc6351a,AVGO,FY2020_Q2,FY2020_Q3,ad2888e7fd6adeeef2e245ba,843170dead9cdd25aa81b2c2,ledger_forward+shock_forward,claim,Broadcom::Wired Infrastructure,DRIVES_DEMAND_FOR,demand,demand,demand,positive,medium,0.95,False,explicit,[21],explicit_segment,1a01be978ab74f8aa0c0116e,FY2020_Q3,Forecast/Guidance,,0,True,False,unknown,full_mainpanel,semi_infra_tooling,883698fb6c7d714c7c81914c4c08db685276cde436ed905919bcc049257bf333,218,included_in_public_release,author_created_derived_post_extraction_card,not_included_mixed_public_or_provider_access,not_redistributed_no_rights_grant,withheld_hash_locator_only
8f88f11a4e9e1231d7a1,AVGO,FY2020_Q2,FY2020_Q3,28bd20105ac4330d238c7958,65ba724b44ee7c53be91dd38,ledger_forward+shock_forward,claim,Broadcom::Wired Infrastructure,CONSTRAINS_PRODUCTION_OF,supply,demand,demand,negative,medium,0.9,False,explicit,[22],explicit_segment,9f17f3e445fbeaa2ae4f1d72,FY2020_Q3,Forecast/Guidance,,0,True,False,unknown,full_mainpanel,semi_infra_tooling,370e1d22ace15b3c81963c748fb905cb8778131e0bc79c67fe72c3068b1f24db,179,included_in_public_release,author_created_derived_post_extraction_card,not_included_mixed_public_or_provider_access,not_redistributed_no_rights_grant,withheld_hash_locator_only
08e46cff2283b9118c60,AVGO,FY2020_Q2,FY2020_Q3,72f600e4d996862a5a43adc7,7dcfd62614ad0a9214fe3fa6,ledger_forward+shock_forward,claim,Broadcom::Wireless Communications,CONSTRAINS_PRODUCTION_OF,supply,product_transition,supply_capacity,negative,high,0.95,False,explicit,[36],explicit_segment,d01bac40cb56051a0190f0c1,FY2020_Q3,Forecast/Guidance,,0,True,False,unknown,full_mainpanel,semi_infra_tooling,bf80fe9c158b513405fad67a33ec8b8f00ed250b59a12abcd0ed23d10a710fd0,184,included_in_public_release,author_created_derived_post_extraction_card,not_included_mixed_public_or_provider_access,not_redistributed_no_rights_grant,withheld_hash_locator_only
e30bc2c7b53e00bc9c49,AVGO,FY2020_Q2,FY2020_Q3,9e9015f926e87dfb1ed65ebe,17f79afb20660600d4f5e37b,ledger_forward+shock_forward,event,Broadcom::Industrial and Other,LIMITS_REVENUE_OF,inventory,inventory,inventory_channel,negative,high,0.95,True,,[51],explicit_tail,b94dd3420d97d19229f36d60,FY2020_Q3,Forecast/Guidance,,0,True,False,persistent,full_mainpanel,semi_infra_tooling,e6559f95e7d22a9341294b7a40360ea185781b4e66063c140c79ee8e525dbaa1,210,included_in_public_release,author_created_derived_post_extraction_card,not_included_mixed_public_or_provider_access,not_redistributed_no_rights_grant,withheld_hash_locator_only
ef146e193f9dd90cffed,AVGO,FY2020_Q2,FY2020_Q3,c6d730ed0e464ee38fb7ddca,2f4071861c8a6f8f8dc629b9,ledger_forward+shock_forward,event,Broadcom::Infrastructure Software,LIMITS_REVENUE_OF,inventory,inventory,inventory_channel,negative,high,0.95,True,,[72],explicit_tail,28687f68c432d2b0936d113a,FY2020_Q3,Forecast/Guidance,0.29867641936607453,2,True,False,persistent,full_mainpanel,semi_infra_tooling,e20176b712b9aceac1227519f13bcd5f20660849df27a1857b79c42946892d13,214,included_in_public_release,author_created_derived_post_extraction_card,not_included_mixed_public_or_provider_access,not_redistributed_no_rights_grant,withheld_hash_locator_only
5b69498862a9757e8f8c,AVGO,FY2020_Q2,FY2020_Q3,c151f32bcd7612d8c36c1a5a,4a43ea0014ed7d5286c6dbe3,ledger_forward+shock_forward,event,Broadcom::Semiconductor Solutions,BOOSTS_REVENUE_OF,demand,demand,demand,positive,high,0.95,True,,[34],explicit_tail,705fc3afd4db7009e387dc52,FY2020_Q3,Forecast/Guidance,0.7013235806339254,1,True,False,persistent,full_mainpanel,semi_infra_tooling,6fa309411f36bee0ad6465b427998220548c8540f3d96a5f5fbd9e02d8615772,182,included_in_public_release,author_created_derived_post_extraction_card,not_included_mixed_public_or_provider_access,not_redistributed_no_rights_grant,withheld_hash_locator_only
987daa5d36b2b7c2c360,AVGO,FY2020_Q2,FY2020_Q3,3fcef25fed4bedae267faea1,5bc3a8951c394c38bfef211d,ledger_forward+shock_forward,event,Broadcom::Semiconductor Solutions,LIMITS_REVENUE_OF,demand,demand,demand,negative,medium,0.95,True,,[43],explicit_tail,705fc3afd4db7009e387dc52,FY2020_Q3,Forecast/Guidance,0.7013235806339254,1,True,False,persistent,full_mainpanel,semi_infra_tooling,370e1d22ace15b3c81963c748fb905cb8778131e0bc79c67fe72c3068b1f24db,179,included_in_public_release,author_created_derived_post_extraction_card,not_included_mixed_public_or_provider_access,not_redistributed_no_rights_grant,withheld_hash_locator_only
89274c46820b6b6eb4e9,AVGO,FY2020_Q2,FY2020_Q3,ff36eccc57a22b02daf28b5b,32559ab6970d41890b6b22af,ledger_forward+shock_forward,event,Broadcom::Semiconductor Solutions,LIMITS_REVENUE_OF,product_transition,product_transition,product_transition,negative,high,0.95,True,,[62],explicit_tail,705fc3afd4db7009e387dc52,FY2020_Q3,Forecast/Guidance,0.7013235806339254,1,True,False,persistent,full_mainpanel,semi_infra_tooling,37d45b1973c755583fca68ab5d21477a6a6590a8a0b4d28216728a786b43a008,186,included_in_public_release,author_created_derived_post_extraction_card,not_included_mixed_public_or_provider_access,not_redistributed_no_rights_grant,withheld_hash_locator_only
b388f20f067c3a092607,AVGO,FY2020_Q2,FY2020_Q3,91313b9336bbafc92072a95f,57ec76b91026168e1a429de9,ledger_forward+shock_forward,event,Broadcom::Semiconductor Solutions,LIMITS_REVENUE_OF,supply,supply,supply_capacity,negative,high,0.95,True,,[61],explicit_tail,705fc3afd4db7009e387dc52,FY2020_Q3,Forecast/Guidance,0.7013235806339254,1,True,False,persistent,full_mainpanel,semi_infra_tooling,f354e457b0b84c7346b8b12a596cda8754dcd95ee0b6e7a1170e51dca541532b,165,included_in_public_release,author_created_derived_post_extraction_card,not_included_mixed_public_or_provider_access,not_redistributed_no_rights_grant,withheld_hash_locator_only
84601ad5425e86b4f458,AVGO,FY2020_Q3,FY2020_Q4,865cb53e2751242d7f07e648,8d5f5ec4293c9919cf29279c,ledger_forward+shock_forward,claim,Broadcom::Semiconductor Solutions,DRIVES_DEMAND_FOR,demand,demand,demand,positive,high,0.95,True,explicit,[19],explicit_segment,886a423f2b34c1bf8ce8ada1,FY2020_Q4,Forecast/Guidance,0.7247895550592681,1,True,False,persistent,full_mainpanel,semi_infra_tooling,17024c7b64048e89b67ac4c13902c201494682ea188e76488061189c9bd8358b,195,included_in_public_release,author_created_derived_post_extraction_card,not_included_mixed_public_or_provider_access,not_redistributed_no_rights_grant,withheld_hash_locator_only
1d0225f7c69233920e7f,AVGO,FY2020_Q3,FY2020_Q4,ee07e969f3d384a16e80bc25,5037d79c967f1fee16c1d3ae,ledger_forward+shock_forward,claim,Broadcom::Semiconductor Solutions,BOOSTS_REVENUE_OF,product_transition,product_transition,product_transition,positive,high,0.95,False,explicit,[24],explicit_segment,698af436398d8ee5ed878b44,FY2020_Q4,Forecast/Guidance,0.7247895550592681,1,True,False,unknown,full_mainpanel,semi_infra_tooling,bcf560d38fbb5a9f67f77ac3bfabebb7a0db537ed272fe8cd6ac8335d38ac449,121,included_in_public_release,author_created_derived_post_extraction_card,not_included_mixed_public_or_provider_access,not_redistributed_no_rights_grant,withheld_hash_locator_only
ebba7772c2eb92fb3544,AVGO,FY2020_Q3,FY2020_Q4,4dcf9be9de5418991f56b49e,c01f1dc590cba40d0d09640e,ledger_forward,event,Broadcom::Semiconductor Solutions,LIMITS_REVENUE_OF,product_transition,product_transition,product_transition,negative,high,1.0,True,,[39],explicit_tail,705fc3afd4db7009e387dc52,FY2020_Q4,Realized/Reporting,0.7247895550592681,1,True,False,persistent,full_mainpanel,semi_infra_tooling,b67103eda73543c19901fd1989612cb5ed8199b404dcdcf0332b7f70562f2946,100,included_in_public_release,author_created_derived_post_extraction_card,not_included_mixed_public_or_provider_access,not_redistributed_no_rights_grant,withheld_hash_locator_only
3ec815538b1f232823a1,AVGO,FY2020_Q3,FY2020_Q4,ac8703868c18754810f0763a,e8717d3f06e72568ad3e4d96,ledger_forward+shock_forward,event,Broadcom::Semiconductor Solutions,LIMITS_REVENUE_OF,demand,demand,demand,negative,medium,1.0,True,,[37],explicit_tail,705fc3afd4db7009e387dc52,FY2020_Q4,Forecast/Guidance,0.7247895550592681,1,True,False,persistent,full_mainpanel,semi_infra_tooling,5f504bb1c932f23961f6c9f69ea64a7922767b0238ec151f4c58aeed1a0cb220,147,included_in_public_release,author_created_derived_post_extraction_card,not_included_mixed_public_or_provider_access,not_redistributed_no_rights_grant,withheld_hash_locator_only
6bc80cdf28050872ae80,AVGO,FY2020_Q3,FY2020_Q4,fbf30f542de9d564969b46cc,4295c346f87db69ea552a06b,ledger_forward+shock_forward,event,Broadcom::Semiconductor Solutions,LIMITS_REVENUE_OF,inventory,inventory,inventory_channel,negative,high,1.0,True,,[49],explicit_tail,705fc3afd4db7009e387dc52,FY2020_Q4,Forecast/Guidance,0.7247895550592681,1,True,False,persistent,full_mainpanel,semi_infra_tooling,4931745b3130c4c4f2245b403fc6c3dc7ced8b0348f1c177aa36b45f04540a67,191,included_in_public_release,author_created_derived_post_extraction_card,not_included_mixed_public_or_provider_access,not_redistributed_no_rights_grant,withheld_hash_locator_only
7ed2f7b9c876d5983c52,AVGO,FY2020_Q3,FY2020_Q4,79f0c1849ed4afd5fc06da93,fc9555ad65b680df6395c700,ledger_forward+shock_forward,event,Broadcom::Infrastructure Software,BOOSTS_REVENUE_OF,demand,demand,demand,positive,low,1.0,True,,[60],explicit_tail,28687f68c432d2b0936d113a,FY2020_Q4,Forecast/Guidance,0.2752104449407318,2,True,False,persistent,full_mainpanel,semi_infra_tooling,5a402648474de31ff18bc4b86050139e5711db5d1a455da0db399a8ecc673a78,131,included_in_public_release,author_created_derived_post_extraction_card,not_included_mixed_public_or_provider_access,not_redistributed_no_rights_grant,withheld_hash_locator_only
f0a489fe43a914912001,AVGO,FY2020_Q4,FY2021_Q1,59620097100a5fcb2b2392bf,68d2cbb7923931ee5a795fff,ledger_forward+shock_forward,claim,Broadcom::Semiconductor Solutions,DRIVES_DEMAND_FOR,demand,demand,demand,positive,high,0.9,True,explicit,[19],explicit_segment,9aee582940f534ff985f0953,FY2021_Q1,Forecast/Guidance,0.746868718107314,1,True,False,persistent,full_mainpanel,semi_infra_tooling,622b27233fb81abfe6ea8bf25aefd7b652dbc420015c4a34e58b9cec526169f8,176,included_in_public_release,author_created_derived_post_extraction_card,not_included_mixed_public_or_provider_access,not_redistributed_no_rights_grant,withheld_hash_locator_only
cede79944b332dd66e0f,AVGO,FY2020_Q4,FY2021_Q1,51876b660080ffe29f28b15f,4d661ac7dd45e627700f7315,ledger_forward,claim,Broadcom::Semiconductor Solutions,CONSTRAINS_PRODUCTION_OF,supply,supply,supply_capacity,negative,medium,0.9,True,explicit,[36],explicit_segment,7829b2c3e756ac05d66395e0,FY2021_Q1,Condition/External,0.746868718107314,1,True,False,persistent,full_mainpanel,semi_infra_tooling,ddef54156a3b957b8bbd5ed4c05905537d4c509163d4033cceee42bca01e5079,149,included_in_public_release,author_created_derived_post_extraction_card,not_included_mixed_public_or_provider_access,not_redistributed_no_rights_grant,withheld_hash_locator_only
e05412e6e1c467843c29,AVGO,FY2020_Q4,FY2021_Q1,2aab0fe64cbcd364fe66234d,52592abce1ab593e714133e2,ledger_forward+shock_forward,claim,Broadcom::Semiconductor Solutions,CONSTRAINS_PRODUCTION_OF,supply,demand,demand,negative,low,0.8,False,explicit,[19],explicit_segment,e1173037a4fd1313ac9d0f06,FY2021_Q1,Forecast/Guidance,0.746868718107314,1,True,False,unknown,full_mainpanel,semi_infra_tooling,79e1989c03519ca3888a20f8e8cedfa33ae20e223be8fab12f1b7476e4dc0064,155,included_in_public_release,author_created_derived_post_extraction_card,not_included_mixed_public_or_provider_access,not_redistributed_no_rights_grant,withheld_hash_locator_only
98299fb7d36e12f077da,AVGO,FY2020_Q4,FY2021_Q1,bd8ef94a1a651170c1ccc198,c3f2e80913f3566206eb616b,ledger_forward,event,UNKNOWN,SUPPORTS_REVENUE_OF,demand,demand,demand,positive,high,0.85,True,,[63],unresolved,dc04cd2888bcbbe3b9772858,FY2021_Q1,Realized/Reporting,,0,True,False,persistent,full_mainpanel,semi_infra_tooling,d7da79c54d4ffcd516e2b35730d550945abf66dabdd82569958a925a88c114f6,89,included_in_public_release,author_created_derived_post_extraction_card,not_included_mixed_public_or_provider_access,not_redistributed_no_rights_grant,withheld_hash_locator_only
8a82dcc65372fd9af5ae,AVGO,FY2021_Q1,FY2021_Q2,55eee53cd4713664504e6703,0f5741151e31d41cd6799353,ledger_forward+shock_forward,claim,Broadcom::Semiconductor Solutions,DRIVES_DEMAND_FOR,demand,demand,demand,positive,medium,1.0,True,explicit,[15],explicit_segment,449211d93b3cb43bccff7402,FY2021_Q2,Forecast/Guidance,0.7374906085649887,1,True,False,persistent,full_mainpanel,semi_infra_tooling,de0f7f6453d4da0c370a2102117a26808891d4c38df88818eb78bc87879b3d1a,200,included_in_public_release,author_created_derived_post_extraction_card,not_included_mixed_public_or_provider_access,not_redistributed_no_rights_grant,withheld_hash_locator_only
bd92ba3a63f2a85ecf3d,AVGO,FY2021_Q1,FY2021_Q2,fd2c1600961fff789ad8f7af,414179ede1a005f287c922ac,ledger_forward+shock_forward,claim,Broadcom::Semiconductor Solutions,SUPPORTS_REVENUE_OF,supply,supply,supply_capacity,positive,medium,1.0,True,explicit,[13],explicit_segment,c08172b1990d8ff674cdf14f,FY2021_Q2,Forecast/Guidance,0.7374906085649887,1,True,False,persistent,full_mainpanel,semi_infra_tooling,32932e46db6cbef336508b80e6d47c42a6b656d1a63c2e71cf30aaba49e363a6,101,included_in_public_release,author_created_derived_post_extraction_card,not_included_mixed_public_or_provider_access,not_redistributed_no_rights_grant,withheld_hash_locator_only
d51926f189ce87f1b015,AVGO,FY2021_Q1,FY2021_Q2,d46a1788b56c2d03a247352f,a7a18d97d379a2fc962cb6be,ledger_forward+shock_forward,event,Broadcom::Semiconductor Solutions,LIMITS_REVENUE_OF,demand,demand,demand,negative,medium,0.95,True,,[36],explicit_tail,705fc3afd4db7009e387dc52,FY2021_Q2,Forecast/Guidance,0.7374906085649887,1,True,False,persistent,full_mainpanel,semi_infra_tooling,5fe5a15cf4d508a70496e1406cd426b7198c53860784645717a25bf4803e9ebb,151,included_in_public_release,author_created_derived_post_extraction_card,not_included_mixed_public_or_provider_access,not_redistributed_no_rights_grant,withheld_hash_locator_only
346b85dd3c8dac453748,AVGO,FY2021_Q1,FY2021_Q2,5dc9ce37fc4e271b6d55cbf0,20dbdce7a10086700605d0d3,ledger_forward+shock_forward,event,Broadcom::Semiconductor Solutions,BOOSTS_REVENUE_OF,product_transition,product_transition,product_transition,positive,medium,0.95,True,,[49],explicit_tail,705fc3afd4db7009e387dc52,FY2021_Q2,Forecast/Guidance,0.7374906085649887,1,True,False,persistent,full_mainpanel,semi_infra_tooling,4c8ac5f059f33161f8856a23ee0184c51ee6f71314d80e67ce85bbabedd1e4ea,140,included_in_public_release,author_created_derived_post_extraction_card,not_included_mixed_public_or_provider_access,not_redistributed_no_rights_grant,withheld_hash_locator_only
bc2dd49b537ecb943f60,AVGO,FY2021_Q1,FY2021_Q2,ae54dfd6415496e985bea5ab,a1430103e5d06025a5918c0a,ledger_forward+shock_forward,event,Broadcom::Semiconductor Solutions,BOOSTS_REVENUE_OF,inventory,inventory,inventory_channel,positive,medium,0.9,True,,[59],explicit_tail,705fc3afd4db7009e387dc52,FY2021_Q2,Forecast/Guidance,0.7374906085649887,1,True,False,persistent,full_mainpanel,semi_infra_tooling,1a2e00b33d511d6b06580a07ed33f3a654f1a3e4521037466f1d8197c0cb0a90,149,included_in_public_release,author_created_derived_post_extraction_card,not_included_mixed_public_or_provider_access,not_redistributed_no_rights_grant,withheld_hash_locator_only
157f06a34c91f4048f4a,AVGO,FY2021_Q2,FY2021_Q3,421f690a57deb12da400f29e,36a0e4fb72dbb1bd75db312b,ledger_forward+shock_forward,event,Broadcom::Semiconductor Solutions,BOOSTS_REVENUE_OF,demand,demand,demand,positive,high,0.95,True,,[39],explicit_tail,705fc3afd4db7009e387dc52,FY2021_Q3,Forecast/Guidance,0.7291981845688351,1,True,False,persistent,full_mainpanel,semi_infra_tooling,b5c6f7a9f9356500d4bbfb792c314634b4b14d9e312a54b8f633e4d7b225fc9c,93,included_in_public_release,author_created_derived_post_extraction_card,not_included_mixed_public_or_provider_access,not_redistributed_no_rights_grant,withheld_hash_locator_only
d9e6c103b28d4ae71cbe,AVGO,FY2021_Q2,FY2021_Q3,0d0814a1b135023c9f513eea,0cede3536cd0251d45a2651e,ledger_forward+shock_forward,event,Broadcom::Industrial and Other,BOOSTS_REVENUE_OF,demand,demand,demand,positive,medium,0.95,True,,[62],explicit_tail,b94dd3420d97d19229f36d60,FY2021_Q3,Forecast/Guidance,,0,True,False,persistent,full_mainpanel,semi_infra_tooling,516e8d73993a229c616099e8987ae3c0c50da32d092be4d182375c3724f06918,101,included_in_public_release,author_created_derived_post_extraction_card,not_included_mixed_public_or_provider_access,not_redistributed_no_rights_grant,withheld_hash_locator_only
98272060b19208e94e7a,AVGO,FY2021_Q2,FY2021_Q3,9d066924cd871307c8b9522a,fc626caea855b82fa79495cb,ledger_forward+shock_forward,event,Broadcom::Semiconductor Solutions,LIMITS_REVENUE_OF,demand,demand,demand,negative,medium,0.95,True,,[52],explicit_tail,705fc3afd4db7009e387dc52,FY2021_Q3,Forecast/Guidance,0.7291981845688351,1,True,False,persistent,full_mainpanel,semi_infra_tooling,c187401d9c089f2558bba72c70cc94a23681bc9a95cb66290eadeb5e0eade5d6,114,included_in_public_release,author_created_derived_post_extraction_card,not_included_mixed_public_or_provider_access,not_redistributed_no_rights_grant,withheld_hash_locator_only
6d6d58965f655f1c5691,AVGO,FY2021_Q2,FY2021_Q3,7bd301a929b333c498005c38,5e5b235021a718edc57c5912,ledger_forward+shock_forward,event,Broadcom::Infrastructure Software,BOOSTS_REVENUE_OF,demand,demand,demand,positive,medium,0.95,True,,[66],explicit_tail,28687f68c432d2b0936d113a,FY2021_Q3,Forecast/Guidance,0.2708018154311649,2,True,False,persistent,full_mainpanel,semi_infra_tooling,43feadc29e0fa4384cd2df629538c69742f24c766c73b59ef64a023dd6d2c225,185,included_in_public_release,author_created_derived_post_extraction_card,not_included_mixed_public_or_provider_access,not_redistributed_no_rights_grant,withheld_hash_locator_only
8b64431d55702df66c55,AVGO,FY2021_Q3,FY2021_Q4,559c5f22419b51d0077754e9,d1334272c6b50f7e5aed6d2f,ledger_forward+shock_forward,claim,Broadcom::Wired Infrastructure,DRIVES_DEMAND_FOR,demand,product_transition,demand,positive,high,1.0,False,explicit,[13],explicit_segment,2aa99298fd810d7c715b3829,FY2021_Q4,Forecast/Guidance,,0,True,False,unknown,full_mainpanel,semi_infra_tooling,a52e6c5b05fb9736f1c7f6662b68544877bf439ebe1423c9c74f70682a261b10,114,included_in_public_release,author_created_derived_post_extraction_card,not_included_mixed_public_or_provider_access,not_redistributed_no_rights_grant,withheld_hash_locator_only
37eafb3a5e44a707d0a0,AVGO,FY2021_Q3,FY2021_Q4,9f7b1c4143ed859f663dd197,10893feab7ed70df3ed12c0b,ledger_forward+shock_forward,claim,Broadcom::Semiconductor Solutions,BOOSTS_REVENUE_OF,demand,demand,demand,positive,medium,1.0,True,explicit,[22],explicit_segment,3ad97513c47f6d67c2519f7d,FY2021_Q4,Forecast/Guidance,0.7407789908527589,1,True,False,persistent,full_mainpanel,semi_infra_tooling,6c5ef0f34fd8ae992bef0f77160dc53d96eb97f1bd49f7ed15988ffc32be7d3d,157,included_in_public_release,author_created_derived_post_extraction_card,not_included_mixed_public_or_provider_access,not_redistributed_no_rights_grant,withheld_hash_locator_only
35d11c3a5247817fe1ab,AVGO,FY2021_Q3,FY2021_Q4,1eb1f8ec6bb49e5826eab3e7,207e22d1a8e91c191e21ae1a,ledger_forward+shock_forward,claim,Broadcom::Semiconductor Solutions,DRIVES_DEMAND_FOR,demand,product_transition,demand,positive,medium,1.0,False,explicit,[23],explicit_segment,36f8af5f356eb90bbdf01f0d,FY2021_Q4,Forecast/Guidance,0.7407789908527589,1,True,False,unknown,full_mainpanel,semi_infra_tooling,1e3c93f7500f8304b88b9184dfd849da5cd15318498c938e9b788ae05f28f7ef,141,included_in_public_release,author_created_derived_post_extraction_card,not_included_mixed_public_or_provider_access,not_redistributed_no_rights_grant,withheld_hash_locator_only
0a5bd37ae949395d1ec2,AVGO,FY2021_Q3,FY2021_Q4,779218ef8f6574195c40a9e5,315e890e24ac88ed3ab01012,ledger_forward+shock_forward,claim,Broadcom::Semiconductor Solutions,SUPPORTS_REVENUE_OF,inventory,inventory,inventory_channel,positive,medium,1.0,False,explicit,[53],explicit_segment,7f8d37deb2ab78b083d1ad1d,FY2021_Q4,Forecast/Guidance,0.7407789908527589,1,True,False,unknown,full_mainpanel,semi_infra_tooling,a3e6975105a3def8e8da28f8a85cf32af6bb65ed060820a653b08f38908d4a16,157,included_in_public_release,author_created_derived_post_extraction_card,not_included_mixed_public_or_provider_access,not_redistributed_no_rights_grant,withheld_hash_locator_only
88e46f1a86ac4b4e707c,AVGO,FY2021_Q3,FY2021_Q4,51cc37f7405213dedf69bd67,b2880a85383219c3fe1739c2,ledger_forward+shock_forward,event,Broadcom::Wired Infrastructure,BOOSTS_REVENUE_OF,product_transition,product_transition,product_transition,positive,medium,0.95,True,,[33],explicit_tail,0d83d63bb8150a3b323e7cac,FY2021_Q4,Forecast/Guidance,,0,True,False,persistent,full_mainpanel,semi_infra_tooling,906523cfeedd7d68b0e44f2dd4cf20398580caa5b72708cfdee0aaf0c5b72720,169,included_in_public_release,author_created_derived_post_extraction_card,not_included_mixed_public_or_provider_access,not_redistributed_no_rights_grant,withheld_hash_locator_only
3149ffdbd420d5aee3c1,AVGO,FY2021_Q3,FY2021_Q4,f44825b658ffed718d740fff,1a8e3a40615dcfcc7ff9797e,ledger_forward+shock_forward,event,Broadcom::Enterprise Storage,BOOSTS_REVENUE_OF,demand,demand,demand,positive,medium,0.9,True,,[44],explicit_tail,ded26e0f954cbf3dea9e3101,FY2021_Q4,Forecast/Guidance,,0,True,False,persistent,full_mainpanel,semi_infra_tooling,6c5ef0f34fd8ae992bef0f77160dc53d96eb97f1bd49f7ed15988ffc32be7d3d,157,included_in_public_release,author_created_derived_post_extraction_card,not_included_mixed_public_or_provider_access,not_redistributed_no_rights_grant,withheld_hash_locator_only
7169d1fc137e5828aada,AVGO,FY2021_Q3,FY2021_Q4,e104628eac1293adafbbb42f,20f9bb2cf4cfbf8c43774c38,ledger_forward+shock_forward,event,Broadcom::Enterprise Storage,BOOSTS_REVENUE_OF,product_transition,product_transition,product_transition,positive,medium,0.9,True,,[45],explicit_tail,ded26e0f954cbf3dea9e3101,FY2021_Q4,Forecast/Guidance,,0,True,False,persistent,full_mainpanel,semi_infra_tooling,1e3c93f7500f8304b88b9184dfd849da5cd15318498c938e9b788ae05f28f7ef,141,included_in_public_release,author_created_derived_post_extraction_card,not_included_mixed_public_or_provider_access,not_redistributed_no_rights_grant,withheld_hash_locator_only
64df3d4471f33b1946c5,AVGO,FY2021_Q3,FY2021_Q4,0df9eacc2c2bca845af0acd9,a6c1a599d3793cd5bf6df71b,ledger_forward+shock_forward,event,Broadcom::Wired Infrastructure,BOOSTS_REVENUE_OF,demand,demand,demand,positive,medium,0.95,True,,[51],explicit_tail,0d83d63bb8150a3b323e7cac,FY2021_Q4,Forecast/Guidance,,0,True,False,persistent,full_mainpanel,semi_infra_tooling,0c9a6d59da7333e3cb882c51b7bd5d3c12716415e34e763f42d0657fc2edcde7,130,included_in_public_release,author_created_derived_post_extraction_card,not_included_mixed_public_or_provider_access,not_redistributed_no_rights_grant,withheld_hash_locator_only
05a801c3fe1d7e980b15,AVGO,FY2021_Q3,FY2021_Q4,8681fa2c1688ab30f9c214e8,d9df0fe443b434d741e3bdb1,ledger_forward+shock_forward,event,Broadcom::Wireless Communications,BOOSTS_REVENUE_OF,demand,demand,demand,positive,high,0.95,True,,[59],explicit_tail,d9db56d03edb209081cca298,FY2021_Q4,Forecast/Guidance,,0,True,False,persistent,full_mainpanel,semi_infra_tooling,2124c292d6593338aedc797caac42a72e552beece0347fb3f7570df34aec7308,160,included_in_public_release,author_created_derived_post_extraction_card,not_included_mixed_public_or_provider_access,not_redistributed_no_rights_grant,withheld_hash_locator_only
bd801b2f444c70903724,AVGO,FY2021_Q3,FY2021_Q4,cd26f36fa2b0dfcddbd6abef,39b9508ede0bc4c2f785bcf7,ledger_forward,event,Broadcom::Industrial and Other,LIMITS_REVENUE_OF,inventory,inventory,inventory_channel,negative,medium,0.9,True,,[62],explicit_tail,b94dd3420d97d19229f36d60,FY2021_Q4,Realized/Reporting,,0,True,False,persistent,full_mainpanel,semi_infra_tooling,fb66a53619d3b078a1dc35b82b9d5ae2661f9697f98e645699ecacb23214f987,80,included_in_public_release,author_created_derived_post_extraction_card,not_included_mixed_public_or_provider_access,not_redistributed_no_rights_grant,withheld_hash_locator_only
dd6c006823e426461d63,AVGO,FY2021_Q4,FY2022_Q1,23bc489f24c7c57526f8d9a4,bbb03a33fb19d565a946182a,ledger_forward+shock_forward,claim,Broadcom::Semiconductor Solutions,INCREASES_SPEND_ON,product_transition,product_transition,product_transition,positive,medium,0.95,True,explicit,[45],explicit_segment,b9ff6dac1fcd285639304647,FY2022_Q1,Forecast/Guidance,0.7606318347509113,1,True,False,persistent,full_mainpanel,semi_infra_tooling,ea88efbf9f92767a425abc3daa9c0f13c0cc5b355cb77c20a15608f97f9df7aa,202,included_in_public_release,author_created_derived_post_extraction_card,not_included_mixed_public_or_provider_access,not_redistributed_no_rights_grant,withheld_hash_locator_only
bd22744cca076f84f008,AVGO,FY2021_Q4,FY2022_Q1,233f4dbdbf9fb15398a1bb18,72100e6106626cbf584a6883,ledger_forward+shock_forward,claim,Broadcom::Semiconductor Solutions,INCREASES_SPEND_ON,supply,supply,supply_capacity,positive,medium,0.95,True,explicit,[73],explicit_segment,76aa0817247764fd852617ba,FY2022_Q1,Forecast/Guidance,0.7606318347509113,1,True,False,persistent,full_mainpanel,semi_infra_tooling,5c22d2fed50f13c21479b4a727cdb56a202ee5449c4f19a4d511fed1aaba9d06,104,included_in_public_release,author_created_derived_post_extraction_card,not_included_mixed_public_or_provider_access,not_redistributed_no_rights_grant,withheld_hash_locator_only
011b66e50757b46b8ea7,AVGO,FY2021_Q4,FY2022_Q1,d51b49222884d556eecea75c,5c3b210735695a18dd789f3f,ledger_forward,event,UNKNOWN,BOOSTS_REVENUE_OF,demand,demand,demand,positive,high,0.95,True,,[151],unresolved,854cb5d903e1276957ded889,FY2022_Q1,Forecast/Guidance,,0,True,False,persistent,full_mainpanel,semi_infra_tooling,33eec1d0db6e72907eb8943f3c0d7b0b8c7f376d01456d4c9830b5eb8e449497,240,included_in_public_release,author_created_derived_post_extraction_card,not_included_mixed_public_or_provider_access,not_redistributed_no_rights_grant,withheld_hash_locator_only
11a02166243829a84fb7,AVGO,FY2021_Q4,FY2022_Q1,1010e6f7128fd51531060714,9d71abff7b45b870a1cdcce2,ledger_forward+shock_forward,event,Broadcom::Enterprise Storage,BOOSTS_REVENUE_OF,demand,demand,demand,positive,high,0.9,True,,[289],explicit_tail,ded26e0f954cbf3dea9e3101,FY2022_Q1,Forecast/Guidance,,0,True,False,persistent,full_mainpanel,semi_infra_tooling,b18bf933a62abefec57056a1c0f4b12439a0739a96a7e3154e3a755980a64c5d,266,included_in_public_release,author_created_derived_post_extraction_card,not_included_mixed_public_or_provider_access,not_redistributed_no_rights_grant,withheld_hash_locator_only
bb1af61aec809af9ee09,AVGO,FY2022_Q1,FY2022_Q2,fbfa62ee5306a32c118ab29c,ddb0bc0359c0efdcec93a3f3,ledger_forward+shock_forward,event,Broadcom::Wired Infrastructure,BOOSTS_REVENUE_OF,product_transition,product_transition,product_transition,positive,high,0.95,True,,[30],explicit_tail,0d83d63bb8150a3b323e7cac,FY2022_Q2,Forecast/Guidance,,0,True,False,persistent,full_mainpanel,semi_infra_tooling,faf0aa8018499b0ce7c7b8c710621ca087d65c9803d7fb407238332f89c3dbeb,174,included_in_public_release,author_created_derived_post_extraction_card,not_included_mixed_public_or_provider_access,not_redistributed_no_rights_grant,withheld_hash_locator_only
90d45d48a1947332ded7,AVGO,FY2022_Q1,FY2022_Q2,5de80a6d8765e84280309a31,e3707a6eed52d21c3082f891,ledger_forward+shock_forward,event,Broadcom::Wired Infrastructure,BOOSTS_REVENUE_OF,demand,demand,demand,positive,high,0.95,True,,[33],explicit_tail,0d83d63bb8150a3b323e7cac,FY2022_Q2,Forecast/Guidance,,0,True,False,persistent,full_mainpanel,semi_infra_tooling,184913361b411f73722cf8b9023181800097369c1e8c94b633cbf94d02a3f09c,121,included_in_public_release,author_created_derived_post_extraction_card,not_included_mixed_public_or_provider_access,not_redistributed_no_rights_grant,withheld_hash_locator_only
30d82f42dd6b5010215f,AVGO,FY2022_Q1,FY2022_Q2,871de793e2ed42c20b990308,23ae250f35e6f5ac48dd4037,ledger_forward+shock_forward,event,Broadcom::Enterprise Storage,BOOSTS_REVENUE_OF,demand,demand,demand,positive,high,0.95,True,,[42],explicit_tail,ded26e0f954cbf3dea9e3101,FY2022_Q2,Forecast/Guidance,,0,True,False,persistent,full_mainpanel,semi_infra_tooling,d89d5ff5c15107d2b1beda6da66d7856ed30638b15ac3579680e224cc986d82c,145,included_in_public_release,author_created_derived_post_extraction_card,not_included_mixed_public_or_provider_access,not_redistributed_no_rights_grant,withheld_hash_locator_only
7ee7343c6cdf83b115ba,AVGO,FY2022_Q1,FY2022_Q2,1bc298620f8672e8cdc90384,f3ee1ff067809df22b3d3b5f,ledger_forward+shock_forward,event,Broadcom::Wireless Communications,LIMITS_REVENUE_OF,demand,demand,demand,negative,medium,0.95,True,,[67],explicit_tail,d9db56d03edb209081cca298,FY2022_Q2,Forecast/Guidance,,0,True,False,persistent,full_mainpanel,semi_infra_tooling,26e4158fb3eeb69054a0f003a60a5b62de8a39d7ecb6f5e8435a00776d399390,358,included_in_public_release,author_created_derived_post_extraction_card,not_included_mixed_public_or_provider_access,not_redistributed_no_rights_grant,withheld_hash_locator_only
b06a0a962674ffff6631,AVGO,FY2022_Q1,FY2022_Q2,bfe6bcdf117aa5c0e1a7572c,1740a6376371c94058a9200f,ledger_forward+shock_forward,event,Broadcom::Industrial and Other,BOOSTS_REVENUE_OF,demand,demand,demand,positive,medium,0.9,True,,[70],explicit_tail,b94dd3420d97d19229f36d60,FY2022_Q2,Forecast/Guidance,,0,True,False,persistent,full_mainpanel,semi_infra_tooling,c7af3c561182c600a3c9d80e08aae203bb6f7e7d1a59a2b6d76cf7fc833665c4,152,included_in_public_release,author_created_derived_post_extraction_card,not_included_mixed_public_or_provider_access,not_redistributed_no_rights_grant,withheld_hash_locator_only
5bc767c990ee08a203c1,AVGO,FY2022_Q2,FY2022_Q3,b17fbbcd719ec3433d5c6aa7,fc72114029d1e7c260ef5bb4,ledger_forward+shock_forward,event,Broadcom::Wired Infrastructure,BOOSTS_REVENUE_OF,product_transition,product_transition,product_transition,positive,high,0.95,True,,[32],explicit_tail,0d83d63bb8150a3b323e7cac,FY2022_Q3,Forecast/Guidance,,0,True,False,persistent,full_mainpanel,semi_infra_tooling,7f90b80794db8613b86a9a65b03d026e7c547c7b7434a8344e2d82e3955c0775,97,included_in_public_release,author_created_derived_post_extraction_card,not_included_mixed_public_or_provider_access,not_redistributed_no_rights_grant,withheld_hash_locator_only
316982f769848534b4f5,AVGO,FY2022_Q2,FY2022_Q3,2f9df67fd63651aa46a1b55d,1aa3c69cf8dd3890aa5b40d8,ledger_forward,event,Broadcom::Wired Infrastructure,BOOSTS_REVENUE_OF,demand,demand,demand,positive,medium,0.9,True,,[40],explicit_tail,0d83d63bb8150a3b323e7cac,FY2022_Q3,Realized/Reporting,,0,True,False,persistent,full_mainpanel,semi_infra_tooling,cee70e4aded8617c92cd8f7082b174978d10ee5e2c0134da030aad6c34cd680b,168,included_in_public_release,author_created_derived_post_extraction_card,not_included_mixed_public_or_provider_access,not_redistributed_no_rights_grant,withheld_hash_locator_only
94417965dbf3484ae410,AVGO,FY2022_Q2,FY2022_Q3,94d65809d972528536a54adb,5604e91dee38ca11db213e3e,ledger_forward+shock_forward,event,Broadcom::Wireless Communications,BOOSTS_REVENUE_OF,demand,demand,demand,positive,medium,0.9,True,,[45],explicit_tail,d9db56d03edb209081cca298,FY2022_Q3,Forecast/Guidance,,0,True,False,persistent,full_mainpanel,semi_infra_tooling,acdb8820b3c08f1624c73f9d7e57247dff2ab6e60e28652cee99f7baf53cc1f4,162,included_in_public_release,author_created_derived_post_extraction_card,not_included_mixed_public_or_provider_access,not_redistributed_no_rights_grant,withheld_hash_locator_only
45ad9965971858ccfc5b,AVGO,FY2022_Q2,FY2022_Q3,2145e17b23f6674054c5f4c6,54111099d7e3a01a74b9b5f9,ledger_forward,event,Broadcom::Industrial and Other,BOOSTS_REVENUE_OF,demand,demand,demand,positive,medium,0.95,True,,[46],explicit_tail,b94dd3420d97d19229f36d60,FY2022_Q3,Realized/Reporting,,0,True,False,persistent,full_mainpanel,semi_infra_tooling,62578b3c58831a891a64e1fd0bcdd5d98c958fb7cbd7ff1f87dac60c713844ed,168,included_in_public_release,author_created_derived_post_extraction_card,not_included_mixed_public_or_provider_access,not_redistributed_no_rights_grant,withheld_hash_locator_only
9819663e9b2fb97d1316,AVGO,FY2022_Q3,FY2022_Q4,0d53bd23cef77bbe450b4b8e,fc823c0a0aaeab0955bc4ec2,ledger_forward+shock_forward,claim,Broadcom::Semiconductor Solutions,DRIVES_DEMAND_FOR,demand,demand,demand,positive,high,1.0,False,explicit,[9],explicit_segment,f5a1dc736ef065a516b7a8fa,FY2022_Q4,Forecast/Guidance,0.782608695652174,1,True,False,unknown,full_mainpanel,semi_infra_tooling,46e629f97320971ca5ede8734d933e868d751de844dbd34375ad77c5843bd093,115,included_in_public_release,author_created_derived_post_extraction_card,not_included_mixed_public_or_provider_access,not_redistributed_no_rights_grant,withheld_hash_locator_only
a5d2e513d05a7f7b1244,AVGO,FY2022_Q3,FY2022_Q4,3b97bc81cb1f2327c426bc08,e7333b80059def789bef9636,ledger_forward+shock_forward,claim,Broadcom::Semiconductor Solutions,DRIVES_DEMAND_FOR,demand,product_transition,demand,positive,medium,1.0,False,explicit,[17],explicit_segment,da61423476296e93152be5bb,FY2022_Q4,Forecast/Guidance,0.782608695652174,1,True,False,unknown,full_mainpanel,semi_infra_tooling,6cecc0a7362fa31099d1987f50b67787a0d97f98b31f96c31f5883951cedaf5f,243,included_in_public_release,author_created_derived_post_extraction_card,not_included_mixed_public_or_provider_access,not_redistributed_no_rights_grant,withheld_hash_locator_only
03cf5343f124358f04ea,AVGO,FY2022_Q3,FY2022_Q4,f2d206988587abb3947f1548,233dfd9ba17741b5d1538f12,ledger_forward,event,Broadcom::Semiconductor Solutions,BOOSTS_REVENUE_OF,product_transition,product_transition,product_transition,positive,medium,0.9,True,,[31],explicit_tail,705fc3afd4db7009e387dc52,FY2022_Q4,Realized/Reporting,0.782608695652174,1,True,False,persistent,full_mainpanel,semi_infra_tooling,fc22c5dc2ddf94548375c13da2dd40e8a8108e85c464fc7e2a91249faf39d245,239,included_in_public_release,author_created_derived_post_extraction_card,not_included_mixed_public_or_provider_access,not_redistributed_no_rights_grant,withheld_hash_locator_only
e91c2f57be167bb0f334,AVGO,FY2022_Q3,FY2022_Q4,2a4640d6c62ab10b98cee0c8,7aec44242b9e638675306e93,ledger_forward+shock_forward,event,Broadcom::Industrial and Other,LIMITS_REVENUE_OF,macro,macro,regulation_macro,negative,medium,0.9,True,,[48],explicit_tail,b94dd3420d97d19229f36d60,FY2022_Q4,Forecast/Guidance,,0,True,False,persistent,full_mainpanel,semi_infra_tooling,d6c3ed32d3d1fccf81551573a03e5df3bc6eb8d8dc140c6fbc4363bea00f0a24,263,included_in_public_release,author_created_derived_post_extraction_card,not_included_mixed_public_or_provider_access,not_redistributed_no_rights_grant,withheld_hash_locator_only
c73eef2948fa0f596801,AVGO,FY2022_Q4,FY2023_Q1,bb1634d9ae8388a13f752c69,641ac001dd15367106e71da0,ledger_forward,event,Broadcom::Semiconductor Solutions,LIMITS_REVENUE_OF,inventory,inventory,inventory_channel,negative,medium,0.9,True,,[157],explicit_tail,705fc3afd4db7009e387dc52,FY2023_Q1,Realized/Reporting,0.7941769316909294,1,True,False,persistent,full_mainpanel,semi_infra_tooling,bd9bd326ea7e5d9602947e49b54e154ee8253ad37a819bab1323e7010dffe320,127,included_in_public_release,author_created_derived_post_extraction_card,not_included_mixed_public_or_provider_access,not_redistributed_no_rights_grant,withheld_hash_locator_only
3cf583bb1d048043c1e7,AVGO,FY2022_Q4,FY2023_Q1,1fb7da6c5986c6e422cbeaf3,92e39faa5adbb97578d95c59,ledger_forward,event,Broadcom::Industrial and Other,LIMITS_REVENUE_OF,demand,demand,demand,negative,medium,0.95,True,,[329],explicit_tail,b94dd3420d97d19229f36d60,FY2023_Q1,Realized/Reporting,,0,True,False,persistent,full_mainpanel,semi_infra_tooling,ddb305fee6c9f138774f4b6ff0916d6977374e3a9c6f7e45b6cfbd35f508f820,103,included_in_public_release,author_created_derived_post_extraction_card,not_included_mixed_public_or_provider_access,not_redistributed_no_rights_grant,withheld_hash_locator_only
687a78ec78db97a750f0,AVGO,FY2022_Q4,FY2023_Q1,84a67f01949364ceb32579e3,0e00ba3d6353f74bf708803d,ledger_forward,event,Broadcom::Wireless Communications,LIMITS_REVENUE_OF,supply,supply,supply_capacity,negative,low,0.9,True,,[239],explicit_tail,d9db56d03edb209081cca298,FY2023_Q1,Realized/Reporting,,0,True,False,persistent,full_mainpanel,semi_infra_tooling,057797d0eec8e5eb5e75e2adae52381f12d73a54a53fd46ee91cf35eacf9ba9d,70,included_in_public_release,author_created_derived_post_extraction_card,not_included_mixed_public_or_provider_access,not_redistributed_no_rights_grant,withheld_hash_locator_only
9a8e112a2b15f332bc58,AVGO,FY2022_Q4,FY2023_Q1,f0a3b0105d32531c5698d875,32dcc8135d4063adee4cc566,ledger_forward+shock_forward,event,Broadcom::Semiconductor Solutions,LIMITS_REVENUE_OF,product_transition,product_transition,product_transition,negative,medium,0.9,True,,[99],explicit_tail,705fc3afd4db7009e387dc52,FY2023_Q1,Forecast/Guidance,0.7941769316909294,1,True,False,persistent,full_mainpanel,semi_infra_tooling,ab7a4f2c591f8a7bb8b41db12b1f1655cf2b368ccc595fda19196b021d3e1dac,104,included_in_public_release,author_created_derived_post_extraction_card,not_included_mixed_public_or_provider_access,not_redistributed_no_rights_grant,withheld_hash_locator_only
7930ddc3c377d0968c44,AVGO,FY2023_Q1,FY2023_Q2,18f7c6c18f96f48e29c93061,e4806d5cc5d7a64937e6e89e,ledger_forward+shock_forward,claim,Broadcom::Wired Infrastructure,DRIVES_DEMAND_FOR,demand,demand,demand,positive,high,1.0,True,explicit,[13],explicit_segment,c81a2c2827a2aa08512229dc,FY2023_Q2,Forecast/Guidance,,0,True,False,persistent,full_mainpanel,semi_infra_tooling,914f8a1ed6741117bd18383225834d91c18b70f8e27d38fb5228835941b16db1,135,included_in_public_release,author_created_derived_post_extraction_card,not_included_mixed_public_or_provider_access,not_redistributed_no_rights_grant,withheld_hash_locator_only
89938a46e15fbb003292,AVGO,FY2023_Q1,FY2023_Q2,e6354c79a2755644c7512cc0,bc71bd6b79227aab30dacf98,ledger_forward+shock_forward,claim,Broadcom::Wired Infrastructure,INCREASES_SPEND_ON,product_transition,product_transition,product_transition,positive,high,1.0,False,explicit,[37],explicit_segment,fd556ad28250c6de73e6f3f6,FY2023_Q2,Forecast/Guidance,,0,True,False,unknown,full_mainpanel,semi_infra_tooling,be9a46b690462267248238b89b0b6fe2fff00e717f869d109ddab0dcf8fcdcd5,198,included_in_public_release,author_created_derived_post_extraction_card,not_included_mixed_public_or_provider_access,not_redistributed_no_rights_grant,withheld_hash_locator_only
8de3ee9b745ff9b20984,AVGO,FY2023_Q1,FY2023_Q2,60089dd563c5b0d15eaaa88a,85a2f95b8e8d6203f08850fa,ledger_forward+shock_forward,event,Broadcom::Enterprise Storage,LIMITS_REVENUE_OF,product_transition,product_transition,product_transition,negative,medium,0.95,True,,[51],explicit_tail,ded26e0f954cbf3dea9e3101,FY2023_Q2,Forecast/Guidance,,0,True,False,persistent,full_mainpanel,semi_infra_tooling,3a86e1b145885cebf7841f30609e66521fd0f17325287360bdcc4771eb12557d,234,included_in_public_release,author_created_derived_post_extraction_card,not_included_mixed_public_or_provider_access,not_redistributed_no_rights_grant,withheld_hash_locator_only
2eb80d3a413e73896f8c,AVGO,FY2023_Q1,FY2023_Q2,0bd48b3ae9bb067995680581,5f7a74ac69280698fc8dfa38,ledger_forward+shock_forward,event,Broadcom::Wireless Communications,LIMITS_REVENUE_OF,macro,macro,regulation_macro,negative,medium,0.95,True,,[60],explicit_tail,d9db56d03edb209081cca298,FY2023_Q2,Forecast/Guidance,,0,True,False,persistent,full_mainpanel,semi_infra_tooling,f4f52fab4c89728f9f45686e76d0dbd04de4891f9435ef451fddfdf529aff407,170,included_in_public_release,author_created_derived_post_extraction_card,not_included_mixed_public_or_provider_access,not_redistributed_no_rights_grant,withheld_hash_locator_only
75eb4e80c833876a7415,AVGO,FY2023_Q1,FY2023_Q2,58d9160a86ad68e43c9236cd,79cce5b94d9c60f672137ff1,ledger_forward+shock_forward,event,Broadcom::Industrial and Other,LIMITS_REVENUE_OF,macro,macro,regulation_macro,negative,medium,0.95,True,,[62],explicit_tail,b94dd3420d97d19229f36d60,FY2023_Q2,Forecast/Guidance,,0,True,False,persistent,full_mainpanel,semi_infra_tooling,45659fa716cbe1d7244c8f9f487deadfad06d3377c279b628862d3286a152696,127,included_in_public_release,author_created_derived_post_extraction_card,not_included_mixed_public_or_provider_access,not_redistributed_no_rights_grant,withheld_hash_locator_only
bcd739a19234692b51bc,AVGO,FY2023_Q1,FY2023_Q2,77b5c2a265884a74eff08c41,52d8b52498d55bfc6b40570a,ledger_forward+shock_forward,event,Broadcom::Infrastructure Software,LIMITS_REVENUE_OF,demand,demand,demand,negative,medium,0.95,True,,[71],explicit_tail,28687f68c432d2b0936d113a,FY2023_Q2,Forecast/Guidance,0.20280426247896804,2,True,False,persistent,full_mainpanel,semi_infra_tooling,06ea5894ca0a92ac9d2105f84f3a85cbc9d0dafdfeb90a714665440898b8ad97,214,included_in_public_release,author_created_derived_post_extraction_card,not_included_mixed_public_or_provider_access,not_redistributed_no_rights_grant,withheld_hash_locator_only
49ae57df83fbb17ac231,AVGO,FY2023_Q2,FY2023_Q3,c8f07c0a45a3dd9d85cad815,d2e370a138ffea8bdd35feed,ledger_forward+shock_forward,event,Broadcom::Wireless Communications,BOOSTS_REVENUE_OF,product_transition,product_transition,product_transition,positive,medium,0.95,True,,[38],explicit_tail,d9db56d03edb209081cca298,FY2023_Q3,Forecast/Guidance,,0,True,False,persistent,full_mainpanel,semi_infra_tooling,14d3cb3066a32e385a5b86f6bbac0c1bf03c17429836d22190cbf6560d09dbba,148,included_in_public_release,author_created_derived_post_extraction_card,not_included_mixed_public_or_provider_access,not_redistributed_no_rights_grant,withheld_hash_locator_only
bd59d0d22bd86e81d041,AVGO,FY2023_Q2,FY2023_Q3,ecc552efa27a0cf9be2730e2,8c7f29033629b3bdf85c1710,ledger_forward,event,UNKNOWN,SUPPORTS_REVENUE_OF,demand,demand,demand,mixed,medium,0.9,False,,[28],unresolved,dc04cd2888bcbbe3b9772858,FY2023_Q3,Realized/Reporting,,0,True,False,unknown,full_mainpanel,semi_infra_tooling,db62202e3449fd974c3aa44842c7b29d1892892830501987ccce1a17b8409a22,183,included_in_public_release,author_created_derived_post_extraction_card,not_included_mixed_public_or_provider_access,not_redistributed_no_rights_grant,withheld_hash_locator_only
381f590f0ddc8d778d31,AVGO,FY2023_Q2,FY2023_Q3,a2f91722277baf9aa920767d,a0097858a7005bd8a8c047d1,ledger_forward+shock_forward,event,Broadcom::Semiconductor Solutions,BOOSTS_REVENUE_OF,demand,demand,demand,positive,medium,0.95,True,,[60],explicit_tail,705fc3afd4db7009e387dc52,FY2023_Q3,Forecast/Guidance,0.7795717393793656,1,True,False,persistent,full_mainpanel,semi_infra_tooling,85e5f0dd15e60f09f3588355158bb9463f6ef41548dfeb7aa0a785af02d982aa,90,included_in_public_release,author_created_derived_post_extraction_card,not_included_mixed_public_or_provider_access,not_redistributed_no_rights_grant,withheld_hash_locator_only
4fa2818ad47335c1ba04,AVGO,FY2023_Q2,FY2023_Q3,984cf3ea3367fcb251ae352a,0f9358831ced08d33608c26c,ledger_forward+shock_forward,event,Broadcom::Enterprise Storage,BOOSTS_REVENUE_OF,demand,demand,demand,positive,medium,0.95,True,,[52],explicit_tail,ded26e0f954cbf3dea9e3101,FY2023_Q3,Forecast/Guidance,,0,True,False,persistent,full_mainpanel,semi_infra_tooling,684697c593e0608b77e51460fad5dc58dc8643905d34f0871a5e8bb22ab539c5,92,included_in_public_release,author_created_derived_post_extraction_card,not_included_mixed_public_or_provider_access,not_redistributed_no_rights_grant,withheld_hash_locator_only
1cf6e910859f9b6a9dd8,AVGO,FY2023_Q2,FY2023_Q3,39142aeaf5c3c01eedcb3efb,2936ea880d62a9ac73318efe,ledger_forward+shock_forward,event,Broadcom::Wired Infrastructure,BOOSTS_REVENUE_OF,demand,demand,demand,positive,medium,0.95,True,,[56],explicit_tail,0d83d63bb8150a3b323e7cac,FY2023_Q3,Forecast/Guidance,,0,True,False,persistent,full_mainpanel,semi_infra_tooling,33e1513b3727fa9286e7dd16baead42b315f21ddababaae7f1c7e69bcc1517ff,95,included_in_public_release,author_created_derived_post_extraction_card,not_included_mixed_public_or_provider_access,not_redistributed_no_rights_grant,withheld_hash_locator_only
fbbb6152b986fea410a2,AVGO,FY2023_Q2,FY2023_Q3,332c94fc75d209fcf78049c3,a50c45d7db818d141c7ec0cc,ledger_forward+shock_forward,event,Broadcom::Industrial and Other,SUPPORTS_REVENUE_OF,demand,demand,demand,mixed,low,0.9,True,,[58],explicit_tail,b94dd3420d97d19229f36d60,FY2023_Q3,Forecast/Guidance,,0,True,False,persistent,full_mainpanel,semi_infra_tooling,2d93dbc1f941b0bc3938a93f1ff4a373d80a69a8f4d2592559b6f79b5bb8a7f4,131,included_in_public_release,author_created_derived_post_extraction_card,not_included_mixed_public_or_provider_access,not_redistributed_no_rights_grant,withheld_hash_locator_only
f5b1faffdbf475de84ee,AVGO,FY2023_Q2,FY2023_Q3,62bb2ff7f2efb81e844be858,e82906cc11ae24d5c090f7d3,ledger_forward+shock_forward,event,Broadcom::Infrastructure Software,SUPPORTS_REVENUE_OF,demand,demand,demand,mixed,medium,0.95,True,,[71],explicit_tail,28687f68c432d2b0936d113a,FY2023_Q3,Forecast/Guidance,0.22042826062063436,2,True,False,persistent,full_mainpanel,semi_infra_tooling,1c7011318f206ab331163a5b17fea15ed881c91ae3f5e11c3c0b36e474c74dca,186,included_in_public_release,author_created_derived_post_extraction_card,not_included_mixed_public_or_provider_access,not_redistributed_no_rights_grant,withheld_hash_locator_only
7e62a453da0e7d434bcf,AVGO,FY2023_Q3,FY2023_Q4,71916186bb6ff847b007b383,9fd8daa3c3a5787a55906b8c,ledger_forward+shock_forward,event,Broadcom::Wired Infrastructure,BOOSTS_REVENUE_OF,demand,demand,demand,positive,high,1.0,True,,[47],explicit_tail,0d83d63bb8150a3b323e7cac,FY2023_Q4,Forecast/Guidance,,0,True,False,persistent,full_mainpanel,semi_infra_tooling,4fdafc41b81efa84fa85f611b43de5c6b99d3b5d84dcd2258f9a0fe1182f9101,155,included_in_public_release,author_created_derived_post_extraction_card,not_included_mixed_public_or_provider_access,not_redistributed_no_rights_grant,withheld_hash_locator_only
7ccab2436e4d513cc8fd,AVGO,FY2023_Q3,FY2023_Q4,cf4af1812006a24e0b8fe5a6,ef33d95691f87c47b385d714,ledger_forward+shock_forward,event,Broadcom::Wireless Communications,BOOSTS_REVENUE_OF,demand,demand,demand,positive,medium,1.0,True,,[52],explicit_tail,d9db56d03edb209081cca298,FY2023_Q4,Forecast/Guidance,,0,True,False,persistent,full_mainpanel,semi_infra_tooling,8295b48de9f429c19978fbfd1b2756cea8fd3d516845d77395ca2c6162c76a46,148,included_in_public_release,author_created_derived_post_extraction_card,not_included_mixed_public_or_provider_access,not_redistributed_no_rights_grant,withheld_hash_locator_only
e4f4f057f7255f5f4609,AVGO,FY2023_Q3,FY2023_Q4,263809d43f3e5569238c2238,5d0e8a95921df793fb9f3b96,ledger_forward+shock_forward,event,Broadcom::Enterprise Storage,LIMITS_REVENUE_OF,demand,demand,demand,negative,medium,1.0,True,,[54],explicit_tail,ded26e0f954cbf3dea9e3101,FY2023_Q4,Forecast/Guidance,,0,True,False,persistent,full_mainpanel,semi_infra_tooling,367d135f0558faa0713d66c7e64306e29195e4197a5ab854ec4f857ac9181814,133,included_in_public_release,author_created_derived_post_extraction_card,not_included_mixed_public_or_provider_access,not_redistributed_no_rights_grant,withheld_hash_locator_only
9103d762692bdb0321fc,AVGO,FY2023_Q3,FY2023_Q4,a0cc5824042bbc108ba0a695,14b046070e466d88a47628cd,ledger_forward+shock_forward,event,Broadcom::Wired Infrastructure,LIMITS_REVENUE_OF,demand,demand,demand,negative,medium,1.0,True,,[56],explicit_tail,0d83d63bb8150a3b323e7cac,FY2023_Q4,Forecast/Guidance,,0,True,False,persistent,full_mainpanel,semi_infra_tooling,af14e2a725593b24360af90e6753351e2f4bf67ba5bb10bbcf3e54f43059e699,148,included_in_public_release,author_created_derived_post_extraction_card,not_included_mixed_public_or_provider_access,not_redistributed_no_rights_grant,withheld_hash_locator_only
2776ccaff8280af4897f,AVGO,FY2023_Q3,FY2023_Q4,70a75afc8f2e635884f1c804,6e55510c3aad30302c518339,ledger_forward+shock_forward,event,Broadcom::Industrial and Other,BOOSTS_REVENUE_OF,demand,demand,demand,positive,low,1.0,True,,[58],explicit_tail,b94dd3420d97d19229f36d60,FY2023_Q4,Forecast/Guidance,,0,True,False,persistent,full_mainpanel,semi_infra_tooling,196024f81dc26291aebde297c2e652c25ff0830e4dd5a6e2fc287ca3ac9716ea,139,included_in_public_release,author_created_derived_post_extraction_card,not_included_mixed_public_or_provider_access,not_redistributed_no_rights_grant,withheld_hash_locator_only
447537fa1eca0570a0d2,AVGO,FY2023_Q4,FY2024_Q1,60d49069dc658b22c7ae5c11,755311be66b7038a1472030c,ledger_forward+shock_forward,claim,Broadcom::Semiconductor Solutions,DRIVES_DEMAND_FOR,demand,demand,demand,positive,high,1.0,True,explicit,[18],explicit_segment,2eadfbbcb22043a86d9ea42f,FY2024_Q1,Forecast/Guidance,0.7881656804733728,1,True,False,persistent,full_mainpanel,semi_infra_tooling,cff2d1e7b3ae0c7febef687844f65abdc2f2f1471c06027aab18955783a43830,180,included_in_public_release,author_created_derived_post_extraction_card,not_included_mixed_public_or_provider_access,not_redistributed_no_rights_grant,withheld_hash_locator_only
168baaa7d37bfaff754d,AVGO,FY2023_Q4,FY2024_Q1,2adda75650cc57314b0f0fb5,d24555499ae32d68ba3be6c5,ledger_forward+shock_forward,claim,Broadcom::Infrastructure Software,SUPPORTS_REVENUE_OF,product_transition,product_transition,product_transition,positive,high,1.0,True,explicit,[12],explicit_segment,7498558217b62397730a1966,FY2024_Q1,Forecast/Guidance,0.2118343195266272,2,True,False,persistent,full_mainpanel,semi_infra_tooling,135cd78cd068cd85f99892251c9dd67ce5dc3d442c704e2dadef4cffc1f4c84d,200,included_in_public_release,author_created_derived_post_extraction_card,not_included_mixed_public_or_provider_access,not_redistributed_no_rights_grant,withheld_hash_locator_only
93de7f92ab2b11ff4165,AVGO,FY2023_Q4,FY2024_Q1,87976b29be8138264b1ce95e,8ced5edf6f7d87dede64b1b0,ledger_forward+shock_forward,event,Broadcom::Enterprise Storage,LIMITS_REVENUE_OF,demand,demand,demand,negative,high,1.0,True,,[64],explicit_tail,ded26e0f954cbf3dea9e3101,FY2024_Q1,Forecast/Guidance,,0,True,False,persistent,full_mainpanel,semi_infra_tooling,2ea0f1b841bcd9ccbd136d320318082be2fe7c6a89ff5fb5e26d56e44e285f64,165,included_in_public_release,author_created_derived_post_extraction_card,not_included_mixed_public_or_provider_access,not_redistributed_no_rights_grant,withheld_hash_locator_only
758287695bf7bcd03aa2,AVGO,FY2023_Q4,FY2024_Q1,ce95434b681c6886379c4e4f,e48ef54f58a83bd5a849847f,ledger_forward+shock_forward,event,Broadcom::Wired Infrastructure,LIMITS_REVENUE_OF,demand,demand,demand,negative,high,1.0,True,,[68],explicit_tail,0d83d63bb8150a3b323e7cac,FY2024_Q1,Forecast/Guidance,,0,True,False,persistent,full_mainpanel,semi_infra_tooling,a063bbb8e20fcf1e42af79a66018ea5ee0144e6d84557227fab111a88b44bdfa,245,included_in_public_release,author_created_derived_post_extraction_card,not_included_mixed_public_or_provider_access,not_redistributed_no_rights_grant,withheld_hash_locator_only
6b8ebc77e9978a888dc8,AVGO,FY2024_Q1,FY2024_Q2,7d81511cbe32c6c90536be86,35c19a0052833499dc591366,ledger_forward+shock_forward,event,Broadcom::Infrastructure Software,BOOSTS_REVENUE_OF,demand,demand,demand,positive,high,0.95,True,,[29],explicit_tail,28687f68c432d2b0936d113a,FY2024_Q2,Forecast/Guidance,0.382158682384416,2,True,False,persistent,full_mainpanel,semi_infra_tooling,23b6ffe4957ffca582aafa470862f3191046d98d05e148d327491305a6abe20d,126,included_in_public_release,author_created_derived_post_extraction_card,not_included_mixed_public_or_provider_access,not_redistributed_no_rights_grant,withheld_hash_locator_only
86ab70a7db9acc97ac79,AVGO,FY2024_Q2,FY2024_Q3,17c6036635417c9e5b6a3c38,c6cda288c83b33eb006bb0ca,ledger_forward+shock_forward,event,Broadcom::Wired Infrastructure,BOOSTS_REVENUE_OF,demand,demand,demand,positive,high,0.95,True,,[47],explicit_tail,0d83d63bb8150a3b323e7cac,FY2024_Q3,Forecast/Guidance,,0,True,False,persistent,full_mainpanel,semi_infra_tooling,044afa2488288654fa14e5c7ae0e8a5ea2876e9da156b0f2323084dec0236dd3,171,included_in_public_release,author_created_derived_post_extraction_card,not_included_mixed_public_or_provider_access,not_redistributed_no_rights_grant,withheld_hash_locator_only
a08e4ffbedf205637a6c,AVGO,FY2024_Q2,FY2024_Q3,257e9360cf27405fb6f0dfd9,99add614da5f70b7249716b2,ledger_forward+shock_forward,event,Broadcom::Enterprise Storage,BOOSTS_REVENUE_OF,demand,demand,demand,positive,medium,0.9,True,,[54],explicit_tail,ded26e0f954cbf3dea9e3101,FY2024_Q3,Forecast/Guidance,,0,True,False,persistent,full_mainpanel,semi_infra_tooling,fdcddaadd262de101f7de4fc2ba0494c9f1284b66256f38ff2526ec245e85710,105,included_in_public_release,author_created_derived_post_extraction_card,not_included_mixed_public_or_provider_access,not_redistributed_no_rights_grant,withheld_hash_locator_only
769abe3f7cbbbf7f7440,AVGO,FY2024_Q3,FY2024_Q4,6b4f0a8e90fb1fbfded41711,21dea331d43c3ccffde03da3,ledger_forward+shock_forward,claim,Broadcom::Semiconductor Solutions,DRIVES_DEMAND_FOR,demand,demand,demand,positive,high,0.95,True,explicit,[25],explicit_segment,2944b7d2a47f093b7dfba27c,FY2024_Q4,Forecast/Guidance,0.5564565483476133,1,True,False,persistent,full_mainpanel,semi_infra_tooling,4fdc8fb35459401ea855bfef053ecb2999b85c657f6b5a8c5e432eef3fc8e84b,103,included_in_public_release,author_created_derived_post_extraction_card,not_included_mixed_public_or_provider_access,not_redistributed_no_rights_grant,withheld_hash_locator_only
e4b94e4e0f475b230d6d,AVGO,FY2024_Q3,FY2024_Q4,3677ac667464c35706d842f2,a4c12589c475a8aa04fbd8e5,ledger_forward+shock_forward,event,Broadcom::Semiconductor Solutions,SUPPORTS_REVENUE_OF,demand,demand,demand,mixed,medium,0.9,True,,[43],explicit_tail,705fc3afd4db7009e387dc52,FY2024_Q4,Forecast/Guidance,0.5564565483476133,1,True,False,persistent,full_mainpanel,semi_infra_tooling,9e9a1960051d9fd5e3b8bc7890c7ee04bba8f16adf4b1672760085ee56c51275,264,included_in_public_release,author_created_derived_post_extraction_card,not_included_mixed_public_or_provider_access,not_redistributed_no_rights_grant,withheld_hash_locator_only
4869d60946c933e99aa6,AVGO,FY2024_Q3,FY2024_Q4,f26289a13c5d9635d1a7aabc,16331b8d585c83c40c3e3ab6,ledger_forward+shock_forward,event,Broadcom::Semiconductor Solutions,LIMITS_REVENUE_OF,demand,demand,demand,negative,high,0.95,True,,[54],explicit_tail,705fc3afd4db7009e387dc52,FY2024_Q4,Forecast/Guidance,0.5564565483476133,1,True,False,persistent,full_mainpanel,semi_infra_tooling,f2fbadcec66d83790156dcf04ab3041e3e65e5b2669c9d682538d03c575e7d18,208,included_in_public_release,author_created_derived_post_extraction_card,not_included_mixed_public_or_provider_access,not_redistributed_no_rights_grant,withheld_hash_locator_only
21feb32e1f2f56ed06a1,AVGO,FY2024_Q4,FY2025_Q1,b38687db6648846991c95afb,55ffad0671cc09188e57982e,ledger_forward+shock_forward,claim,Broadcom::Semiconductor Solutions,DRIVES_DEMAND_FOR,demand,demand,demand,positive,high,0.95,False,explicit,[3],explicit_segment,c65c40271e61197ab2402f1f,FY2025_Q1,Forecast/Guidance,0.585598406147716,1,True,False,unknown,full_mainpanel,semi_infra_tooling,5fd302e4953fc3238902c4a605c2a7348bbc4d6afdc6c6923646ca79d5c1e703,92,included_in_public_release,author_created_derived_post_extraction_card,not_included_mixed_public_or_provider_access,not_redistributed_no_rights_grant,withheld_hash_locator_only
9bf1279f4225b27492d9,AVGO,FY2024_Q4,FY2025_Q1,def9f59da143a402c025af46,40357f8d9bb18de164479706,ledger_forward+shock_forward,event,Broadcom::Wireless Communications,LIMITS_REVENUE_OF,demand,demand,demand,negative,medium,0.95,False,,[60],explicit_tail,d9db56d03edb209081cca298,FY2025_Q1,Forecast/Guidance,,0,True,False,unknown,full_mainpanel,semi_infra_tooling,480f33ebe9c062dba1efa38fe65be01c174e6238089faf06eaebfb01cdf9d4c5,106,included_in_public_release,author_created_derived_post_extraction_card,not_included_mixed_public_or_provider_access,not_redistributed_no_rights_grant,withheld_hash_locator_only
5870fc996a9d156c3224,AVGO,FY2024_Q4,FY2025_Q1,5201f6ba1115c65091adeb2f,859b0f29b436ada3968d3ba4,ledger_forward+shock_forward,event,Broadcom::Wired Infrastructure,BOOSTS_REVENUE_OF,demand,demand,demand,positive,medium,0.95,False,,[63],explicit_tail,0d83d63bb8150a3b323e7cac,FY2025_Q1,Forecast/Guidance,,0,True,False,unknown,full_mainpanel,semi_infra_tooling,98b5d0889872d854549fde313a405eda81daf6650aefa119d873f3234d9817ec,84,included_in_public_release,author_created_derived_post_extraction_card,not_included_mixed_public_or_provider_access,not_redistributed_no_rights_grant,withheld_hash_locator_only
4f4421077a91728f8e2e,AVGO,FY2025_Q1,FY2025_Q2,9e7de4bb73c7354cb3d7a194,63f6659f7ad3b06ad5458fb3,ledger_forward+shock_forward,event,Broadcom::Semiconductor Solutions,BOOSTS_REVENUE_OF,demand,demand,demand,positive,high,0.95,True,,[22],explicit_tail,705fc3afd4db7009e387dc52,FY2025_Q2,Forecast/Guidance,0.5505497452400108,1,True,False,persistent,full_mainpanel,semi_infra_tooling,19847d269ebbb2f86218bebd19d77555bb295119f0475644048222634c468bc1,126,included_in_public_release,author_created_derived_post_extraction_card,not_included_mixed_public_or_provider_access,not_redistributed_no_rights_grant,withheld_hash_locator_only
f239639164eb90987a02,AVGO,FY2025_Q1,FY2025_Q2,3ce4a3e175dbb4a4990bcd07,131229484df2b0b8b30c6128,ledger_forward+shock_forward,event,Broadcom::Semiconductor Solutions,LIMITS_REVENUE_OF,inventory,inventory,inventory_channel,negative,medium,0.9,True,,[53],explicit_tail,705fc3afd4db7009e387dc52,FY2025_Q2,Forecast/Guidance,0.5505497452400108,1,True,False,persistent,full_mainpanel,semi_infra_tooling,533f1fb75e84bea9fd04b76d67c2d0e7c479f167aaf7c13bf0d5db6ca27e553f,151,included_in_public_release,author_created_derived_post_extraction_card,not_included_mixed_public_or_provider_access,not_redistributed_no_rights_grant,withheld_hash_locator_only
d4007811d75b11e108a4,AVGO,FY2025_Q1,FY2025_Q2,5a26f651ad84837de46ba742,75cdcd799ea70fd8864dc19d,ledger_forward+shock_forward,event,Broadcom::Semiconductor Solutions,LIMITS_REVENUE_OF,macro,macro,regulation_macro,negative,medium,0.9,True,,[54],explicit_tail,705fc3afd4db7009e387dc52,FY2025_Q2,Forecast/Guidance,0.5505497452400108,1,True,False,persistent,full_mainpanel,semi_infra_tooling,0330fc85ea2ac7680cf3b3e4f14b05d965e96a1d6c623f4cc7c01e82fc4466d8,157,included_in_public_release,author_created_derived_post_extraction_card,not_included_mixed_public_or_provider_access,not_redistributed_no_rights_grant,withheld_hash_locator_only
c454402a570c2750be4d,AVGO,FY2025_Q1,FY2025_Q2,7a2563bea224d23ac38a8155,3a687f073e3f6e75a23f3b5d,ledger_forward+shock_forward,event,Broadcom::Industrial and Other,LIMITS_REVENUE_OF,demand,demand,demand,negative,medium,0.9,True,,[57],explicit_tail,b94dd3420d97d19229f36d60,FY2025_Q2,Forecast/Guidance,,0,True,False,persistent,full_mainpanel,semi_infra_tooling,cfdb92bdcadeb77c94c38fce3a04ecc5d26bf0985a261372eff212b53a0e16d7,86,included_in_public_release,author_created_derived_post_extraction_card,not_included_mixed_public_or_provider_access,not_redistributed_no_rights_grant,withheld_hash_locator_only
c8c215a9ce7b8764217e,AVGO,FY2025_Q1,FY2025_Q2,bd9e74c10dcd234eb09f1647,9d3e0ca5a04a4f49a3ed9913,ledger_forward+shock_forward,event,Broadcom::Infrastructure Software,BOOSTS_REVENUE_OF,product_transition,product_transition,product_transition,positive,high,0.95,True,,[62],explicit_tail,28687f68c432d2b0936d113a,FY2025_Q2,Forecast/Guidance,0.4494502547599893,2,True,False,persistent,full_mainpanel,semi_infra_tooling,0deffc6ff25804e82508a220a7bf3622d6c4389019292d4065e470111f5453b9,276,included_in_public_release,author_created_derived_post_extraction_card,not_included_mixed_public_or_provider_access,not_redistributed_no_rights_grant,withheld_hash_locator_only
2d68f839a4b4124ff595,AVGO,FY2025_Q1,FY2025_Q2,e53558b4ec30e442af7c0dd5,32fa7c498bec255e488d7773,ledger_forward+shock_forward,event,Broadcom::Infrastructure Software,BOOSTS_REVENUE_OF,demand,demand,demand,positive,medium,0.9,True,,[68],explicit_tail,28687f68c432d2b0936d113a,FY2025_Q2,Forecast/Guidance,0.4494502547599893,2,True,False,persistent,full_mainpanel,semi_infra_tooling,ec74d9b47302b49301bc3e954c39cea15e360b62846e55a0e84dfb9af2b50164,88,included_in_public_release,author_created_derived_post_extraction_card,not_included_mixed_public_or_provider_access,not_redistributed_no_rights_grant,withheld_hash_locator_only
61f4325bc9cf485236ae,AVGO,FY2025_Q2,FY2025_Q3,1e9ca34f64cf5bf396a6f525,a116dfccc0749dbd43c06a6e,ledger_forward+shock_forward,claim,Broadcom::Semiconductor Solutions,DRIVES_DEMAND_FOR,demand,demand,demand,positive,high,0.9,True,explicit,[12],explicit_segment,4437d6b8466487a789ca45d9,FY2025_Q3,Forecast/Guidance,0.5603838976272993,1,True,False,persistent,full_mainpanel,semi_infra_tooling,97dc2878754fa9fb4ef6e3f6e74c9603747a7fc5769b496d662374966ad6c004,246,included_in_public_release,author_created_derived_post_extraction_card,not_included_mixed_public_or_provider_access,not_redistributed_no_rights_grant,withheld_hash_locator_only
f10de404b71379a95ea0,AVGO,FY2025_Q2,FY2025_Q3,5156e5ca924bd2843d42a44e,883f7acc4d488a5f4d54570f,ledger_forward,claim,UNKNOWN,DRIVES_DEMAND_FOR,demand,demand,demand,positive,medium,0.9,True,explicit,[13],unresolved,,FY2025_Q3,Forecast/Guidance,,0,True,False,persistent,full_mainpanel,semi_infra_tooling,b3e87811be8314e841adfc8d4d49842cac74c6ecf4032154e88e730355612035,166,included_in_public_release,author_created_derived_post_extraction_card,not_included_mixed_public_or_provider_access,not_redistributed_no_rights_grant,withheld_hash_locator_only
9ef7ec646fdd4f72466a,AVGO,FY2025_Q2,FY2025_Q3,6f030fe4761587b774a4624a,fa62c65a38c07970b470b2b2,ledger_forward+shock_forward,event,Broadcom::Wired Infrastructure,BOOSTS_REVENUE_OF,demand,demand,demand,positive,medium,0.9,True,,[48],explicit_tail,0d83d63bb8150a3b323e7cac,FY2025_Q3,Forecast/Guidance,,0,True,False,persistent,full_mainpanel,semi_infra_tooling,0ad112d8f8035cbf077f837e4c1fdbb99c3295f3b9a7c16eac3b35cd23938c08,85,included_in_public_release,author_created_derived_post_extraction_card,not_included_mixed_public_or_provider_access,not_redistributed_no_rights_grant,withheld_hash_locator_only
3690abacdf00d4f4b3bf,AVGO,FY2025_Q2,FY2025_Q3,b45acc0a91abeea3075770d3,603660d44901abbca98a143f,ledger_forward+shock_forward,event,Broadcom::Semiconductor Solutions,SUPPORTS_REVENUE_OF,demand,demand,demand,mixed,medium,0.9,True,,[49],explicit_tail,705fc3afd4db7009e387dc52,FY2025_Q3,Forecast/Guidance,0.5603838976272993,1,True,False,persistent,full_mainpanel,semi_infra_tooling,2739ef6fa32803543f6f93d9bab375087e26a37ea2d6783ba85ebe6aac417a99,75,included_in_public_release,author_created_derived_post_extraction_card,not_included_mixed_public_or_provider_access,not_redistributed_no_rights_grant,withheld_hash_locator_only
5fd3ef0ee21cfc7e5242,AVGO,FY2025_Q2,FY2025_Q3,18fccb2d5842525923963957,4e1bc6037fa5660ae45e7535,ledger_forward+shock_forward,event,Broadcom::Infrastructure Software,BOOSTS_REVENUE_OF,demand,demand,demand,positive,medium,0.95,True,,[56],explicit_tail,28687f68c432d2b0936d113a,FY2025_Q3,Forecast/Guidance,0.4396161023727006,2,True,False,persistent,full_mainpanel,semi_infra_tooling,f315c220acd1137dcb1adc65aa06f5cdf16571c046022c2208df66bea52cf8b0,102,included_in_public_release,author_created_derived_post_extraction_card,not_included_mixed_public_or_provider_access,not_redistributed_no_rights_grant,withheld_hash_locator_only
3accf88e9e078c7f585d,AVGO,FY2025_Q3,FY2025_Q4,135d2da850f41238e4d1a58d,6864e3e5336fe7db01bb711d,ledger_forward+shock_forward,claim,Broadcom::Semiconductor Solutions,DRIVES_DEMAND_FOR,demand,demand,demand,positive,high,1.0,True,explicit,[41],explicit_segment,8fbd0881ae952172d10229e5,FY2025_Q4,Forecast/Guidance,0.5745987963891676,1,True,False,persistent,full_mainpanel,semi_infra_tooling,c5b9fa3ee4522e6b1b291f8b94b474fd49693505112834d216a65f3790238671,297,included_in_public_release,author_created_derived_post_extraction_card,not_included_mixed_public_or_provider_access,not_redistributed_no_rights_grant,withheld_hash_locator_only
d441cf2fc2e166d329e1,AVGO,FY2025_Q3,FY2025_Q4,12040eb210f7fa0d38b2f126,1c9b16978b056348bef06a9d,ledger_forward+shock_forward,claim,Broadcom::Infrastructure Software,DRIVES_DEMAND_FOR,demand,product_transition,demand,positive,medium,1.0,False,explicit,[13],explicit_segment,d5ef3f62cdab47b094e96266,FY2025_Q4,Forecast/Guidance,0.4254012036108325,2,True,False,unknown,full_mainpanel,semi_infra_tooling,dec6808340076b50dfa41efd3e7d196c930e7548d866022434c0eeec988d26a9,106,included_in_public_release,author_created_derived_post_extraction_card,not_included_mixed_public_or_provider_access,not_redistributed_no_rights_grant,withheld_hash_locator_only
10501067e9c391ea6c02,AVGO,FY2025_Q3,FY2025_Q4,5ed10dedbc1f78cee0b56490,1167b9e08a55cd62fe189b28,ledger_forward+shock_forward,event,Broadcom::Semiconductor Solutions,LIMITS_REVENUE_OF,demand,demand,demand,negative,medium,0.95,True,,[60],explicit_tail,705fc3afd4db7009e387dc52,FY2025_Q4,Forecast/Guidance,0.5745987963891676,1,True,False,persistent,full_mainpanel,semi_infra_tooling,db91335920b6294694fd7cc340b85890b59da1b9af0ae36b0793790869d605e1,460,included_in_public_release,author_created_derived_post_extraction_card,not_included_mixed_public_or_provider_access,not_redistributed_no_rights_grant,withheld_hash_locator_only
7d813a15dc4e39ca734d,GOOGL,FY2018_Q4,FY2019_Q1,e4c2b220f73eb3f5a6108a87,58d8bd2c3ad28d02847a722b,ledger_forward+shock_forward,event,Alphabet::Google,LIMITS_REVENUE_OF,macro,macro,regulation_macro,negative,high,1.0,True,,[76],explicit_tail,e8ead3e57b4a173acba45c1d,FY2019_Q1,Forecast/Guidance,0.9960790304511661,1,True,False,persistent,full_mainpanel,cloud_platform_ads,536ed228db70329b5a626d05986b3a8660474437df7a75653b6f92b4c7ab96c9,207,included_in_public_release,author_created_derived_post_extraction_card,not_included_mixed_public_or_provider_access,not_redistributed_no_rights_grant,withheld_hash_locator_only
35edaccc13a20a7d6620,GOOGL,FY2019_Q1,FY2019_Q2,a38b903ef88a03004e60ef0f,e602f09f2718b754dc4d75b2,ledger_forward+shock_forward,claim,Alphabet::Google Services,BOOSTS_REVENUE_OF,product_transition,product_transition,product_transition,positive,medium,0.95,True,explicit,[42],explicit_segment,933da3667a4841b576f9ffea,FY2019_Q2,Forecast/Guidance,,0,True,False,persistent,full_mainpanel,cloud_platform_ads,5984b6c8cd87f78d81558f90ef2b43efbaaf26670fe31964299d5398900fc8fc,240,included_in_public_release,author_created_derived_post_extraction_card,not_included_mixed_public_or_provider_access,not_redistributed_no_rights_grant,withheld_hash_locator_only
609f16afed65087ebfd3,GOOGL,FY2019_Q1,FY2019_Q2,97cb765795f7c46c5535eabb,07d80ae528149417098fb939,ledger_forward+shock_forward,claim,Alphabet::Google,BOOSTS_REVENUE_OF,demand,demand,demand,positive,medium,0.9,False,explicit,[59],explicit_segment,6228b69ea407926e9fbe80af,FY2019_Q2,Forecast/Guidance,0.995321830540191,1,True,False,unknown,full_mainpanel,cloud_platform_ads,446ac238fd7cbec86e698ac1bc14251490c5004556c1fb33584bdf94dbe13023,118,included_in_public_release,author_created_derived_post_extraction_card,not_included_mixed_public_or_provider_access,not_redistributed_no_rights_grant,withheld_hash_locator_only
0e2506e3eec6f72697d1,GOOGL,FY2019_Q1,FY2019_Q2,0366f0bcbd4af64d3aca4df3,62313028b7da45f1cc298df5,ledger_forward+shock_forward,event,Alphabet::Google,LIMITS_REVENUE_OF,macro,macro,regulation_macro,negative,medium,0.95,True,,[80],explicit_tail,e8ead3e57b4a173acba45c1d,FY2019_Q2,Forecast/Guidance,0.995321830540191,1,True,False,persistent,full_mainpanel,cloud_platform_ads,a279569557dfca65b7e1ac913dd96dcc824802628f90151ed7fcbca0c64eb3a5,183,included_in_public_release,author_created_derived_post_extraction_card,not_included_mixed_public_or_provider_access,not_redistributed_no_rights_grant,withheld_hash_locator_only
e532bf6384ea93a764cd,GOOGL,FY2019_Q4,FY2020_Q1,62021b1225d5f37fc9f948f3,89092639b00643d1d9dcc0bb,ledger_forward+shock_forward,claim,Alphabet::Google Cloud,DRIVES_DEMAND_FOR,demand,product_transition,demand,positive,medium,1.0,True,explicit,[29],explicit_segment,3e21cbf8474fd06c9016917f,FY2020_Q1,Forecast/Guidance,,0,True,False,persistent,full_mainpanel,cloud_platform_ads,d6e27410be8d4a1e4a616f3d0f5eb85054e819fc6a435ee1af3e5df7d5fa515c,134,included_in_public_release,author_created_derived_post_extraction_card,not_included_mixed_public_or_provider_access,not_redistributed_no_rights_grant,withheld_hash_locator_only
2a95bea99c3ef79eb039,GOOGL,FY2019_Q4,FY2020_Q1,e6f716aaf0a27534e9262048,7e767b647d2fa9b35613041c,ledger_forward+shock_forward,claim,Alphabet::Google Cloud,INCREASES_SPEND_ON,demand,demand,demand,positive,high,1.0,True,explicit,[19],explicit_segment,121d8c22512b6c548501b05c,FY2020_Q1,Forecast/Guidance,,0,True,False,persistent,full_mainpanel,cloud_platform_ads,bfa08eebda9d12bd3e786d91bea1212c53db51b5075966e50d6aafa34aa475e7,54,included_in_public_release,author_created_derived_post_extraction_card,not_included_mixed_public_or_provider_access,not_redistributed_no_rights_grant,withheld_hash_locator_only
3717b9ac8768cccae4a4,GOOGL,FY2019_Q4,FY2020_Q1,72fac7bc159629996cca5e1c,c09420867e7b7f0b1682463d,ledger_forward+shock_forward,claim,Alphabet::Google Services,INCREASES_SPEND_ON,product_transition,product_transition,product_transition,positive,medium,1.0,False,explicit,[32],explicit_segment,ac5f00a3f9e1d8893903892d,FY2020_Q1,Forecast/Guidance,,0,True,False,unknown,full_mainpanel,cloud_platform_ads,9f710b0ff78c312bd9b078298d68526d6ae2d761bd0e7f25fd9875380c58727c,47,included_in_public_release,author_created_derived_post_extraction_card,not_included_mixed_public_or_provider_access,not_redistributed_no_rights_grant,withheld_hash_locator_only
a64a5082b411aecf61b5,GOOGL,FY2019_Q4,FY2020_Q1,b261af32920d5daf78492f05,635574898e6e9f7fe1123ca8,ledger_forward+shock_forward,claim,Alphabet::Google Services,DRIVES_DEMAND_FOR,demand,product_transition,demand,positive,medium,1.0,True,explicit,[30],explicit_segment,89f7121e5aeb9cf416d2a86c,FY2020_Q1,Forecast/Guidance,,0,True,False,persistent,full_mainpanel,cloud_platform_ads,b4ed1f06fb938c0d381d5a037900563a8b9f8ad96d6873ced37adb6b83472a42,198,included_in_public_release,author_created_derived_post_extraction_card,not_included_mixed_public_or_provider_access,not_redistributed_no_rights_grant,withheld_hash_locator_only
e35b97f6f0966fa75279,GOOGL,FY2020_Q1,FY2020_Q2,db905daec180f7a45d129a22,32d742ee9724a83e3de258f6,ledger_forward+shock_forward,claim,Alphabet::Google Services,BOOSTS_REVENUE_OF,demand,demand,demand,positive,medium,0.9,True,explicit,[50],explicit_segment,2485c07ceb4dda7c2da80d77,FY2020_Q2,Forecast/Guidance,,0,True,False,persistent,full_mainpanel,cloud_platform_ads,9edf6cc4484f27103a5429eaf4d12fcf354702dafdead3ac6249375ea1bf5262,138,included_in_public_release,author_created_derived_post_extraction_card,not_included_mixed_public_or_provider_access,not_redistributed_no_rights_grant,withheld_hash_locator_only
243bee9dfdac8d4d3d52,GOOGL,FY2020_Q1,FY2020_Q2,8f420a9634c2608c0fe5f502,5c842e8c630bc1d372d0d1e9,ledger_forward+shock_forward,claim,Alphabet::Google Cloud,BOOSTS_REVENUE_OF,demand,demand,demand,positive,medium,0.9,True,explicit,[53],explicit_segment,a156bc09d21faab036a373e3,FY2020_Q2,Forecast/Guidance,,0,True,False,persistent,full_mainpanel,cloud_platform_ads,71cbf41c0d4da8fd2063597d691869cd867aa6935317eb6a68f3409ddc1e7c81,87,included_in_public_release,author_created_derived_post_extraction_card,not_included_mixed_public_or_provider_access,not_redistributed_no_rights_grant,withheld_hash_locator_only
a29553af4ba5b1abdaa2,GOOGL,FY2020_Q1,FY2020_Q2,6d92f7ad9e6f7112932d2843,eb42604c3c4d71ac0cdc9011,ledger_forward+shock_forward,event,Alphabet::Google,LIMITS_REVENUE_OF,macro,macro,regulation_macro,negative,high,1.0,True,,[29],explicit_tail,e8ead3e57b4a173acba45c1d,FY2020_Q2,Forecast/Guidance,0.9955295318156417,1,True,False,persistent,full_mainpanel,cloud_platform_ads,fbe121346a9b0b74952de3745587e83bf0c314a7fa7ae8e004085ad09f651e63,276,included_in_public_release,author_created_derived_post_extraction_card,not_included_mixed_public_or_provider_access,not_redistributed_no_rights_grant,withheld_hash_locator_only
130fbbdc67d9aa9b0fc7,GOOGL,FY2020_Q1,FY2020_Q2,0f070126dbee7a769ca2dd22,88d2c17fd348eaf4c0570563,ledger_forward+shock_forward,event,Alphabet::Google,LIMITS_REVENUE_OF,demand,demand,demand,negative,medium,1.0,True,,[61],explicit_tail,e8ead3e57b4a173acba45c1d,FY2020_Q2,Forecast/Guidance,0.9955295318156417,1,True,False,persistent,full_mainpanel,cloud_platform_ads,94267061f2961c208602aaf9487eadb60b1458ab5b147103ac200c69b39b1a90,84,included_in_public_release,author_created_derived_post_extraction_card,not_included_mixed_public_or_provider_access,not_redistributed_no_rights_grant,withheld_hash_locator_only
5535e61a9a6f83864d58,GOOGL,FY2020_Q2,FY2020_Q3,b2d75f723e38299cdee47b6b,91fb70b5ef9783ba1f3c06d0,ledger_forward,event,UNKNOWN,LIMITS_REVENUE_OF,macro,macro,regulation_macro,negative,high,0.95,True,,[13],unresolved,da5fa8ea7c99d09b043049fb,FY2020_Q3,Forecast/Guidance,,0,True,False,persistent,full_mainpanel,cloud_platform_ads,cad60da551fcc44889e807a2626b5f71a660b29d7f9c81644e94cfbc643f80f3,88,included_in_public_release,author_created_derived_post_extraction_card,not_included_mixed_public_or_provider_access,not_redistributed_no_rights_grant,withheld_hash_locator_only
e6e45091fe71a7f4307c,GOOGL,FY2020_Q2,FY2020_Q3,c4282a7b40bc9f72588f45f8,c026c600913206ff435a307e,ledger_forward,event,UNKNOWN,BOOSTS_REVENUE_OF,demand,demand,demand,positive,medium,0.9,True,,[25],unresolved,da5fa8ea7c99d09b043049fb,FY2020_Q3,Forecast/Guidance,,0,True,False,persistent,full_mainpanel,cloud_platform_ads,ce714e0cdf056b58787481a572b973f226e39bec1e2f19fd8539520aa3e70ee6,174,included_in_public_release,author_created_derived_post_extraction_card,not_included_mixed_public_or_provider_access,not_redistributed_no_rights_grant,withheld_hash_locator_only
c28cf5d81b7f86f42369,GOOGL,FY2020_Q2,FY2020_Q3,9feebb82c59180e2d3590af3,bfa54bcfc608b4046e4f9253,ledger_forward+shock_forward,event,Alphabet::Google Cloud,BOOSTS_REVENUE_OF,demand,demand,demand,positive,high,0.95,True,,[25],explicit_tail,c4327e3b6263e37ba463065c,FY2020_Q3,Forecast/Guidance,,0,True,False,persistent,full_mainpanel,cloud_platform_ads,ce714e0cdf056b58787481a572b973f226e39bec1e2f19fd8539520aa3e70ee6,174,included_in_public_release,author_created_derived_post_extraction_card,not_included_mixed_public_or_provider_access,not_redistributed_no_rights_grant,withheld_hash_locator_only
d5f1f6eec516b37fcbdb,GOOGL,FY2020_Q2,FY2020_Q3,44437b681886a940b536d800,cc91fb84a73931bf73af255a,ledger_forward+shock_forward,event,Alphabet::Google Services,BOOSTS_REVENUE_OF,demand,demand,demand,positive,medium,0.95,True,,[83],explicit_tail,c3d667045e0b346a9ecba00b,FY2020_Q3,Forecast/Guidance,,0,True,False,persistent,full_mainpanel,cloud_platform_ads,14ff4d27de03e418861719b109073da952d9b53bfe5e6135744986d77035c5a4,189,included_in_public_release,author_created_derived_post_extraction_card,not_included_mixed_public_or_provider_access,not_redistributed_no_rights_grant,withheld_hash_locator_only
db1a647330accc9e0f98,GOOGL,FY2020_Q3,FY2020_Q4,449e28a604cdec4b661321a3,082de412554b717158b8df28,ledger_forward+shock_forward,claim,Alphabet::Google Services,BOOSTS_REVENUE_OF,product_transition,product_transition,product_transition,positive,medium,0.85,False,explicit,[26],explicit_segment,920e2e511631c262d722bfdb,FY2020_Q4,Forecast/Guidance,,0,True,False,unknown,full_mainpanel,cloud_platform_ads,3272c9e058f16427a3cfa459d19582c1e7626f860f5e0b3b4eac340d03e631a6,105,included_in_public_release,author_created_derived_post_extraction_card,not_included_mixed_public_or_provider_access,not_redistributed_no_rights_grant,withheld_hash_locator_only
abab389251adeb0dfe40,GOOGL,FY2020_Q4,FY2021_Q1,ba8808caddd678f8575501cd,d485e7beeaf835be75afccdf,ledger_forward+shock_forward,claim,Alphabet::Google Cloud,SUPPORTS_REVENUE_OF,product_transition,product_transition,product_transition,positive,medium,0.95,True,explicit,[36],explicit_segment,37d9e84c40a5e5187d1211d6,FY2021_Q1,Forecast/Guidance,,0,True,False,persistent,full_mainpanel,cloud_platform_ads,c1702b720eaca09aee8a3f66f73cb25a8f0b93b79e60c2a25398ece33e3c0f05,101,included_in_public_release,author_created_derived_post_extraction_card,not_included_mixed_public_or_provider_access,not_redistributed_no_rights_grant,withheld_hash_locator_only
295aead2770eff6f088a,GOOGL,FY2020_Q4,FY2021_Q1,b814f4ca53b00e36552be43b,a316be1d49eaebc77ae99ada,ledger_forward+shock_forward,event,Alphabet::Google Services,LIMITS_REVENUE_OF,revenue_limit,other,revenue_boost_limit,negative,medium,1.0,True,,[76],explicit_tail,c3d667045e0b346a9ecba00b,FY2021_Q1,Forecast/Guidance,,0,True,False,persistent,full_mainpanel,cloud_platform_ads,01bd302e6a93f44dfebe4a77890888a0722268ad9e44eea94f3b41f552fc374c,155,included_in_public_release,author_created_derived_post_extraction_card,not_included_mixed_public_or_provider_access,not_redistributed_no_rights_grant,withheld_hash_locator_only
fefa7e72bf828d181b95,GOOGL,FY2021_Q2,FY2021_Q3,f994cbed478090ac0e8ed503,dc92296e7291a82fa6410784,ledger_forward+shock_forward,event,Alphabet::Google Services,BOOSTS_REVENUE_OF,demand,demand,demand,positive,medium,0.9,True,,[71],explicit_tail,c3d667045e0b346a9ecba00b,FY2021_Q3,Forecast/Guidance,0.9222204266321914,1,True,False,persistent,full_mainpanel,cloud_platform_ads,fe9c0c4ffec4d0c1cde99765e4f667ea0586c716ee53f5a4a739e3efad6f84a5,213,included_in_public_release,author_created_derived_post_extraction_card,not_included_mixed_public_or_provider_access,not_redistributed_no_rights_grant,withheld_hash_locator_only
9908d692b5b4f7cb1aed,GOOGL,FY2021_Q2,FY2021_Q3,a60844ee1073b5448c4da618,d0b692fe708a729c784de9b0,ledger_forward,event,UNKNOWN,BOOSTS_REVENUE_OF,revenue_boost,other,revenue_boost_limit,positive,low,0.85,True,,[76],unresolved,dc04cd2888bcbbe3b9772858,FY2021_Q3,Forecast/Guidance,,0,True,False,persistent,full_mainpanel,cloud_platform_ads,974df94191d13ed8a0c732f780ed75f982fb14f858b334b80abc7d06d0def414,147,included_in_public_release,author_created_derived_post_extraction_card,not_included_mixed_public_or_provider_access,not_redistributed_no_rights_grant,withheld_hash_locator_only
77af7f76a69865b17d6e,GOOGL,FY2021_Q3,FY2021_Q4,eeaf520efba4aa4b01ad75f5,17922c27e601932af9525461,ledger_forward+shock_forward,claim,Alphabet::Google Services,DRIVES_DEMAND_FOR,demand,product_transition,demand,positive,medium,1.0,True,explicit,[12],explicit_segment,4c5a53129b8fd88ae4eda8f1,FY2021_Q4,Forecast/Guidance,0.9196228385392672,1,True,False,persistent,full_mainpanel,cloud_platform_ads,ddcebff82602371d80cc32ca120906ca5caad4513fbe5dee5ae6b65d2f7201f0,141,included_in_public_release,author_created_derived_post_extraction_card,not_included_mixed_public_or_provider_access,not_redistributed_no_rights_grant,withheld_hash_locator_only
8b00446366ed1b46d053,GOOGL,FY2021_Q3,FY2021_Q4,27a67a23076c492d0c4256d0,8bef9bcdf7cbaa559ea0ce4a,ledger_forward+shock_forward,claim,Alphabet::Google,DRIVES_DEMAND_FOR,demand,product_transition,demand,positive,high,1.0,True,explicit,[130],explicit_segment,66aea4b8b9f8bc8530bbe896,FY2021_Q4,Forecast/Guidance,,0,True,False,persistent,full_mainpanel,cloud_platform_ads,3438095ac665d07eb5c988beff064496078127ccc5f021d5fec97f05a232623f,112,included_in_public_release,author_created_derived_post_extraction_card,not_included_mixed_public_or_provider_access,not_redistributed_no_rights_grant,withheld_hash_locator_only
f95e7e6c6aef1404dca9,GOOGL,FY2021_Q3,FY2021_Q4,ea719639e99d1abda7fd7697,3bc2355b3a403a7e91306505,ledger_forward+shock_forward,claim,Alphabet::Google Services,SUPPORTS_REVENUE_OF,regulation,regulation,regulation_macro,positive,medium,1.0,True,explicit,[134],explicit_segment,bc78650b4c3e80ffbe59f2d3,FY2021_Q4,Forecast/Guidance,0.9196228385392672,1,True,False,persistent,full_mainpanel,cloud_platform_ads,bbdd777a1a2fb4c6e5a1e028a16ed411f2090fd1707d950f932adf002ba19e1d,110,included_in_public_release,author_created_derived_post_extraction_card,not_included_mixed_public_or_provider_access,not_redistributed_no_rights_grant,withheld_hash_locator_only
c6320f2b7aa3cd8b862d,GOOGL,FY2021_Q3,FY2021_Q4,0f3cc28cfd084b4000f8f164,817633cf0c6e65e8dc493be8,ledger_forward+shock_forward,event,Alphabet::Google Services,LIMITS_REVENUE_OF,demand,demand,demand,negative,medium,0.95,True,,[200],explicit_tail,c3d667045e0b346a9ecba00b,FY2021_Q4,Forecast/Guidance,0.9196228385392672,1,True,False,persistent,full_mainpanel,cloud_platform_ads,3ae9f8e5ba997100f080a5f37a67a26ffa982441a07834ee52565a8b27af2ed9,176,included_in_public_release,author_created_derived_post_extraction_card,not_included_mixed_public_or_provider_access,not_redistributed_no_rights_grant,withheld_hash_locator_only
095d5691ff0cd6777f06,GOOGL,FY2021_Q3,FY2021_Q4,056425b69e6901116ac5e33b,03968f9ca8be5389b3a5339f,ledger_forward+shock_forward,event,Alphabet::Google Services,BOOSTS_REVENUE_OF,demand,demand,demand,positive,medium,0.95,True,,[201],explicit_tail,c3d667045e0b346a9ecba00b,FY2021_Q4,Forecast/Guidance,0.9196228385392672,1,True,False,persistent,full_mainpanel,cloud_platform_ads,16d4e625ff9efea0ddf80c8705de06b8c5241ba376978dbe3fc0b7fe77bd18ee,218,included_in_public_release,author_created_derived_post_extraction_card,not_included_mixed_public_or_provider_access,not_redistributed_no_rights_grant,withheld_hash_locator_only
5637f989d7e340f97dc2,GOOGL,FY2021_Q3,FY2021_Q4,3efa8c575719cd945b3d581a,2c6c621fe6fd080589a99c3a,ledger_forward+shock_forward,event,Alphabet::Google Services,LIMITS_REVENUE_OF,pricing,pricing,pricing_margin,negative,low,0.9,True,,[203],explicit_tail,c3d667045e0b346a9ecba00b,FY2021_Q4,Forecast/Guidance,0.9196228385392672,1,True,False,persistent,full_mainpanel,cloud_platform_ads,fc9b4375945973a81d517b8701387992a1563a94db7f3e991a3d6253b473e31f,130,included_in_public_release,author_created_derived_post_extraction_card,not_included_mixed_public_or_provider_access,not_redistributed_no_rights_grant,withheld_hash_locator_only
40fa97612f5ddd002ecd,GOOGL,FY2021_Q4,FY2022_Q1,e9826ef5e64c48829e08172c,97a04b81d56608e9b8fcf617,ledger_forward,event,UNKNOWN,LIMITS_REVENUE_OF,macro,macro,regulation_macro,negative,medium,1.0,True,,[213],unresolved,da5fa8ea7c99d09b043049fb,FY2022_Q1,Forecast/Guidance,,0,True,False,persistent,full_mainpanel,cloud_platform_ads,bf62278991d3e2972475e5ee3965e6e6b4d7554538950c819f37ecaf12f70ace,150,included_in_public_release,author_created_derived_post_extraction_card,not_included_mixed_public_or_provider_access,not_redistributed_no_rights_grant,withheld_hash_locator_only
7851e41f6a90bf9931c4,GOOGL,FY2022_Q1,FY2022_Q2,106ce49b61599337ce771ace,9d891439f37d15b743194b2d,ledger_forward+shock_forward,claim,Alphabet::Google Services,DRIVES_DEMAND_FOR,demand,demand,demand,positive,medium,0.9,True,explicit,[18],explicit_segment,13c6ee9fc05d7e122ad9fe78,FY2022_Q2,Forecast/Guidance,0.9038537883577656,1,True,False,persistent,full_mainpanel,cloud_platform_ads,a3d607bbb6f51acd42027612c84b37aa28d955502ae58913400f14c91626c9ff,173,included_in_public_release,author_created_derived_post_extraction_card,not_included_mixed_public_or_provider_access,not_redistributed_no_rights_grant,withheld_hash_locator_only
a52093a3dbc1b7babf48,GOOGL,FY2022_Q1,FY2022_Q2,352581f2027bbd87fe74f177,e1c8e8398b29610dbea9ff30,ledger_forward+shock_forward,event,Alphabet::Google Services,LIMITS_REVENUE_OF,macro,macro,regulation_macro,negative,high,1.0,True,,[234],explicit_tail,c3d667045e0b346a9ecba00b,FY2022_Q2,Forecast/Guidance,0.9038537883577656,1,True,False,persistent,full_mainpanel,cloud_platform_ads,727b960cbe38ce85f1f1c6a5dfe4ec5a05a60654264b65d25b66041b40cd6101,44,included_in_public_release,author_created_derived_post_extraction_card,not_included_mixed_public_or_provider_access,not_redistributed_no_rights_grant,withheld_hash_locator_only
4f1a507b0d65ca5dd6b6,GOOGL,FY2022_Q1,FY2022_Q2,98cec3fb1be87b80401b6b8c,5c664f3fc1bbb8e8a45101a8,ledger_forward+shock_forward,event,Alphabet::Google Services,LIMITS_REVENUE_OF,geopolitics,geopolitics,regulation_macro,negative,medium,1.0,True,,[199],explicit_tail,c3d667045e0b346a9ecba00b,FY2022_Q2,Forecast/Guidance,0.9038537883577656,1,True,False,persistent,full_mainpanel,cloud_platform_ads,e029c079e41c3c95e697be4991c86725d3416c4907b2246dc78449eeac38f701,141,included_in_public_release,author_created_derived_post_extraction_card,not_included_mixed_public_or_provider_access,not_redistributed_no_rights_grant,withheld_hash_locator_only
076449c9b6380a33b4f2,GOOGL,FY2022_Q2,FY2022_Q3,54daddb5aad6a88d99db760a,806084ebcb819176c6072938,ledger_forward+shock_forward,claim,Alphabet::Google,SUPPORTS_REVENUE_OF,product_transition,product_transition,product_transition,positive,medium,0.9,True,explicit,[13],explicit_segment,fa83260659887d3d00162429,FY2022_Q3,Forecast/Guidance,,0,True,False,persistent,full_mainpanel,cloud_platform_ads,0cd7d0cb0b8c6d49265f218f1e468e8325e0dc558e05461000566f6b7547494d,148,included_in_public_release,author_created_derived_post_extraction_card,not_included_mixed_public_or_provider_access,not_redistributed_no_rights_grant,withheld_hash_locator_only
e5872ec7627b234392a5,GOOGL,FY2022_Q2,FY2022_Q3,cd30358a1a95d31ada337d54,1a98b407d1bb8bea8d2f6751,ledger_forward+shock_forward,event,Alphabet::Google Services,LIMITS_REVENUE_OF,revenue_limit,other,revenue_boost_limit,negative,medium,0.9,False,,[166],explicit_tail,c3d667045e0b346a9ecba00b,FY2022_Q3,Forecast/Guidance,0.9017866111788764,1,True,False,unknown,full_mainpanel,cloud_platform_ads,136062c10829a3e24e28b87f56ff5c5d56f0d7b5825afc1fe28a5925e9b29b99,157,included_in_public_release,author_created_derived_post_extraction_card,not_included_mixed_public_or_provider_access,not_redistributed_no_rights_grant,withheld_hash_locator_only
fb5e7bc73a788fd50c10,GOOGL,FY2022_Q2,FY2022_Q3,e44d0bd55dba6be732fab27e,c987be275732d6fc4d1e6891,ledger_forward+shock_forward,event,Alphabet::Google Services,LIMITS_REVENUE_OF,pricing,pricing,pricing_margin,negative,medium,0.95,False,,[198],explicit_tail,c3d667045e0b346a9ecba00b,FY2022_Q3,Forecast/Guidance,0.9017866111788764,1,True,False,unknown,full_mainpanel,cloud_platform_ads,64f44a7e1daf80e3afe3462d8c09130c63f3eaf61be37dfe3353821886088cb4,171,included_in_public_release,author_created_derived_post_extraction_card,not_included_mixed_public_or_provider_access,not_redistributed_no_rights_grant,withheld_hash_locator_only
85e28f7f021d0bc0e3d8,GOOGL,FY2022_Q2,FY2022_Q3,87bc11493664a3bd2e5907db,e7e634fc1f33e90d9667a89a,ledger_forward+shock_forward,event,Alphabet::Google Services,LIMITS_REVENUE_OF,demand,demand,demand,negative,medium,0.95,False,,[198],explicit_tail,c3d667045e0b346a9ecba00b,FY2022_Q3,Forecast/Guidance,0.9017866111788764,1,True,False,unknown,full_mainpanel,cloud_platform_ads,64f44a7e1daf80e3afe3462d8c09130c63f3eaf61be37dfe3353821886088cb4,171,included_in_public_release,author_created_derived_post_extraction_card,not_included_mixed_public_or_provider_access,not_redistributed_no_rights_grant,withheld_hash_locator_only
dd01c08abc2d21f8e83d,GOOGL,FY2022_Q2,FY2022_Q3,2e89b15e8d02ee0b07452449,0ae24cb77e866990550606b6,ledger_forward,event,UNKNOWN,LIMITS_REVENUE_OF,macro,macro,regulation_macro,negative,high,1.0,False,,[203],unresolved,dc04cd2888bcbbe3b9772858,FY2022_Q3,Forecast/Guidance,,0,True,False,unknown,full_mainpanel,cloud_platform_ads,f49ed2d3ccf4d3d75e6ed08914e216e16407d61ce2515ecade95a9068b567b71,145,included_in_public_release,author_created_derived_post_extraction_card,not_included_mixed_public_or_provider_access,not_redistributed_no_rights_grant,withheld_hash_locator_only
60da25e1fdd05c95817c,GOOGL,FY2022_Q3,FY2022_Q4,e48bf9bee76ea2d38002413b,427de0559914ee2079f8fcfc,ledger_forward+shock_forward,claim,Alphabet::Google Services,BOOSTS_REVENUE_OF,revenue_boost,other,revenue_boost_limit,positive,medium,0.9,True,explicit,[30],explicit_segment,9168cf433459fdd98392c2e1,FY2022_Q4,Forecast/Guidance,0.8883372894112198,1,True,False,persistent,full_mainpanel,cloud_platform_ads,3983aa160cd7cfc7cac638d44062c1c4552f6aed419aaa0b088ae1fb73e42204,190,included_in_public_release,author_created_derived_post_extraction_card,not_included_mixed_public_or_provider_access,not_redistributed_no_rights_grant,withheld_hash_locator_only
ce302adedd5306727b6f,GOOGL,FY2022_Q3,FY2022_Q4,97b44640521090a6215a15a1,c8dc8872528f30d9bc2399c8,ledger_forward+shock_forward,event,Alphabet::Google,LIMITS_REVENUE_OF,revenue_limit,other,revenue_boost_limit,negative,medium,1.0,True,,[21],explicit_tail,e8ead3e57b4a173acba45c1d,FY2022_Q4,Forecast/Guidance,,0,True,False,persistent,full_mainpanel,cloud_platform_ads,ad521c8e7616c5e9b32cea5971bb8a62477826237a0adb1bac8d675038f592ff,63,included_in_public_release,author_created_derived_post_extraction_card,not_included_mixed_public_or_provider_access,not_redistributed_no_rights_grant,withheld_hash_locator_only
889862f712d9877b8659,GOOGL,FY2022_Q3,FY2022_Q4,263ec27d2f864cdde1ccab4a,259f57e8efa3b2d0eabf5187,ledger_forward+shock_forward,event,Alphabet::Google Services,LIMITS_REVENUE_OF,macro,macro,regulation_macro,negative,high,1.0,True,,[203],explicit_tail,c3d667045e0b346a9ecba00b,FY2022_Q4,Forecast/Guidance,0.8883372894112198,1,True,False,persistent,full_mainpanel,cloud_platform_ads,39ff3e5ec28c5e9c663441f0023c08165551cc16995932790a5fc7ae29246d68,146,included_in_public_release,author_created_derived_post_extraction_card,not_included_mixed_public_or_provider_access,not_redistributed_no_rights_grant,withheld_hash_locator_only
707e197f71a0589c21e7,GOOGL,FY2022_Q3,FY2022_Q4,bdc918474c2f36ccd424581e,7fb2175c88181f33f1f63b58,ledger_forward+shock_forward,event,Alphabet::Google Services,LIMITS_REVENUE_OF,demand,demand,demand,negative,medium,1.0,True,,[211],explicit_tail,c3d667045e0b346a9ecba00b,FY2022_Q4,Forecast/Guidance,0.8883372894112198,1,True,False,persistent,full_mainpanel,cloud_platform_ads,fbab457caaea8dcda7f63bd8ab12b509ded58288471a6f3d255ce854f3eee7b7,236,included_in_public_release,author_created_derived_post_extraction_card,not_included_mixed_public_or_provider_access,not_redistributed_no_rights_grant,withheld_hash_locator_only
abac142b800924220a65,GOOGL,FY2022_Q4,FY2023_Q1,e4e8f398e94b283e8f01437e,a87b64758e371d56b8b29e49,ledger_forward+shock_forward,claim,Alphabet::Google Services,BOOSTS_REVENUE_OF,demand,demand,demand,positive,high,1.0,True,explicit,[131],explicit_segment,5ec9e82d9e61b662fca7d301,FY2023_Q1,Forecast/Guidance,0.8920418682937092,1,True,False,persistent,full_mainpanel,cloud_platform_ads,bf9eca6b4c4affe135dced0ab7d9f675fcde55e59940e65bbace29fb71681551,231,included_in_public_release,author_created_derived_post_extraction_card,not_included_mixed_public_or_provider_access,not_redistributed_no_rights_grant,withheld_hash_locator_only
cfe91837a820f74991ea,GOOGL,FY2022_Q4,FY2023_Q1,5a17c0aa985f94f3b2bdd22e,b214edddd963825a3ccaa348,ledger_forward+shock_forward,claim,Alphabet::Google Services,BOOSTS_REVENUE_OF,product_transition,product_transition,product_transition,positive,medium,0.9,True,explicit,[14],explicit_segment,7c382de86b9061bac150dd64,FY2023_Q1,Forecast/Guidance,0.8920418682937092,1,True,False,persistent,full_mainpanel,cloud_platform_ads,fecbbbe300a950a4932f04e395b25f8eee1a0793fc02b9785b9b1595e96b300c,125,included_in_public_release,author_created_derived_post_extraction_card,not_included_mixed_public_or_provider_access,not_redistributed_no_rights_grant,withheld_hash_locator_only
4e4a0c9f3dd7c2b43c01,GOOGL,FY2022_Q4,FY2023_Q1,ac916aa49e57a4cb39a9f705,d71e7fa3e4ca3cf15e2f1a66,ledger_forward+shock_forward,event,Alphabet::Google Services,LIMITS_REVENUE_OF,demand,demand,demand,negative,medium,0.95,True,,[18],explicit_tail,c3d667045e0b346a9ecba00b,FY2023_Q1,Forecast/Guidance,0.8920418682937092,1,True,False,persistent,full_mainpanel,cloud_platform_ads,36477a53e9e63b36e8c376ea77365c04b35d0bd4863f0ce2e5c4b66ea5b0ef44,117,included_in_public_release,author_created_derived_post_extraction_card,not_included_mixed_public_or_provider_access,not_redistributed_no_rights_grant,withheld_hash_locator_only
e2df75b3d4cf8ee37a44,GOOGL,FY2022_Q4,FY2023_Q1,f34f922190de5f8264d37f3c,4b44f59d8095bf3978c756d0,ledger_forward,event,UNKNOWN,LIMITS_REVENUE_OF,revenue_limit,other,revenue_boost_limit,negative,medium,0.9,True,,[64],unresolved,dc04cd2888bcbbe3b9772858,FY2023_Q1,Forecast/Guidance,,0,True,False,persistent,full_mainpanel,cloud_platform_ads,cea17268f3573ecb20b71f7e88685af67d340d3e00f4d4e3a5de4982c050ebfb,212,included_in_public_release,author_created_derived_post_extraction_card,not_included_mixed_public_or_provider_access,not_redistributed_no_rights_grant,withheld_hash_locator_only
6dd3f8d188333dce2876,GOOGL,FY2023_Q1,FY2023_Q2,35bdf79f312ccbb62541f50c,23fbd8ab48cfd5db98590500,ledger_forward+shock_forward,event,Alphabet::Google Services,BOOSTS_REVENUE_OF,macro,macro,regulation_macro,positive,medium,1.0,True,,[205],explicit_tail,c3d667045e0b346a9ecba00b,FY2023_Q2,Forecast/Guidance,0.887858770258071,1,True,False,persistent,full_mainpanel,cloud_platform_ads,34cb3d93646e944a7e9fe7f9128108d133eb3cf3906b0b763b829213babb3e09,143,included_in_public_release,author_created_derived_post_extraction_card,not_included_mixed_public_or_provider_access,not_redistributed_no_rights_grant,withheld_hash_locator_only
5c764a3a47cbfeaa46d8,GOOGL,FY2023_Q2,FY2023_Q3,83fc0bb0b7549480bb1ed267,6e9cad295aa3282320a74f1e,ledger_forward+shock_forward,event,Alphabet::Google Services,LIMITS_REVENUE_OF,product_transition,product_transition,product_transition,negative,high,1.0,True,,[244],explicit_tail,c3d667045e0b346a9ecba00b,FY2023_Q3,Forecast/Guidance,0.88849123371401,1,True,False,persistent,full_mainpanel,cloud_platform_ads,86373f90cb0e77ff44ab9a0faebf2d6827cf85023d7524bff70e0b1865eb4381,322,included_in_public_release,author_created_derived_post_extraction_card,not_included_mixed_public_or_provider_access,not_redistributed_no_rights_grant,withheld_hash_locator_only
79905fdf55ad0b0ed26b,GOOGL,FY2023_Q3,FY2023_Q4,e7ddaa9a75e906feab2a4dbb,9e371371f2a755bb6bf12c8d,ledger_forward+shock_forward,event,Alphabet::Google Services,BOOSTS_REVENUE_OF,product_transition,product_transition,product_transition,positive,medium,0.95,True,,[208],explicit_tail,c3d667045e0b346a9ecba00b,FY2023_Q4,Forecast/Guidance,0.8864694300653254,1,True,False,persistent,full_mainpanel,cloud_platform_ads,c91f65bfdecf74cd9a50ebc9b9345e6cb58f23905a7d73709d36566a3de6e6a9,190,included_in_public_release,author_created_derived_post_extraction_card,not_included_mixed_public_or_provider_access,not_redistributed_no_rights_grant,withheld_hash_locator_only
68a7828c5715b1d1053d,GOOGL,FY2023_Q3,FY2023_Q4,7f282bea2d41c9b36360ae60,7baa88ad0ab8d570c525f8f0,ledger_forward+shock_forward,event,Alphabet::Google Services,LIMITS_REVENUE_OF,product_transition,product_transition,product_transition,negative,medium,0.95,True,,[210],explicit_tail,c3d667045e0b346a9ecba00b,FY2023_Q4,Forecast/Guidance,0.8864694300653254,1,True,False,persistent,full_mainpanel,cloud_platform_ads,ccd55830ac9c68e5b1f24faece1e71e172cd4e73ca36ecafa337facc0324af37,303,included_in_public_release,author_created_derived_post_extraction_card,not_included_mixed_public_or_provider_access,not_redistributed_no_rights_grant,withheld_hash_locator_only
2aadc4509cffea7889b0,GOOGL,FY2024_Q1,FY2024_Q2,9bdd53a480c80afa27172c88,d6e0320bd853cd86d7bb8785,ledger_forward+shock_forward,event,Alphabet::Google Services,LIMITS_REVENUE_OF,demand,demand,demand,negative,medium,1.0,True,,[231],explicit_tail,c3d667045e0b346a9ecba00b,FY2024_Q2,Forecast/Guidance,0.8740858466084754,1,True,False,persistent,full_mainpanel,cloud_platform_ads,4c3556c616a5c796d1c28cc631be14f94342055bbdf045ede32af8c919a3d899,250,included_in_public_release,author_created_derived_post_extraction_card,not_included_mixed_public_or_provider_access,not_redistributed_no_rights_grant,withheld_hash_locator_only
e88c44ef5af6525b49bf,GOOGL,FY2024_Q1,FY2024_Q2,5f4292011402837d26f83550,2947555c4704cc370d32722d,ledger_forward+shock_forward,event,Alphabet::Google Services,BOOSTS_REVENUE_OF,pricing,pricing,pricing_margin,positive,medium,1.0,True,,[235],explicit_tail,c3d667045e0b346a9ecba00b,FY2024_Q2,Forecast/Guidance,0.8740858466084754,1,True,False,persistent,full_mainpanel,cloud_platform_ads,288f78801a465997b853badb423261bdfd111e163900068d0200db384ce7e9cf,76,included_in_public_release,author_created_derived_post_extraction_card,not_included_mixed_public_or_provider_access,not_redistributed_no_rights_grant,withheld_hash_locator_only
34c7709c4fa476e4e109,GOOGL,FY2024_Q1,FY2024_Q2,cfbf65a5d6fac304d7d710f0,c59aa07de0ccd80496e18329,ledger_forward,event,UNKNOWN,LIMITS_REVENUE_OF,macro,macro,regulation_macro,negative,medium,1.0,True,,[240],unresolved,dc04cd2888bcbbe3b9772858,FY2024_Q2,Forecast/Guidance,,0,True,False,persistent,full_mainpanel,cloud_platform_ads,7b22111d7fb04cdb7dd40b0ec6b633463f623c02dc369b3869fc662d8804c2b1,88,included_in_public_release,author_created_derived_post_extraction_card,not_included_mixed_public_or_provider_access,not_redistributed_no_rights_grant,withheld_hash_locator_only
f549444e9b5ac7ef6092,GOOGL,FY2024_Q2,FY2024_Q3,deb53908805e711287ac9c14,a575c460d488098e94a5962d,ledger_forward+shock_forward,claim,Alphabet::Google Services,BOOSTS_REVENUE_OF,product_transition,product_transition,product_transition,positive,medium,0.9,False,explicit,[57],explicit_segment,34fb162d7ea60c7823d3a17d,FY2024_Q3,Forecast/Guidance,0.872389134077553,1,True,False,unknown,full_mainpanel,cloud_platform_ads,f16ca2589b8d6959a37a1a175a96193441fbfc1750a992795d0fb467cf46a196,220,included_in_public_release,author_created_derived_post_extraction_card,not_included_mixed_public_or_provider_access,not_redistributed_no_rights_grant,withheld_hash_locator_only
970388b6dc1d853dec75,GOOGL,FY2024_Q2,FY2024_Q3,2bbddd4f216db6617b673f22,e8b6483029070a2594a9bd62,ledger_forward+shock_forward,event,Alphabet::Google Services,LIMITS_REVENUE_OF,product_transition,product_transition,product_transition,negative,medium,1.0,True,,[241],explicit_tail,c3d667045e0b346a9ecba00b,FY2024_Q3,Forecast/Guidance,0.872389134077553,1,True,False,persistent,full_mainpanel,cloud_platform_ads,86c9398d14a6a791090c631b8aefb93efaca07ee7ee21e1eec25c921ad8e32b8,301,included_in_public_release,author_created_derived_post_extraction_card,not_included_mixed_public_or_provider_access,not_redistributed_no_rights_grant,withheld_hash_locator_only
7aea619b2395ad9bd6fb,GOOGL,FY2024_Q3,FY2024_Q4,085211eea28bd67d3e779869,07ffffe19f89351194c54794,ledger_forward+shock_forward,event,Alphabet::Google Services,LIMITS_REVENUE_OF,product_transition,product_transition,product_transition,negative,medium,0.95,True,,[255],explicit_tail,c3d667045e0b346a9ecba00b,FY2024_Q4,Forecast/Guidance,0.8667920424162777,1,True,False,persistent,full_mainpanel,cloud_platform_ads,4ea95edaae2efe373f2ab472841fc80c915964968d2623c16a3b7251148cceae,206,included_in_public_release,author_created_derived_post_extraction_card,not_included_mixed_public_or_provider_access,not_redistributed_no_rights_grant,withheld_hash_locator_only
10b25e595d4e7101313f,GOOGL,FY2024_Q4,FY2025_Q1,6da071e0b4e8b19f2f1b4656,692808b067ddd914bfc70ac8,ledger_forward,event,UNKNOWN,LIMITS_REVENUE_OF,macro,macro,regulation_macro,negative,medium,1.0,True,,[243],unresolved,da5fa8ea7c99d09b043049fb,FY2025_Q1,Forecast/Guidance,,0,True,False,persistent,full_mainpanel,cloud_platform_ads,f49aa403e0c236906d6d573d401bcfc577f80a638391a2c9392def16c9eb3cc4,171,included_in_public_release,author_created_derived_post_extraction_card,not_included_mixed_public_or_provider_access,not_redistributed_no_rights_grant,withheld_hash_locator_only
c3a21e0d339c3de0db21,GOOGL,FY2024_Q4,FY2025_Q1,67da3940a29a890981cc2558,ac1dab074ea3e334e83eb839,ledger_forward+shock_forward,event,Alphabet::Google Services,LIMITS_REVENUE_OF,demand,demand,demand,negative,medium,1.0,True,,[248],explicit_tail,c3d667045e0b346a9ecba00b,FY2025_Q1,Forecast/Guidance,0.8717204490561735,1,True,False,persistent,full_mainpanel,cloud_platform_ads,c5e1de9ac7e064767b4bb61604dade0d735dee3bfbbe896ccfe2d179cc1255ce,150,included_in_public_release,author_created_derived_post_extraction_card,not_included_mixed_public_or_provider_access,not_redistributed_no_rights_grant,withheld_hash_locator_only
270c555848c97953965f,GOOGL,FY2024_Q4,FY2025_Q1,5958ffe8ca5b0a7c6978a969,7c434647b03493082a768f86,ledger_forward+shock_forward,event,Alphabet::Google Cloud,LIMITS_REVENUE_OF,supply,supply,supply_capacity,negative,medium,1.0,True,,[249],explicit_tail,c4327e3b6263e37ba463065c,FY2025_Q1,Forecast/Guidance,0.12392582072997543,2,True,False,persistent,full_mainpanel,cloud_platform_ads,3b7c4684a791bd105d26adb0e2159756e860f4680f5d92816ed76c4ef02daed7,206,included_in_public_release,author_created_derived_post_extraction_card,not_included_mixed_public_or_provider_access,not_redistributed_no_rights_grant,withheld_hash_locator_only
ff4595fda340ba1e7c63,GOOGL,FY2025_Q1,FY2025_Q2,05d29702295049f3a316e7d4,5a3f4ebb76c0bfb9fef82ce8,ledger_forward+shock_forward,event,Alphabet::Google Services,LIMITS_REVENUE_OF,demand,demand,demand,negative,medium,1.0,True,,[208],explicit_tail,c3d667045e0b346a9ecba00b,FY2025_Q2,Forecast/Guidance,0.8562626061129951,1,True,False,persistent,full_mainpanel,cloud_platform_ads,522eb172f34f558e6ae0b39c9a0eeae545b628fdaa916bdb9be5f07546a3370b,144,included_in_public_release,author_created_derived_post_extraction_card,not_included_mixed_public_or_provider_access,not_redistributed_no_rights_grant,withheld_hash_locator_only
cba7239cd313ea62b5d0,GOOGL,FY2025_Q1,FY2025_Q2,8aaabef17819cdb718a09d23,6d55f27ac47d2e39809dd541,ledger_forward+shock_forward,event,Alphabet::Google Cloud,LIMITS_REVENUE_OF,supply,supply,supply_capacity,negative,medium,1.0,True,,[210],explicit_tail,c4327e3b6263e37ba463065c,FY2025_Q2,Forecast/Guidance,0.13586896291863376,2,True,False,persistent,full_mainpanel,cloud_platform_ads,f04681885e2f9d143d85cc8b4c9c20b022c229cbeae4c22852fb4fd2b7a0df62,248,included_in_public_release,author_created_derived_post_extraction_card,not_included_mixed_public_or_provider_access,not_redistributed_no_rights_grant,withheld_hash_locator_only
7c84847c5bcad2e6724b,GOOGL,FY2025_Q2,FY2025_Q3,7f454e302c08f235f337a93d,96be716415f1da45f21b8641,ledger_forward+shock_forward,claim,Alphabet::Google Cloud,INCREASES_SPEND_ON,supply,supply,supply_capacity,positive,medium,0.95,True,explicit,[12],explicit_segment,66b52c2ed766e12e496a6c95,FY2025_Q3,Forecast/Guidance,0.14128676318081884,2,True,False,persistent,full_mainpanel,cloud_platform_ads,e5687b38f6a42dab1ebe25be50be045e6440c766d37b320271b111f5d5ec09aa,198,included_in_public_release,author_created_derived_post_extraction_card,not_included_mixed_public_or_provider_access,not_redistributed_no_rights_grant,withheld_hash_locator_only
7b98a1c1ca58671e86f9,GOOGL,FY2025_Q2,FY2025_Q3,0b7c269cd10e48a8121855b5,3cbcacb38e4c24b213cc2e70,ledger_forward,event,UNKNOWN,BOOSTS_REVENUE_OF,macro,macro,regulation_macro,positive,medium,0.95,True,,[218],unresolved,dc04cd2888bcbbe3b9772858,FY2025_Q3,Forecast/Guidance,,0,True,False,persistent,full_mainpanel,cloud_platform_ads,cd609db3eb376c56f3cc51549316f8331af35acd6f011d573ecd7d51191cb3f8,68,included_in_public_release,author_created_derived_post_extraction_card,not_included_mixed_public_or_provider_access,not_redistributed_no_rights_grant,withheld_hash_locator_only
bad6d154e6f8a7f23383,GOOGL,FY2025_Q2,FY2025_Q3,3a6eff16029c5a67bdcd8fd6,94c1e573678a5b303525f494,ledger_forward+shock_forward,event,Alphabet::Google Services,LIMITS_REVENUE_OF,demand,demand,demand,negative,high,0.98,True,,[220],explicit_tail,c3d667045e0b346a9ecba00b,FY2025_Q3,Forecast/Guidance,0.8560065541129133,1,True,False,persistent,full_mainpanel,cloud_platform_ads,057300940518f134bd616720dfd1a4afee23dfd5ed1ac16cffdf28d44535f074,334,included_in_public_release,author_created_derived_post_extraction_card,not_included_mixed_public_or_provider_access,not_redistributed_no_rights_grant,withheld_hash_locator_only
e8ea3726ad88b1aa6d6f,GOOGL,FY2025_Q2,FY2025_Q3,5c09d63f646b4b71c463c342,de876955abc574b18acfe65f,ledger_forward+shock_forward,event,Alphabet::Google Cloud,LIMITS_REVENUE_OF,supply,supply,supply_capacity,negative,high,0.95,True,,[223],explicit_tail,c4327e3b6263e37ba463065c,FY2025_Q3,Forecast/Guidance,0.14128676318081884,2,True,False,persistent,full_mainpanel,cloud_platform_ads,e5f141591b4adb1c343bb0253d6f2e0688a1a6aa150f80e96b3cef00ea6b6825,175,included_in_public_release,author_created_derived_post_extraction_card,not_included_mixed_public_or_provider_access,not_redistributed_no_rights_grant,withheld_hash_locator_only
c79625af4a963c2a53f6,GOOGL,FY2025_Q2,FY2025_Q3,f86c25b90bc9931179a48a3c,e52648602965040ca2c919fe,ledger_forward,event,UNKNOWN,LIMITS_REVENUE_OF,revenue_limit,other,revenue_boost_limit,negative,medium,0.9,True,,[231],unresolved,dc04cd2888bcbbe3b9772858,FY2025_Q3,Forecast/Guidance,,0,True,False,persistent,full_mainpanel,cloud_platform_ads,ee5779b79f722561ee2490e3aee3926901d02613f4b143758c1f7b3b0c5b062e,119,included_in_public_release,author_created_derived_post_extraction_card,not_included_mixed_public_or_provider_access,not_redistributed_no_rights_grant,withheld_hash_locator_only
9c7cde5d70be9eeb2fc7,GOOGL,FY2025_Q2,FY2025_Q3,aa1954c3f41c3f11ac7032c0,39b2905ce2a2260f259f0b7b,ledger_forward,event,UNKNOWN,LIMITS_REVENUE_OF,product_transition,product_transition,product_transition,negative,medium,0.9,True,,[234],unresolved,dc04cd2888bcbbe3b9772858,FY2025_Q3,Forecast/Guidance,,0,True,False,persistent,full_mainpanel,cloud_platform_ads,0a65c0463f0e53aa8a701c4915c346a145a927e8b8557e01d74fe635811771b1,107,included_in_public_release,author_created_derived_post_extraction_card,not_included_mixed_public_or_provider_access,not_redistributed_no_rights_grant,withheld_hash_locator_only
0b7d8f3559900a580f16,GOOGL,FY2025_Q3,FY2025_Q4,9995a450621bd848a21ef296,029a6154917cc141f3e0c57b,ledger_forward+shock_forward,claim,Alphabet::Other Bets,BOOSTS_REVENUE_OF,demand,demand,demand,positive,medium,0.9,True,explicit,[51],explicit_segment,900cc549332f589dd89fbaa0,FY2025_Q4,Forecast/Guidance,0.0033611474801164675,3,True,False,persistent,full_mainpanel,cloud_platform_ads,c39a448d6e342e11a08edb4eef7639f5ab4d77a225c652d372f1776e16d6138b,253,included_in_public_release,author_created_derived_post_extraction_card,not_included_mixed_public_or_provider_access,not_redistributed_no_rights_grant,withheld_hash_locator_only
eda75977fad8edbf7fd3,GOOGL,FY2025_Q3,FY2025_Q4,69a0670f75f140ec36938740,ad2a46a04740a05ed718b9a4,ledger_forward+shock_forward,event,Alphabet::Google Services,BOOSTS_REVENUE_OF,macro,macro,regulation_macro,positive,medium,0.95,False,,[218],explicit_tail,c3d667045e0b346a9ecba00b,FY2025_Q4,Forecast/Guidance,0.8505657280206359,1,True,False,unknown,full_mainpanel,cloud_platform_ads,cb3b226497854e07a60a13c8368561922a324829013f8cbe6502c1e76cc46fe5,77,included_in_public_release,author_created_derived_post_extraction_card,not_included_mixed_public_or_provider_access,not_redistributed_no_rights_grant,withheld_hash_locator_only
b18462c59a5e1a1b1287,GOOGL,FY2025_Q3,FY2025_Q4,d9bdbb5de129989f3de26c7d,3bda72ef893e3c957aff5d3f,ledger_forward+shock_forward,event,Alphabet::Google Cloud,LIMITS_REVENUE_OF,supply,supply,supply_capacity,negative,medium,0.95,False,,[223],explicit_tail,c4327e3b6263e37ba463065c,FY2025_Q4,Forecast/Guidance,0.1480956754538526,2,True,False,unknown,full_mainpanel,cloud_platform_ads,a412c236bd7757f6a85865ada93cf0634f852b989283f41b0fa08dcf4d6a2485,78,included_in_public_release,author_created_derived_post_extraction_card,not_included_mixed_public_or_provider_access,not_redistributed_no_rights_grant,withheld_hash_locator_only
7ee0051f497305c1b0ef,INTC,FY2018_Q4,FY2019_Q1,46092f1e14c006e7ad30a188,7791db62bc399f5022245b61,ledger_forward+shock_forward,claim,Intel::Data Center Group,DRIVES_DEMAND_FOR,demand,demand,demand,positive,high,1.0,True,explicit,[79],explicit_segment_with_path,524bb1222e0fc1f97507097e,FY2019_Q1,Forecast/Guidance,0.3252934555394758,2,True,False,persistent,full_mainpanel,semi_infra_tooling,0d2c1930ca256b93993fc63e1444c26e45c8869d58db040243a1fc498de88567,115,included_in_public_release,author_created_derived_post_extraction_card,not_included_mixed_public_or_provider_access,not_redistributed_no_rights_grant,withheld_hash_locator_only
da4b01f3ca29545f87fb,INTC,FY2018_Q4,FY2019_Q1,03bc8e230527d5b34d3dc0b3,121a1761e922d9924ced7495,ledger_forward+shock_forward,event,Intel::Non-Volatile Memory Solutions Group,LIMITS_REVENUE_OF,pricing,pricing,pricing_margin,negative,medium,0.95,True,,[120],explicit_tail,eaeff87f018051b6aec21bf4,FY2019_Q1,Forecast/Guidance,0.059334298118668596,3,True,False,persistent,full_mainpanel,semi_infra_tooling,3c392e5fb8bd1f057061e9c66718c1523195aacb9ab122cb1d8c7605e623f6c2,185,included_in_public_release,author_created_derived_post_extraction_card,not_included_mixed_public_or_provider_access,not_redistributed_no_rights_grant,withheld_hash_locator_only
19f6d76e47fd60e2efb6,INTC,FY2018_Q4,FY2019_Q1,f93be00ec9e27d83edf8a58f,b8a1c34dc2e96412bf6c63e1,ledger_forward+shock_forward,event,Intel::Data Center Group,LIMITS_REVENUE_OF,demand,demand,demand,negative,medium,0.95,True,,[115],explicit_tail,d5d50875c3bc0f02ff0c9846,FY2019_Q1,Forecast/Guidance,0.3252934555394758,2,True,False,persistent,full_mainpanel,semi_infra_tooling,a22c15865604345a6681286ff6e00f01a7054775251d058d5a768eab54caa6cd,145,included_in_public_release,author_created_derived_post_extraction_card,not_included_mixed_public_or_provider_access,not_redistributed_no_rights_grant,withheld_hash_locator_only
be5986892bd2dbe214c9,INTC,FY2018_Q4,FY2019_Q1,1b4d61d360c2af2c66d7be34,1a14b329de9e03988cfcb024,ledger_forward+shock_forward,event,Intel::Client Computing Group,LIMITS_REVENUE_OF,supply,supply,supply_capacity,negative,medium,0.95,True,,[133],explicit_tail,e702a7edc9b04d570e4e1d8e,FY2019_Q1,Forecast/Guidance,0.5264511979417913,1,True,False,persistent,full_mainpanel,semi_infra_tooling,543dd1672ad5fe728b6df96b2546eb84e6a6ff98846991a3f07bc5eb7d1e0398,79,included_in_public_release,author_created_derived_post_extraction_card,not_included_mixed_public_or_provider_access,not_redistributed_no_rights_grant,withheld_hash_locator_only
5a34c6396724e47368bb,INTC,FY2018_Q4,FY2019_Q1,d369977d1f029fb86ed2d362,3d3a53692577a4ce66da63ec,ledger_forward+shock_forward,event,Intel::Client Computing Group,LIMITS_REVENUE_OF,demand,demand,demand,negative,medium,0.95,True,,[137],explicit_tail,e702a7edc9b04d570e4e1d8e,FY2019_Q1,Forecast/Guidance,0.5264511979417913,1,True,False,persistent,full_mainpanel,semi_infra_tooling,205ab67e15c3f1c7371c1a8da630ed835c21535975b4d9f33e05a78b4df64b40,96,included_in_public_release,author_created_derived_post_extraction_card,not_included_mixed_public_or_provider_access,not_redistributed_no_rights_grant,withheld_hash_locator_only
01b6054cabc81b2796f1,INTC,FY2019_Q1,FY2019_Q2,3c071fa6e4ebd122ec69ad6e,bf3250fad0a94e134c4d3a72,ledger_forward+shock_forward,event,Intel::Non-Volatile Memory Solutions Group,LIMITS_REVENUE_OF,pricing,pricing,pricing_margin,negative,high,0.95,True,,[150],explicit_tail,eaeff87f018051b6aec21bf4,FY2019_Q2,Forecast/Guidance,0.0569703007284727,3,True,False,persistent,full_mainpanel,semi_infra_tooling,e758cd8387d2309c90d8a088f06e2a2a9bdfeebd40ec3395f7536b5cac9a3084,281,included_in_public_release,author_created_derived_post_extraction_card,not_included_mixed_public_or_provider_access,not_redistributed_no_rights_grant,withheld_hash_locator_only
e611ca4c44027a908a3d,INTC,FY2019_Q1,FY2019_Q2,25f08a7812cc3732befe7ede,65698b706ffae32fd6217ecb,ledger_forward,event,Intel::Client Computing Group,LIMITS_REVENUE_OF,supply,supply,supply_capacity,negative,medium,0.95,True,,[143],explicit_tail,e702a7edc9b04d570e4e1d8e,FY2019_Q2,Realized/Reporting,0.5345868874914389,1,True,False,persistent,full_mainpanel,semi_infra_tooling,a0caf5ccb90e0118a757bb714b3f7db1a4f5fc1068f1ffeb45da08b93b8fb1ef,257,included_in_public_release,author_created_derived_post_extraction_card,not_included_mixed_public_or_provider_access,not_redistributed_no_rights_grant,withheld_hash_locator_only
aadc6a5b02569b3beadb,INTC,FY2019_Q3,FY2019_Q4,0e580624b2e1ce1731d6d607,6b64208762af811d09b84ccc,ledger_forward+shock_forward,event,Intel::Client Computing Group,LIMITS_REVENUE_OF,supply,supply,supply_capacity,negative,high,1.0,True,,[141],explicit_tail,e702a7edc9b04d570e4e1d8e,FY2019_Q4,Forecast/Guidance,0.505940594059406,1,True,False,persistent,full_mainpanel,semi_infra_tooling,1474bb67894ed7565c5ab890e7cbdd66e14bb309c6829feeddc3e43a2fab1faa,221,included_in_public_release,author_created_derived_post_extraction_card,not_included_mixed_public_or_provider_access,not_redistributed_no_rights_grant,withheld_hash_locator_only
0d76ab90476fdac4b351,INTC,FY2019_Q3,FY2019_Q4,e67ea6a1d8df8770491d1243,e846f2076bb095c4a42ff711,ledger_forward+shock_forward,event,Intel::Client Computing Group,LIMITS_REVENUE_OF,demand,demand,demand,negative,high,1.0,True,,[72],explicit_tail,e702a7edc9b04d570e4e1d8e,FY2019_Q4,Forecast/Guidance,0.505940594059406,1,True,False,persistent,full_mainpanel,semi_infra_tooling,ec90af0e3f67409d778f69fe4f3740db8f16bdc454cb073c6aa076d34ab911f3,76,included_in_public_release,author_created_derived_post_extraction_card,not_included_mixed_public_or_provider_access,not_redistributed_no_rights_grant,withheld_hash_locator_only
e60028331f5445126d51,INTC,FY2019_Q4,FY2020_Q1,3ccfc9b9ac2b56d93ced9496,41947275b94546bcae8940d7,ledger_forward+shock_forward,claim,Intel::Data Center Group,BOOSTS_REVENUE_OF,product_transition,product_transition,product_transition,positive,high,1.0,True,explicit,[14],explicit_segment_with_path,b8d4d5831a8d8b8eda9f85cc,FY2020_Q1,Forecast/Guidance,0.3569201840764016,2,True,False,persistent,full_mainpanel,semi_infra_tooling,dbd513271bf453153a1ae9f5f26315b90aa69cf608115412436e92b85ef703c6,169,included_in_public_release,author_created_derived_post_extraction_card,not_included_mixed_public_or_provider_access,not_redistributed_no_rights_grant,withheld_hash_locator_only
c7d13a4ab50c8d229c01,INTC,FY2019_Q4,FY2020_Q1,128d2dbf99406fd4b2d6e0d3,261467395a170d55ca573ead,ledger_forward+shock_forward,claim,Intel::Client Computing Group,BOOSTS_REVENUE_OF,product_transition,product_transition,product_transition,positive,medium,1.0,True,explicit,[18],explicit_segment,1c4dd0b22a9c205e7e1b7cb8,FY2020_Q1,Forecast/Guidance,0.49532386560443364,1,True,False,persistent,full_mainpanel,semi_infra_tooling,c7aa6da3fb13ca3887e3f3f4938403c787ceb36a696d35af1f6d9ea9b6e45725,127,included_in_public_release,author_created_derived_post_extraction_card,not_included_mixed_public_or_provider_access,not_redistributed_no_rights_grant,withheld_hash_locator_only
548963bdc4360c890c88,INTC,FY2019_Q4,FY2020_Q1,e5d64cf4d3b5db3736018088,a11753e3fab509bb1b41ba46,ledger_forward+shock_forward,claim,Intel::Client Computing Group,INCREASES_SPEND_ON,supply,supply,supply_capacity,positive,high,1.0,True,explicit,[36],explicit_segment,a0df9407f897f794bd5b3dce,FY2020_Q1,Forecast/Guidance,0.49532386560443364,1,True,False,persistent,full_mainpanel,semi_infra_tooling,cfedcf41eb4f0ab13fda4ac0cb42a4b7ac34baab1136531201ae488046c9a9a1,139,included_in_public_release,author_created_derived_post_extraction_card,not_included_mixed_public_or_provider_access,not_redistributed_no_rights_grant,withheld_hash_locator_only
defa94fe1f94d2581cb4,INTC,FY2019_Q4,FY2020_Q1,28d481f979bdfb1102712ad3,d8f1c889537f174092966475,ledger_forward+shock_forward,event,Intel::Data Center Group,BOOSTS_REVENUE_OF,demand,demand,demand,positive,high,1.0,True,,[157],explicit_tail,d5d50875c3bc0f02ff0c9846,FY2020_Q1,Forecast/Guidance,0.3569201840764016,2,True,False,persistent,full_mainpanel,semi_infra_tooling,6b083a98735f08d1e8e0d4c9c8616b0c0c3321f72255f50239233766ecb5ea38,132,included_in_public_release,author_created_derived_post_extraction_card,not_included_mixed_public_or_provider_access,not_redistributed_no_rights_grant,withheld_hash_locator_only
14bf2e8bbc1c74065cf5,INTC,FY2019_Q4,FY2020_Q1,7f86acbe88364b05984ce616,8de59f93e4818ba3cde74ad2,ledger_forward+shock_forward,event,Intel::Non-Volatile Memory Solutions Group,BOOSTS_REVENUE_OF,demand,demand,demand,positive,high,1.0,True,,[166],explicit_tail,eaeff87f018051b6aec21bf4,FY2020_Q1,Forecast/Guidance,0.060220693750309265,4,True,False,persistent,full_mainpanel,semi_infra_tooling,8474cf90faab482b430af28447be4d2d406d463601e67095ee3758b532b7553a,315,included_in_public_release,author_created_derived_post_extraction_card,not_included_mixed_public_or_provider_access,not_redistributed_no_rights_grant,withheld_hash_locator_only
ea98d61c68a0011f7716,INTC,FY2019_Q4,FY2020_Q1,081e62e98acb5e40d2b1990e,8a882df2d093c7c8ab3449b2,ledger_forward+shock_forward,event,Intel::Client Computing Group,BOOSTS_REVENUE_OF,demand,demand,demand,positive,medium,1.0,True,,[168],explicit_tail,e702a7edc9b04d570e4e1d8e,FY2020_Q1,Forecast/Guidance,0.49532386560443364,1,True,False,persistent,full_mainpanel,semi_infra_tooling,350eae85240a2f56966ba659d2253b4a7447a0f326ff4311f7a66ba5233ca828,175,included_in_public_release,author_created_derived_post_extraction_card,not_included_mixed_public_or_provider_access,not_redistributed_no_rights_grant,withheld_hash_locator_only
abb60f0f041b22dc5f40,INTC,FY2020_Q1,FY2020_Q2,685c43d25035c3a7ac66d46a,05f9d0562888e518bca1249d,ledger_forward+shock_forward,claim,Intel::Client Computing Group,DRIVES_DEMAND_FOR,demand,demand,demand,positive,high,1.0,True,explicit,[30],explicit_segment,c3b771718f3967f2ebd370d5,FY2020_Q2,Forecast/Guidance,0.49298971151906396,1,True,False,persistent,full_mainpanel,semi_infra_tooling,7cc403da49b188d67d9f4dc9b84bf6826b9217bd0ce749534a638d84977aa3eb,153,included_in_public_release,author_created_derived_post_extraction_card,not_included_mixed_public_or_provider_access,not_redistributed_no_rights_grant,withheld_hash_locator_only
5d265bb08c0f2670bb29,INTC,FY2020_Q1,FY2020_Q2,64e0a260db7294a1ad9d717e,bfa87aa3bf4a7217e31aeed7,ledger_forward+shock_forward,claim,Intel::Client Computing Group,CONSTRAINS_PRODUCTION_OF,supply,macro,supply_capacity,negative,medium,1.0,True,explicit,[37],explicit_segment,4d0915cc6f571d023b3b467b,FY2020_Q2,Forecast/Guidance,0.49298971151906396,1,True,False,persistent,full_mainpanel,semi_infra_tooling,28deaf7f84f6986f07d3e2a4403435b81e9a427b9871368c79d894014efb2ff8,212,included_in_public_release,author_created_derived_post_extraction_card,not_included_mixed_public_or_provider_access,not_redistributed_no_rights_grant,withheld_hash_locator_only
c00929bebb4bbc7f832c,INTC,FY2020_Q1,FY2020_Q2,712e0eaffc4b9bef41176dd6,700fe9682133199167c00a04,ledger_forward+shock_forward,claim,Intel::Data Center Group,DRIVES_DEMAND_FOR,demand,demand,demand,positive,high,1.0,True,explicit,[33],explicit_segment,348ebf71f02ef8a0bd6a0590,FY2020_Q2,Forecast/Guidance,0.3526830744401856,2,True,False,persistent,full_mainpanel,semi_infra_tooling,5ecaa7d45747bd78f5221ecfffab59474df5dcc7b412f2ef91c7fd001f8de634,119,included_in_public_release,author_created_derived_post_extraction_card,not_included_mixed_public_or_provider_access,not_redistributed_no_rights_grant,withheld_hash_locator_only
03625084197bd7538201,INTC,FY2020_Q1,FY2020_Q2,fd6791e45b66052e5a6c06b3,d8db3c9ceb3885768c25a02c,ledger_forward+shock_forward,event,Intel::Client Computing Group,LIMITS_REVENUE_OF,product_transition,product_transition,product_transition,negative,medium,1.0,False,,[152],explicit_tail,e702a7edc9b04d570e4e1d8e,FY2020_Q2,Forecast/Guidance,0.49298971151906396,1,True,False,unknown,full_mainpanel,semi_infra_tooling,3c34d3f38986967c36923bf649e82c0d3fcb904d74fe2ee3b668b2ed2879885a,91,included_in_public_release,author_created_derived_post_extraction_card,not_included_mixed_public_or_provider_access,not_redistributed_no_rights_grant,withheld_hash_locator_only
2ec06157b10c438b20ed,INTC,FY2020_Q1,FY2020_Q2,54ad7b0120cc948f5f91e1b6,28b96185b47872e664110c83,ledger_forward+shock_forward,event,Intel::Internet of Things Group,LIMITS_REVENUE_OF,demand,demand,demand,negative,high,1.0,False,,[149],explicit_tail,984d7a20161c27995d44878b,FY2020_Q2,Forecast/Guidance,0.057343151099455314,4,True,False,unknown,full_mainpanel,semi_infra_tooling,5e783707cb69a97dd86cb8349bb7914f4ceee8c75b3edb8f784e26aefc84dd76,185,included_in_public_release,author_created_derived_post_extraction_card,not_included_mixed_public_or_provider_access,not_redistributed_no_rights_grant,withheld_hash_locator_only
99ae4c6871efb8ff972c,INTC,FY2020_Q1,FY2020_Q2,edb5129b51cfbc07415e1ecf,dfdea1cb14eeec25e3d3105e,ledger_forward+shock_forward,event,Intel::Mobileye,LIMITS_REVENUE_OF,demand,demand,demand,negative,high,1.0,False,,[149],explicit_tail,8a519610161a71a8243092d6,FY2020_Q2,Forecast/Guidance,,0,True,False,unknown,full_mainpanel,semi_infra_tooling,5e783707cb69a97dd86cb8349bb7914f4ceee8c75b3edb8f784e26aefc84dd76,185,included_in_public_release,author_created_derived_post_extraction_card,not_included_mixed_public_or_provider_access,not_redistributed_no_rights_grant,withheld_hash_locator_only
24f6e5b30b3b638524c2,INTC,FY2020_Q2,FY2020_Q3,73668aa062b0ac7d7755886a,9d17c54c6ff7b816c043e456,ledger_forward+shock_forward,claim,Intel::Data Center Group,DRIVES_DEMAND_FOR,demand,demand,demand,positive,high,0.95,True,explicit,[90],explicit_segment,ce13a4690fd048bacee2de72,FY2020_Q3,Forecast/Guidance,0.36075628548256283,2,True,False,persistent,full_mainpanel,semi_infra_tooling,212eb624e09caffdcabc5c089920e1133ed08c86c31522fa1547650aad5e01f6,146,included_in_public_release,author_created_derived_post_extraction_card,not_included_mixed_public_or_provider_access,not_redistributed_no_rights_grant,withheld_hash_locator_only
64066cd290116905a5a7,INTC,FY2020_Q2,FY2020_Q3,ae92598ca8415529cf3f7bc8,13da629a23daaa2e097a17aa,ledger_forward+shock_forward,event,Intel::Internet of Things Group,LIMITS_REVENUE_OF,macro,macro,regulation_macro,negative,medium,0.95,False,,[138],explicit_tail,984d7a20161c27995d44878b,FY2020_Q3,Forecast/Guidance,0.0413625304136253,4,True,False,unknown,full_mainpanel,semi_infra_tooling,2ca9661a70d40eab3fc7a3e2ecad2825be5d57934d5f503d1b2cb7c489b6ad33,228,included_in_public_release,author_created_derived_post_extraction_card,not_included_mixed_public_or_provider_access,not_redistributed_no_rights_grant,withheld_hash_locator_only
6ec8257b99aa19e8d6e3,INTC,FY2020_Q2,FY2020_Q3,cfbd458bced27d183ec9a3a1,b47a5d8486f0804985ac4b19,ledger_forward+shock_forward,event,Intel::Mobileye,LIMITS_REVENUE_OF,macro,macro,regulation_macro,negative,medium,0.95,False,,[138],explicit_tail,8a519610161a71a8243092d6,FY2020_Q3,Forecast/Guidance,,0,True,False,unknown,full_mainpanel,semi_infra_tooling,2ca9661a70d40eab3fc7a3e2ecad2825be5d57934d5f503d1b2cb7c489b6ad33,228,included_in_public_release,author_created_derived_post_extraction_card,not_included_mixed_public_or_provider_access,not_redistributed_no_rights_grant,withheld_hash_locator_only
930d101283e8ada68611,INTC,FY2020_Q2,FY2020_Q3,71eb425cd70e195c56f6cd48,eae0a943b9325702bfbdbdd3,ledger_forward+shock_forward,event,Intel::Client Computing Group,LIMITS_REVENUE_OF,macro,macro,regulation_macro,negative,medium,0.95,False,,[138],explicit_tail,e702a7edc9b04d570e4e1d8e,FY2020_Q3,Forecast/Guidance,0.4813463098134631,1,True,False,unknown,full_mainpanel,semi_infra_tooling,c2d6bd5cc255a54be6b1e5a5fce9cbc69625ee0e68ae2cd75d63085d4a857bee,125,included_in_public_release,author_created_derived_post_extraction_card,not_included_mixed_public_or_provider_access,not_redistributed_no_rights_grant,withheld_hash_locator_only
c02c847bf08e75226e0b,INTC,FY2020_Q2,FY2020_Q3,80000adda3b6adfb21705b46,afea6366fca1133ceb4fba17,ledger_forward+shock_forward,event,Intel::Data Center Group,LIMITS_REVENUE_OF,macro,macro,regulation_macro,negative,medium,0.95,False,,[138],explicit_tail,d5d50875c3bc0f02ff0c9846,FY2020_Q3,Forecast/Guidance,0.36075628548256283,2,True,False,unknown,full_mainpanel,semi_infra_tooling,8a4049cdcca128fc4cc2df1f06e26b1b86a342b275d1524087cafa261298a94a,203,included_in_public_release,author_created_derived_post_extraction_card,not_included_mixed_public_or_provider_access,not_redistributed_no_rights_grant,withheld_hash_locator_only
d440e7834795f40e5842,INTC,FY2020_Q2,FY2020_Q3,1081d378a447a889e1a6716b,80d3f0a2b9ce0c3d526fcedd,ledger_forward+shock_forward,event,Intel::Client Computing Group,LIMITS_REVENUE_OF,demand,demand,demand,negative,medium,0.95,False,,[140],explicit_tail,e702a7edc9b04d570e4e1d8e,FY2020_Q3,Forecast/Guidance,0.4813463098134631,1,True,False,unknown,full_mainpanel,semi_infra_tooling,ce8f7ef7fd4b19eae0e88a9bb581ce29ab81cb1ca3a1ed22e202acba88d1e4c3,161,included_in_public_release,author_created_derived_post_extraction_card,not_included_mixed_public_or_provider_access,not_redistributed_no_rights_grant,withheld_hash_locator_only
b318bb5689dcfc2a2f39,INTC,FY2020_Q3,FY2020_Q4,72c07e52740825158f14dda6,30ad4554a9f4217f047eb72b,ledger_forward+shock_forward,claim,Intel::Data Center Group,BOOSTS_REVENUE_OF,product_transition,product_transition,product_transition,positive,medium,0.9,False,explicit,[19],explicit_segment,b9e0edf56f7b36ff986d8ff8,FY2020_Q4,Forecast/Guidance,0.32209676539573445,2,True,False,unknown,full_mainpanel,semi_infra_tooling,cc93df4386ad41c15095707196b8984885337ac63cfe26e20b92ab081116adc4,143,included_in_public_release,author_created_derived_post_extraction_card,not_included_mixed_public_or_provider_access,not_redistributed_no_rights_grant,withheld_hash_locator_only
e4e53e14b267ab747fec,INTC,FY2020_Q3,FY2020_Q4,22f7e401ca44ee519c4d7b72,d579f148b7e17d666ec1a4ef,ledger_forward+shock_forward,claim,Intel::Client Computing Group,BOOSTS_REVENUE_OF,supply,supply,supply_capacity,positive,medium,0.85,True,explicit,[41],explicit_segment,054caec7f6aaaefca9cc1d4f,FY2020_Q4,Forecast/Guidance,0.5371188567064856,1,True,False,persistent,full_mainpanel,semi_infra_tooling,72035a974a7a0ff74d4f58be44f7356dd625e36ccdd4df21db48bb7bff46408d,150,included_in_public_release,author_created_derived_post_extraction_card,not_included_mixed_public_or_provider_access,not_redistributed_no_rights_grant,withheld_hash_locator_only
97083eb54fcd4be42105,INTC,FY2020_Q3,FY2020_Q4,962a2b3fc53b491b6c61b00c,2d8fbb78a3e15fda703f6503,ledger_forward+shock_forward,event,Intel::Client Computing Group,BOOSTS_REVENUE_OF,demand,demand,demand,positive,high,1.0,True,,[140],explicit_tail,e702a7edc9b04d570e4e1d8e,FY2020_Q4,Forecast/Guidance,0.5371188567064856,1,True,False,persistent,full_mainpanel,semi_infra_tooling,bef33e1797f9b3527f955acf5b889f591eee123d627215d0b3cb10fa1320d2a2,124,included_in_public_release,author_created_derived_post_extraction_card,not_included_mixed_public_or_provider_access,not_redistributed_no_rights_grant,withheld_hash_locator_only
48dc8244005d4f55e811,INTC,FY2020_Q3,FY2020_Q4,e05229dd1e578835dd01b899,0ea05d9b5051c7b7d19c68f9,ledger_forward+shock_forward,event,Intel::Mobileye,BOOSTS_REVENUE_OF,demand,demand,demand,positive,medium,1.0,True,,[141],explicit_tail,8a519610161a71a8243092d6,FY2020_Q4,Forecast/Guidance,,0,True,False,persistent,full_mainpanel,semi_infra_tooling,fbf3430ece5f07a2305adf06286d86ef2efe853cf6f8a2dbed26e5958e437c0e,120,included_in_public_release,author_created_derived_post_extraction_card,not_included_mixed_public_or_provider_access,not_redistributed_no_rights_grant,withheld_hash_locator_only
89c5d6d8c9270a1bb224,INTC,FY2020_Q3,FY2020_Q4,76ef5425adacc20453ea2b4f,8176998ab6b1fad68827ba06,ledger_forward+shock_forward,event,Intel::Internet of Things Group,LIMITS_REVENUE_OF,demand,demand,demand,negative,high,1.0,True,,[142],explicit_tail,984d7a20161c27995d44878b,FY2020_Q4,Forecast/Guidance,0.049691812578410516,4,True,False,persistent,full_mainpanel,semi_infra_tooling,ac9612f6d1e8cdecc59fe1ad163d2a1e54e24f854a2efcfceaf6e53de8246128,116,included_in_public_release,author_created_derived_post_extraction_card,not_included_mixed_public_or_provider_access,not_redistributed_no_rights_grant,withheld_hash_locator_only
2808e62ef4335b955d57,INTC,FY2020_Q3,FY2020_Q4,ae68b185f0473b4b5831e55a,2ed60b2b120326e3d10c3046,ledger_forward+shock_forward,event,Intel::Data Center Group,LIMITS_REVENUE_OF,demand,demand,demand,negative,medium,1.0,True,,[143],explicit_tail,d5d50875c3bc0f02ff0c9846,FY2020_Q4,Forecast/Guidance,0.32209676539573445,2,True,False,persistent,full_mainpanel,semi_infra_tooling,e7f32cf8e804fa94751b724e89543e69ae64f4b6c305f370fe970e9aa9fa27ab,146,included_in_public_release,author_created_derived_post_extraction_card,not_included_mixed_public_or_provider_access,not_redistributed_no_rights_grant,withheld_hash_locator_only
389e48619cd40db957e6,INTC,FY2020_Q4,FY2021_Q1,59fd472d35973ff1656d7442,b3b810108fab2dbf2a346e45,ledger_forward+shock_forward,claim,Intel::Intel Products,CONTRIBUTES_TO,product_transition,product_transition,product_transition,positive,medium,1.0,True,explicit,[23],explicit_segment,c9219f8a44002f3f04a8abca,FY2021_Q1,Forecast/Guidance,,0,True,False,persistent,full_mainpanel,semi_infra_tooling,990b2f0feae9cd289da9b2631cbb59dcc741082fddb70bea8b4ebb3bbff3ca11,86,included_in_public_release,author_created_derived_post_extraction_card,not_included_mixed_public_or_provider_access,not_redistributed_no_rights_grant,withheld_hash_locator_only
dbfa579d727f58cc482d,INTC,FY2020_Q4,FY2021_Q1,010eb1acd341293d718cec8d,3194e2c7bdf45444418e8b6d,ledger_forward+shock_forward,claim,Intel::Intel Foundry,INCREASES_SPEND_ON,product_transition,product_transition,product_transition,positive,medium,1.0,True,explicit,[21],explicit_segment,73eadf1caffb964784d9b700,FY2021_Q1,Forecast/Guidance,,0,True,False,persistent,full_mainpanel,semi_infra_tooling,da8e89f76c9968212a579c4d5aec1415890b791164bfa0d9df59d886d663d0b5,100,included_in_public_release,author_created_derived_post_extraction_card,not_included_mixed_public_or_provider_access,not_redistributed_no_rights_grant,withheld_hash_locator_only
d6e5174296972211ea08,INTC,FY2020_Q4,FY2021_Q1,9cb046b76b3cb5b39d53a759,eca8cfa0aa4f3d380a563767,ledger_forward+shock_forward,claim,Intel::Client Computing Group,DRIVES_DEMAND_FOR,demand,demand,demand,positive,medium,1.0,False,explicit,[75],explicit_segment,4f60e09749bce68b45249d72,FY2021_Q1,Forecast/Guidance,0.5475523075382921,1,True,False,unknown,full_mainpanel,semi_infra_tooling,20fb45ab7ea319c25869a8860da07e4e20f4f442f26fb38dc51f8ac2fa78579a,88,included_in_public_release,author_created_derived_post_extraction_card,not_included_mixed_public_or_provider_access,not_redistributed_no_rights_grant,withheld_hash_locator_only
caffea3717a78f480221,INTC,FY2020_Q4,FY2021_Q1,fec8016d4a03cce19d728cf7,ec40aedb47c3fa06a839d7cc,ledger_forward+shock_forward,event,Intel::Data Center Group,LIMITS_REVENUE_OF,demand,demand,demand,negative,medium,1.0,True,,[166],explicit_tail,d5d50875c3bc0f02ff0c9846,FY2021_Q1,Forecast/Guidance,0.3047352087296026,2,True,False,persistent,full_mainpanel,semi_infra_tooling,ce9c42dbcd5ec8015d346e138951b1b114f76eb602b3cd4afa056223f0bbdac3,95,included_in_public_release,author_created_derived_post_extraction_card,not_included_mixed_public_or_provider_access,not_redistributed_no_rights_grant,withheld_hash_locator_only
91d16599faed2c290c90,INTC,FY2020_Q4,FY2021_Q1,459db471977148d1b57d65da,b7b8fb478ac6d2992e111cae,ledger_forward+shock_forward,event,Intel::Internet of Things Group,LIMITS_REVENUE_OF,demand,demand,demand,negative,medium,1.0,True,,[166],explicit_tail,984d7a20161c27995d44878b,FY2021_Q1,Forecast/Guidance,0.055561117228951844,4,True,False,persistent,full_mainpanel,semi_infra_tooling,ce9c42dbcd5ec8015d346e138951b1b114f76eb602b3cd4afa056223f0bbdac3,95,included_in_public_release,author_created_derived_post_extraction_card,not_included_mixed_public_or_provider_access,not_redistributed_no_rights_grant,withheld_hash_locator_only
bb6389a1c46431582b9a,INTC,FY2021_Q1,FY2021_Q2,91eab927ca193afa129d9d8a,f210be27b0a9ee05b1685673,ledger_forward+shock_forward,claim,Intel::Intel Products,BOOSTS_REVENUE_OF,supply,supply,supply_capacity,positive,medium,0.85,True,explicit,[44],explicit_segment,f274a94faab4cd1629cdbe46,FY2021_Q2,Forecast/Guidance,,0,True,False,persistent,full_mainpanel,semi_infra_tooling,507df722e77cd8ac27b201694902a129df74bd3e9a20d0024ae6db9d0e7ae1af,161,included_in_public_release,author_created_derived_post_extraction_card,not_included_mixed_public_or_provider_access,not_redistributed_no_rights_grant,withheld_hash_locator_only
1eacccfb076c7013d540,INTC,FY2021_Q1,FY2021_Q2,4363508fa720e0e642d124d3,9ea435853917a9f5ec5d3636,ledger_forward+shock_forward,claim,Intel::Intel Foundry,BOOSTS_REVENUE_OF,supply,supply,supply_capacity,positive,high,0.95,True,explicit,[45],explicit_segment,088e1c36cf74bae9ce491666,FY2021_Q2,Forecast/Guidance,,0,True,False,persistent,full_mainpanel,semi_infra_tooling,f08ccc62552831cd020ed15da39be392bdaed4c1e91558dd7c73fc22d3194c0e,177,included_in_public_release,author_created_derived_post_extraction_card,not_included_mixed_public_or_provider_access,not_redistributed_no_rights_grant,withheld_hash_locator_only
e4907dd08832daf95ff0,INTC,FY2021_Q1,FY2021_Q2,6f04d252cb5b6b3c1ec76e5f,e3269bdd3746f42fd4eab9f6,ledger_forward+shock_forward,event,Intel::Programmable Solutions Group,LIMITS_REVENUE_OF,supply,supply,supply_capacity,negative,medium,0.9,True,,[143],explicit_tail,aee5b22f728db00819e36c83,FY2021_Q2,Forecast/Guidance,0.024703908910689777,6,True,False,persistent,full_mainpanel,semi_infra_tooling,7903cfff59f6aeddd05058cfc908264ae6af8bc9ecbb3fadd00b6840a8f0c23d,176,included_in_public_release,author_created_derived_post_extraction_card,not_included_mixed_public_or_provider_access,not_redistributed_no_rights_grant,withheld_hash_locator_only
49b96cec096ff8563ca6,INTC,FY2021_Q1,FY2021_Q2,2dec46d537ef4064fe877504,1c86d0eca88a5803eb92e4e9,ledger_forward+shock_forward,event,Intel::Data Center Group,SUPPORTS_REVENUE_OF,demand,demand,demand,mixed,medium,0.95,True,,[134],explicit_tail,d5d50875c3bc0f02ff0c9846,FY2021_Q2,Forecast/Guidance,0.28282417526559245,2,True,False,persistent,full_mainpanel,semi_infra_tooling,bfa8b6f9fc1f6f3a6f191ff6f2a9379f48fb3fe1aa8ad42722e54ab1f7787c83,168,included_in_public_release,author_created_derived_post_extraction_card,not_included_mixed_public_or_provider_access,not_redistributed_no_rights_grant,withheld_hash_locator_only
496ae7563a2fa25e8bab,INTC,FY2021_Q2,FY2021_Q3,d18dc314ab4ca0daa31f4b24,376a18bc889e4217e81812aa,ledger_forward+shock_forward,claim,Intel::Client Computing Group,DRIVES_DEMAND_FOR,demand,demand,demand,positive,high,1.0,True,explicit,[18],explicit_segment,f5c3742168b8d912c6419495,FY2021_Q3,Forecast/Guidance,0.5149508430543528,1,True,False,persistent,full_mainpanel,semi_infra_tooling,e30c60b748e401955e488b3b9dc69e8adc5dcf6eecc866945d4a8cd178aa7029,224,included_in_public_release,author_created_derived_post_extraction_card,not_included_mixed_public_or_provider_access,not_redistributed_no_rights_grant,withheld_hash_locator_only
124676cfeadc236bbc20,INTC,FY2021_Q2,FY2021_Q3,d840f410cf631a637b7f4603,bd189bb62eb2ed5a865da835,ledger_forward+shock_forward,claim,Intel::Data Center Group,DRIVES_DEMAND_FOR,demand,demand,demand,positive,high,1.0,True,explicit,[22],explicit_segment,dcd4320b3a4fceb9f3f3797b,FY2021_Q3,Forecast/Guidance,0.328816667515664,2,True,False,persistent,full_mainpanel,semi_infra_tooling,551199a882945f758cc050af284dc6729015f65f5433b184413a47b5b6fa2a67,69,included_in_public_release,author_created_derived_post_extraction_card,not_included_mixed_public_or_provider_access,not_redistributed_no_rights_grant,withheld_hash_locator_only
7e1691d6ab30a4b4316b,INTC,FY2021_Q2,FY2021_Q3,ce6c20439a60e948e963b416,74589b06c08984460fbc38bc,ledger_forward+shock_forward,claim,Intel::Client Computing Group,CONSTRAINS_PRODUCTION_OF,supply,supply,supply_capacity,negative,medium,1.0,True,explicit,[35],explicit_segment,94990c3edcd31c1c6e5de456,FY2021_Q3,Forecast/Guidance,0.5149508430543528,1,True,False,persistent,full_mainpanel,semi_infra_tooling,fd5d002ca085bf06d2cf1bd118bdbe4c6eaa306bae16a91b427be845000ad8b8,233,included_in_public_release,author_created_derived_post_extraction_card,not_included_mixed_public_or_provider_access,not_redistributed_no_rights_grant,withheld_hash_locator_only
4ea8f2fd485a5f753db3,INTC,FY2021_Q2,FY2021_Q3,91516e313462f02fc364a193,b8719247e9c37cd8ffab8c89,ledger_forward+shock_forward,claim,Intel::Data Center Group,INCREASES_SPEND_ON,other,other,other,negative,medium,1.0,True,explicit,[37],explicit_segment,18438f99b82d1da270a3cb11,FY2021_Q3,Forecast/Guidance,0.328816667515664,2,True,False,persistent,full_mainpanel,semi_infra_tooling,24a2e7bd18017590cfebc24590509c6b4481a2441329138e5d0dd19686a45e2c,156,included_in_public_release,author_created_derived_post_extraction_card,not_included_mixed_public_or_provider_access,not_redistributed_no_rights_grant,withheld_hash_locator_only
5d813f40bdea7c513d6e,INTC,FY2021_Q3,FY2021_Q4,668959ddad8f67feb464e002,38fa32b8172e4c4a1a931873,ledger_forward+shock_forward,claim,Intel::Client Computing Group,BOOSTS_REVENUE_OF,product_transition,product_transition,product_transition,positive,high,1.0,True,explicit,[19],explicit_segment_with_path,dddac34a31d15ed08d8ab16c,FY2021_Q4,Forecast/Guidance,0.5035431429762401,1,True,False,persistent,full_mainpanel,semi_infra_tooling,dbc6771875d479edb45d49a0e9a27155c87a16c000c038a65d6ed7ca6cd9ec50,204,included_in_public_release,author_created_derived_post_extraction_card,not_included_mixed_public_or_provider_access,not_redistributed_no_rights_grant,withheld_hash_locator_only
251954e4afe97a947d34,INTC,FY2021_Q3,FY2021_Q4,77a80a09e0638838fcb07f30,d74d88297547368a37a254e3,ledger_forward+shock_forward,event,Intel::Data Center Group,LIMITS_REVENUE_OF,supply,supply,supply_capacity,negative,medium,0.95,False,,[175],explicit_tail,d5d50875c3bc0f02ff0c9846,FY2021_Q4,Forecast/Guidance,0.338474364318466,2,True,False,unknown,full_mainpanel,semi_infra_tooling,a669f7db348d731f265ffd236bfc2287373f9064e6dcb4a31d0bdc696fe4b345,199,included_in_public_release,author_created_derived_post_extraction_card,not_included_mixed_public_or_provider_access,not_redistributed_no_rights_grant,withheld_hash_locator_only
bbea833ee9357aeed7c6,INTC,FY2021_Q3,FY2021_Q4,8d8b80728f0f178638ca7169,10b1b2ef15a428d2c06d3210,ledger_forward+shock_forward,event,Intel::Client Computing Group,LIMITS_REVENUE_OF,demand,demand,demand,negative,medium,0.95,False,,[176],explicit_tail,e702a7edc9b04d570e4e1d8e,FY2021_Q4,Forecast/Guidance,0.5035431429762401,1,True,False,unknown,full_mainpanel,semi_infra_tooling,2e65d68df3c9d1a703f289493eae499762b880f19292be800650fb5a29c824b3,290,included_in_public_release,author_created_derived_post_extraction_card,not_included_mixed_public_or_provider_access,not_redistributed_no_rights_grant,withheld_hash_locator_only
34f95df65b890178d9f8,INTC,FY2021_Q4,FY2022_Q1,0114b2218d1a4fd715d9dafa,591b156ee33bb10aed672555,ledger_forward,event,UNKNOWN,LIMITS_REVENUE_OF,supply,supply,supply_capacity,negative,high,1.0,True,,[172],unresolved,854cb5d903e1276957ded889,FY2022_Q1,Forecast/Guidance,,0,True,False,persistent,full_mainpanel,semi_infra_tooling,faf693727285d3ac93758892d12c16176e3a5fffd947663699aa1b759a6f9aa8,401,included_in_public_release,author_created_derived_post_extraction_card,not_included_mixed_public_or_provider_access,not_redistributed_no_rights_grant,withheld_hash_locator_only
1a84dcc40b2cda61f713,INTC,FY2021_Q4,FY2022_Q1,e63c5c82f3628be6a2bc6aca,a2026f0983e2cfa00490c955,ledger_forward,event,UNKNOWN,LIMITS_REVENUE_OF,inventory,inventory,inventory_channel,negative,medium,1.0,True,,[172],unresolved,854cb5d903e1276957ded889,FY2022_Q1,Forecast/Guidance,,0,True,False,persistent,full_mainpanel,semi_infra_tooling,faf693727285d3ac93758892d12c16176e3a5fffd947663699aa1b759a6f9aa8,401,included_in_public_release,author_created_derived_post_extraction_card,not_included_mixed_public_or_provider_access,not_redistributed_no_rights_grant,withheld_hash_locator_only
02a8d34f5f17cc62edae,INTC,FY2022_Q1,FY2022_Q2,247dbf0412f85444e1da862e,31bac3090b3bbf86a144229a,ledger_forward+shock_forward,claim,Intel::Data Center Group,CONSTRAINS_PRODUCTION_OF,supply,supply,supply_capacity,negative,high,0.95,True,explicit,[21],explicit_segment,6ca17bac20ce2061d8dbcac6,FY2022_Q2,Forecast/Guidance,0.3287745872609383,2,True,False,persistent,full_mainpanel,semi_infra_tooling,40da3b04c3ad4f70230a572f6ebe18d221d66f0ddb9e814555060e2e9905385f,170,included_in_public_release,author_created_derived_post_extraction_card,not_included_mixed_public_or_provider_access,not_redistributed_no_rights_grant,withheld_hash_locator_only
812f31949d7f628f3b97,INTC,FY2022_Q1,FY2022_Q2,0aaa398bf577eff722a336fd,9e04d3f9681737a850d51b2e,ledger_forward+shock_forward,claim,Intel::Client Computing Group,DRIVES_DEMAND_FOR,demand,product_transition,demand,positive,medium,0.95,True,explicit,[113],explicit_segment,459935537c7c3ce638b77a1e,FY2022_Q2,Forecast/Guidance,0.5064022230697979,1,True,False,persistent,full_mainpanel,semi_infra_tooling,028dcb9ac4743cd3f4947ed27a675a9636065eb58fc9ec8d31f0883d3da40c52,242,included_in_public_release,author_created_derived_post_extraction_card,not_included_mixed_public_or_provider_access,not_redistributed_no_rights_grant,withheld_hash_locator_only
dfc8d404377e5c4c8dfe,INTC,FY2022_Q1,FY2022_Q2,0c7cbbbea130fd1f49afca23,fbe984bcf386521508e0c0c8,ledger_forward+shock_forward,claim,Intel::Data Center Group,DRIVES_DEMAND_FOR,demand,demand,demand,positive,high,0.95,True,explicit,[115],explicit_segment,8cbccb6d5c41a9d2165a75ed,FY2022_Q2,Forecast/Guidance,0.3287745872609383,2,True,False,persistent,full_mainpanel,semi_infra_tooling,2a01dd51aa03efc7581fdd80b44a2653fe9f37aa18cf5bd6b41ee2041f25c914,111,included_in_public_release,author_created_derived_post_extraction_card,not_included_mixed_public_or_provider_access,not_redistributed_no_rights_grant,withheld_hash_locator_only
8626b2af9a3a5edd4ad2,INTC,FY2022_Q1,FY2022_Q2,a7c265678f578fe0f2dbbeb3,00ba572ea1ad6deb07db4385,ledger_forward+shock_forward,event,Intel::Client Computing Group,LIMITS_REVENUE_OF,supply,supply,supply_capacity,negative,high,0.95,True,,[162],explicit_tail,e702a7edc9b04d570e4e1d8e,FY2022_Q2,Forecast/Guidance,0.5064022230697979,1,True,False,persistent,full_mainpanel,semi_infra_tooling,956565adaaa0b2e85adaba7127d929fd734388aeb13e1b2c46b48fe19d9e28af,243,included_in_public_release,author_created_derived_post_extraction_card,not_included_mixed_public_or_provider_access,not_redistributed_no_rights_grant,withheld_hash_locator_only
0b82542504c3724a7476,INTC,FY2022_Q1,FY2022_Q2,687fd469bcbfbe25f1e39564,37b99332a1cd641109992c48,ledger_forward+shock_forward,claim,Intel::Network and Edge,DRIVES_DEMAND_FOR,demand,demand,demand,positive,medium,0.9,True,explicit,[114],explicit_segment,855e6a6fa8b11d66f7cf2360,FY2022_Q2,Forecast/Guidance,0.12057974173159701,3,True,False,persistent,full_mainpanel,semi_infra_tooling,383a553cda8bcc83e83ca879eaab53da15ca6007646c91cea7587a86c73d4b45,177,included_in_public_release,author_created_derived_post_extraction_card,not_included_mixed_public_or_provider_access,not_redistributed_no_rights_grant,withheld_hash_locator_only
767a1c5b73ae923a1bca,INTC,FY2022_Q1,FY2022_Q2,84c7b3119b5b107237b7b781,5a58d63fc016970e5ed89a71,ledger_forward+shock_forward,claim,Intel::Data Center Group,DRIVES_DEMAND_FOR,demand,product_transition,demand,positive,high,0.95,True,explicit,[178],explicit_segment,800e5cd56e0f5269c8254db6,FY2022_Q2,Forecast/Guidance,0.3287745872609383,2,True,False,persistent,full_mainpanel,semi_infra_tooling,96777f2ef80a5bfe4683d530fa5fced1d8800438d2137e456ad50a8c57a8d4a8,226,included_in_public_release,author_created_derived_post_extraction_card,not_included_mixed_public_or_provider_access,not_redistributed_no_rights_grant,withheld_hash_locator_only
293e8e04a47a7fa95822,INTC,FY2022_Q1,FY2022_Q2,71b1f32679278286f506b857,f7682e686b8130d9384870b8,ledger_forward+shock_forward,event,Intel::Client Computing Group,LIMITS_REVENUE_OF,inventory,inventory,inventory_channel,negative,medium,0.95,True,,[164],explicit_tail,e702a7edc9b04d570e4e1d8e,FY2022_Q2,Forecast/Guidance,0.5064022230697979,1,True,False,persistent,full_mainpanel,semi_infra_tooling,fd5c89871bf4ec88b34cb73c3bb95b42a70c2529fda2ac9fc669300a89de05a0,102,included_in_public_release,author_created_derived_post_extraction_card,not_included_mixed_public_or_provider_access,not_redistributed_no_rights_grant,withheld_hash_locator_only
fbf0871d1aaf1dc190e7,INTC,FY2022_Q1,FY2022_Q2,c1354681c64a3971c91323f8,2cce1630b8c2e7450487ad10,ledger_forward+shock_forward,event,Intel::Client Computing Group,LIMITS_REVENUE_OF,geopolitics,geopolitics,regulation_macro,negative,medium,0.95,True,,[161],explicit_tail,e702a7edc9b04d570e4e1d8e,FY2022_Q2,Forecast/Guidance,0.5064022230697979,1,True,False,persistent,full_mainpanel,semi_infra_tooling,3304fbc6fbe7ec4134e5f225d9b996a00a92d229a9caee2c01235e64ab156cb7,64,included_in_public_release,author_created_derived_post_extraction_card,not_included_mixed_public_or_provider_access,not_redistributed_no_rights_grant,withheld_hash_locator_only
10798a379a24a01e8129,INTC,FY2022_Q2,FY2022_Q3,6606231f28283701956b056a,79f66e3add68a55e116a497f,ledger_forward+shock_forward,claim,Intel::Client Computing Group,DRIVES_DEMAND_FOR,demand,demand,demand,negative,medium,0.95,True,explicit,[14],explicit_segment,3b402566933e5405e4fd256e,FY2022_Q3,Forecast/Guidance,0.5002937145094968,1,True,False,persistent,full_mainpanel,semi_infra_tooling,9cbef2829b3f179882a2873ee1c1e5d2a22f79c03436623deed59bf839d87f8e,102,included_in_public_release,author_created_derived_post_extraction_card,not_included_mixed_public_or_provider_access,not_redistributed_no_rights_grant,withheld_hash_locator_only
82fcf5cada1f354a4e32,INTC,FY2022_Q2,FY2022_Q3,dc274a18d693d09226e38881,bc5ce2813fabda549cfeec2e,ledger_forward+shock_forward,claim,Intel::Client Computing Group,DRIVES_DEMAND_FOR,demand,pricing,demand,positive,medium,0.9,False,explicit,[14],explicit_segment,856981f9aa79014bf4b623ff,FY2022_Q3,Forecast/Guidance,0.5002937145094968,1,True,False,unknown,full_mainpanel,semi_infra_tooling,9616f65754bdc6f289049cc25e514c6a18970c678aa5a081940dbda4779a1903,117,included_in_public_release,author_created_derived_post_extraction_card,not_included_mixed_public_or_provider_access,not_redistributed_no_rights_grant,withheld_hash_locator_only
76a9b85f4ebb27b113a0,INTC,FY2022_Q2,FY2022_Q3,67ae68ba2d4a90456702b89e,1f3f0a829b812ec891e254a6,ledger_forward+shock_forward,claim,Intel::Client Computing Group,DRIVES_DEMAND_FOR,demand,product_transition,demand,positive,medium,0.9,False,explicit,[20],explicit_segment,46b47ff74c436e03c23b8402,FY2022_Q3,Forecast/Guidance,0.5002937145094968,1,True,False,unknown,full_mainpanel,semi_infra_tooling,4da1333a6eaf793afe8bd94e90f6573fd53e0a4176b1855538f1fb05cee9e4a8,135,included_in_public_release,author_created_derived_post_extraction_card,not_included_mixed_public_or_provider_access,not_redistributed_no_rights_grant,withheld_hash_locator_only
3bc32891fbeda9ee496b,INTC,FY2022_Q2,FY2022_Q3,ed5e7b2ad7f028a0fdb3012a,2d113b7eecb3e156294eb077,ledger_forward+shock_forward,claim,Intel::Data Center Group,DRIVES_DEMAND_FOR,demand,inventory,demand,negative,high,0.95,True,explicit,[52],explicit_segment,4cb7593f0877fe83f54612b6,FY2022_Q3,Forecast/Guidance,0.30343972325566215,2,True,False,persistent,full_mainpanel,semi_infra_tooling,ccbdc93422826b079180c4526fb5655a0dcae036fbfe69b5e17414d971ca2730,83,included_in_public_release,author_created_derived_post_extraction_card,not_included_mixed_public_or_provider_access,not_redistributed_no_rights_grant,withheld_hash_locator_only
ad9fb38d4e39b3fd9663,INTC,FY2022_Q2,FY2022_Q3,624d4e8244551a4bb8859a26,82b7bb15834c1ec96df400c5,ledger_forward+shock_forward,event,Intel::Client Computing Group,LIMITS_REVENUE_OF,inventory,inventory,inventory_channel,positive,high,0.9,True,,[178],explicit_tail,e702a7edc9b04d570e4e1d8e,FY2022_Q3,Forecast/Guidance,0.5002937145094968,1,True,False,persistent,full_mainpanel,semi_infra_tooling,0c60c5252fcac1dc7e1304192a73996580f0e6b7aef1fa05b36d0be78f935c30,42,included_in_public_release,author_created_derived_post_extraction_card,not_included_mixed_public_or_provider_access,not_redistributed_no_rights_grant,withheld_hash_locator_only
55856571a202de06cba5,INTC,FY2022_Q2,FY2022_Q3,d09a66a241d7169bb892c395,30b7437e60f9fd6eaf317814,ledger_forward+shock_forward,event,Intel::Data Center Group,LIMITS_REVENUE_OF,inventory,inventory,inventory_channel,negative,high,0.9,True,,[179],explicit_tail,d5d50875c3bc0f02ff0c9846,FY2022_Q3,Forecast/Guidance,0.30343972325566215,2,True,False,persistent,full_mainpanel,semi_infra_tooling,421c6e4c4bb1065ea4cc2014edd28fb01dc4b1270e08ea6420d3d15a6a7a15b1,242,included_in_public_release,author_created_derived_post_extraction_card,not_included_mixed_public_or_provider_access,not_redistributed_no_rights_grant,withheld_hash_locator_only
766b410a6d22c0d85bf4,INTC,FY2022_Q2,FY2022_Q3,a039c416071771b9c5d2f5eb,5227aa3393209007b02a24e5,ledger_forward+shock_forward,event,Intel::Client Computing Group,BOOSTS_REVENUE_OF,pricing,pricing,pricing_margin,positive,medium,0.9,True,,[178],explicit_tail,e702a7edc9b04d570e4e1d8e,FY2022_Q3,Forecast/Guidance,0.5002937145094968,1,True,False,persistent,full_mainpanel,semi_infra_tooling,a16fa4f09e32918a12ea54666a381b25335da1e5bce8dce0d699e2d54431a7e5,295,included_in_public_release,author_created_derived_post_extraction_card,not_included_mixed_public_or_provider_access,not_redistributed_no_rights_grant,withheld_hash_locator_only
581dfcac7f2e109a337c,INTC,FY2022_Q3,FY2022_Q4,9f901c171fc7cee8fee11e28,8143acf1a3d1556837613fb2,ledger_forward+shock_forward,claim,Intel::Data Center Group,BOOSTS_REVENUE_OF,pricing,pricing,pricing_margin,positive,medium,0.9,False,explicit,[52],explicit_segment,b91c4536b8ca8bc3c08cd24b,FY2022_Q4,Forecast/Guidance,0.27441648194027907,2,True,False,unknown,full_mainpanel,semi_infra_tooling,359b65b4194982057701a56c70f8d786d7a3346079b77d29ca5ba85663dff507,241,included_in_public_release,author_created_derived_post_extraction_card,not_included_mixed_public_or_provider_access,not_redistributed_no_rights_grant,withheld_hash_locator_only
c6106810489d8e1ade18,INTC,FY2022_Q3,FY2022_Q4,32b6d62ebbe7ff3f27721924,46f2c019e463a4469b63c3fc,ledger_forward,event,UNKNOWN,LIMITS_REVENUE_OF,macro,macro,regulation_macro,negative,high,0.95,True,,[176],unresolved,da5fa8ea7c99d09b043049fb,FY2022_Q4,Forecast/Guidance,,0,True,False,persistent,full_mainpanel,semi_infra_tooling,25b8240d66d010e74085cda7e21a72de3b6bdf2c150510e6940d48041291d441,159,included_in_public_release,author_created_derived_post_extraction_card,not_included_mixed_public_or_provider_access,not_redistributed_no_rights_grant,withheld_hash_locator_only
ff32ff40a31c9448a0c9,INTC,FY2022_Q3,FY2022_Q4,edec27ab09df52f4cdc048d5,0b4f2eb720efcef83470a882,ledger_forward+shock_forward,event,Intel::Client Computing Group,LIMITS_REVENUE_OF,inventory,inventory,inventory_channel,negative,high,0.98,True,,[139],explicit_tail,e702a7edc9b04d570e4e1d8e,FY2022_Q4,Forecast/Guidance,0.529664884600339,1,True,False,persistent,full_mainpanel,semi_infra_tooling,b0828152ff4a2276a3c312b84c6ce50d20197fb6419fd739bba81a37209aa173,277,included_in_public_release,author_created_derived_post_extraction_card,not_included_mixed_public_or_provider_access,not_redistributed_no_rights_grant,withheld_hash_locator_only
498e8e3eb3b7466e34fd,INTC,FY2022_Q3,FY2022_Q4,e36093c4a902d3e0b6b371b3,7ffae0a0fa54edf984be15dd,ledger_forward+shock_forward,event,Intel::Network and Edge,LIMITS_REVENUE_OF,demand,demand,demand,negative,high,0.95,True,,[139],explicit_tail,da00ccd138c4dc934d67bc5c,FY2022_Q4,Forecast/Guidance,0.14773764506454556,3,True,False,persistent,full_mainpanel,semi_infra_tooling,b0828152ff4a2276a3c312b84c6ce50d20197fb6419fd739bba81a37209aa173,277,included_in_public_release,author_created_derived_post_extraction_card,not_included_mixed_public_or_provider_access,not_redistributed_no_rights_grant,withheld_hash_locator_only
9af6eaf45a166d319204,INTC,FY2022_Q3,FY2022_Q4,68eb1729247207af95be593f,52313196d59065b4f151254c,ledger_forward+shock_forward,event,Intel::Accelerated Computing Systems and Graphics,LIMITS_REVENUE_OF,demand,demand,demand,negative,high,0.95,True,,[139],explicit_tail,7ccb0c6e2513c1702f87ee19,FY2022_Q4,Forecast/Guidance,0.012061546485852132,5,True,False,persistent,full_mainpanel,semi_infra_tooling,b0828152ff4a2276a3c312b84c6ce50d20197fb6419fd739bba81a37209aa173,277,included_in_public_release,author_created_derived_post_extraction_card,not_included_mixed_public_or_provider_access,not_redistributed_no_rights_grant,withheld_hash_locator_only
1775c614f8fd3ff79a57,INTC,FY2022_Q4,FY2023_Q1,4f2099f16e96303b0e03e6ce,3b886c0f61dd41577719a8ba,ledger_forward+shock_forward,claim,Intel::Client Computing Group,CONSTRAINS_PRODUCTION_OF,supply,macro,supply_capacity,negative,high,0.95,True,explicit,[7],explicit_segment,c4ecbd96978dc32aa36b9f8d,FY2023_Q1,Forecast/Guidance,0.4717988890471443,1,True,False,persistent,full_mainpanel,semi_infra_tooling,9148bec009574bde9cca4e652577b85af858a94739334f18efb96609188e9035,129,included_in_public_release,author_created_derived_post_extraction_card,not_included_mixed_public_or_provider_access,not_redistributed_no_rights_grant,withheld_hash_locator_only
ee31db806914998f9938,INTC,FY2022_Q4,FY2023_Q1,5c81b9d8b8107f59b6c609e0,a99308c38303fa456590db8c,ledger_forward+shock_forward,claim,Intel::Data Center Group,CONSTRAINS_PRODUCTION_OF,supply,macro,supply_capacity,negative,medium,0.9,True,explicit,[8],explicit_segment,c4ecbd96978dc32aa36b9f8d,FY2023_Q1,Forecast/Guidance,0.3065090442956844,2,True,False,persistent,full_mainpanel,semi_infra_tooling,4caeb4679b68cb5c0f234e6ab43a83aeb4e2fede7d5c88d49dedbfbaa184facb,179,included_in_public_release,author_created_derived_post_extraction_card,not_included_mixed_public_or_provider_access,not_redistributed_no_rights_grant,withheld_hash_locator_only
265133aa72657f019945,INTC,FY2022_Q4,FY2023_Q1,c0806d8e86047b771bcd0683,b988a410a7f4ab0fdde13f3b,ledger_forward+shock_forward,claim,Intel::Client Computing Group,CONSTRAINS_PRODUCTION_OF,supply,inventory,supply_capacity,negative,high,0.95,False,explicit,[9],explicit_segment,239505c18c893d76a348f84e,FY2023_Q1,Forecast/Guidance,0.4717988890471443,1,True,False,unknown,full_mainpanel,semi_infra_tooling,1716e8c9740db4891717629e92bfdc9a0fe6cdf17a1fd6301715af979dff8f47,59,included_in_public_release,author_created_derived_post_extraction_card,not_included_mixed_public_or_provider_access,not_redistributed_no_rights_grant,withheld_hash_locator_only
0efcbf2ce97628304806,INTC,FY2022_Q4,FY2023_Q1,4950b030a7046bc5dda5e8d2,c76b45d5635b97a38a780098,ledger_forward,claim,Intel::Client Computing Group,BOOSTS_REVENUE_OF,demand,demand,demand,positive,medium,0.9,True,explicit,[9],explicit_segment,04a890ecf9cb72274b98eb01,FY2023_Q1,Realized/Reporting,0.4717988890471443,1,True,False,persistent,full_mainpanel,semi_infra_tooling,672e90483f1383ae7c57d6e5c0cbfb10fbe134d4f5c6dc2dd36b94521a58201a,138,included_in_public_release,author_created_derived_post_extraction_card,not_included_mixed_public_or_provider_access,not_redistributed_no_rights_grant,withheld_hash_locator_only
3abb5cd5ddc4b020ab75,INTC,FY2022_Q4,FY2023_Q1,a180b778b1c644e50ed759fc,ae3c0eb306e9d958e9d0fb73,ledger_forward+shock_forward,claim,Intel::Client Computing Group,BOOSTS_REVENUE_OF,competition,competition,revenue_boost_limit,positive,medium,0.95,True,explicit,[10],explicit_segment,a871d7e9856b151ae864f5d5,FY2023_Q1,Forecast/Guidance,0.4717988890471443,1,True,False,persistent,full_mainpanel,semi_infra_tooling,7229b8e3e0344d1ab598133f30c666ca61ec4f20af08f6164f62313d883b308f,99,included_in_public_release,author_created_derived_post_extraction_card,not_included_mixed_public_or_provider_access,not_redistributed_no_rights_grant,withheld_hash_locator_only
3ab23c248f080b20c326,INTC,FY2022_Q4,FY2023_Q1,c45d67df29bed952b11eb3ba,50e40db41966d3a5e3ec6966,ledger_forward+shock_forward,claim,Intel::Data Center Group,CONSTRAINS_PRODUCTION_OF,supply,demand,demand,negative,high,0.9,True,explicit,[11],explicit_segment,aa505921a94838300e60f231,FY2023_Q1,Forecast/Guidance,0.3065090442956844,2,True,False,persistent,full_mainpanel,semi_infra_tooling,49d921eb8855e300853269ea988a6023440f1eed38516edac54b6183b0fa586f,215,included_in_public_release,author_created_derived_post_extraction_card,not_included_mixed_public_or_provider_access,not_redistributed_no_rights_grant,withheld_hash_locator_only
d6af44213ee0abc18256,INTC,FY2022_Q4,FY2023_Q1,39546140cfae66f5b82d4717,1a84f6f5e1c9e1208bd7e88a,ledger_forward,claim,Intel::Network and Edge,BOOSTS_REVENUE_OF,demand,demand,demand,positive,medium,0.9,False,explicit,[12],explicit_segment,17e924bb63799e5f1b808c57,FY2023_Q1,Realized/Reporting,0.14677396382281727,3,True,False,unknown,full_mainpanel,semi_infra_tooling,0276a28b0b0725b36dbeb4ba12dcdb198bae4e4885a5956ad3f4a7e7041ba2ab,125,included_in_public_release,author_created_derived_post_extraction_card,not_included_mixed_public_or_provider_access,not_redistributed_no_rights_grant,withheld_hash_locator_only
593121d48b3a9daa2cf7,INTC,FY2022_Q4,FY2023_Q1,655271dad5430b80c20f5865,5b51b49a34c610a2b4226227,ledger_forward,claim,Intel::Mobileye,BOOSTS_REVENUE_OF,demand,demand,demand,positive,high,0.95,False,explicit,[56],explicit_segment,3e88e654fee6e6d5da1a8d5c,FY2023_Q1,Realized/Reporting,0.04023643355647344,4,True,False,unknown,full_mainpanel,semi_infra_tooling,66e649674911a3d6cbba59fe3bcd1e7dce451fed40eeeb40924706722e9ef7b8,115,included_in_public_release,author_created_derived_post_extraction_card,not_included_mixed_public_or_provider_access,not_redistributed_no_rights_grant,withheld_hash_locator_only
33dbee3bef363e0e7ae9,INTC,FY2022_Q4,FY2023_Q1,e531e59e14e3d38541645cf5,921592858020c91083297f6b,ledger_forward+shock_forward,claim,Intel::Data Center Group,CONSTRAINS_PRODUCTION_OF,supply,inventory,supply_capacity,negative,high,0.9,False,explicit,[96],explicit_segment,7b99b01fcba26e8306a8fed6,FY2023_Q1,Forecast/Guidance,0.3065090442956844,2,True,False,unknown,full_mainpanel,semi_infra_tooling,2c14f9aeb5a879fffb4e79ece6a1708d8c4e555b4059fd9f6277f52480ae809f,146,included_in_public_release,author_created_derived_post_extraction_card,not_included_mixed_public_or_provider_access,not_redistributed_no_rights_grant,withheld_hash_locator_only
21a4746d468be62cedf2,INTC,FY2022_Q4,FY2023_Q1,3fe353719dea4b85d1f579aa,e819bbb92e065fa4763f79d8,ledger_forward+shock_forward,event,Intel::Client Computing Group,LIMITS_REVENUE_OF,inventory,inventory,inventory_channel,negative,high,1.0,True,,[33],explicit_tail,e702a7edc9b04d570e4e1d8e,FY2023_Q1,Forecast/Guidance,0.4717988890471443,1,True,False,persistent,full_mainpanel,semi_infra_tooling,b67e3c0eeaa855c9887f6be469aff361972c5ec6487d065d6b9b871b4f07f26c,160,included_in_public_release,author_created_derived_post_extraction_card,not_included_mixed_public_or_provider_access,not_redistributed_no_rights_grant,withheld_hash_locator_only
c807c87f05d7d1cdad83,INTC,FY2023_Q1,FY2023_Q2,66e009b6531c0d79d5dfeb54,2a84c76384047d598872d4fa,ledger_forward+shock_forward,claim,Intel::Client Computing Group,DRIVES_DEMAND_FOR,demand,inventory,demand,positive,medium,0.9,False,explicit,[15],explicit_segment,678be81ffcd5f382f99b91ac,FY2023_Q2,Forecast/Guidance,0.4922748612889458,1,True,False,unknown,full_mainpanel,semi_infra_tooling,091714232af6d16da8ad4beaadbc2112ac798e6e0807b5d26ee416759e720644,187,included_in_public_release,author_created_derived_post_extraction_card,not_included_mixed_public_or_provider_access,not_redistributed_no_rights_grant,withheld_hash_locator_only
cede8939b945027450c3,INTC,FY2023_Q1,FY2023_Q2,6306a5f065b432b7612964c1,7688b276bf2346ba3e9ed35f,ledger_forward+shock_forward,claim,Intel::Data Center Group,BOOSTS_REVENUE_OF,demand,demand,demand,positive,medium,0.95,True,explicit,[73],explicit_segment,f5fee54c8bdf11415b9ecada,FY2023_Q2,Forecast/Guidance,0.3173708920187793,2,True,False,persistent,full_mainpanel,semi_infra_tooling,f95476589c9f74ec8235ee2c65e6d355b4342341d602de2869200f0fcd035d79,210,included_in_public_release,author_created_derived_post_extraction_card,not_included_mixed_public_or_provider_access,not_redistributed_no_rights_grant,withheld_hash_locator_only
93204088bf4c10cecb2b,INTC,FY2023_Q1,FY2023_Q2,a526e45c3c4672ab2d697244,e6e1562c6f3c9c44772831d3,ledger_forward+shock_forward,claim,Intel::Client Computing Group,BOOSTS_REVENUE_OF,inventory,inventory,inventory_channel,positive,medium,0.9,False,explicit,[51],explicit_segment,6a0be6701fb552481e8d5f6a,FY2023_Q2,Forecast/Guidance,0.4922748612889458,1,True,False,unknown,full_mainpanel,semi_infra_tooling,8413038b0daa047b4685ddeac6d8fc22b7a923dbf7133918a83ec5045c372b1b,249,included_in_public_release,author_created_derived_post_extraction_card,not_included_mixed_public_or_provider_access,not_redistributed_no_rights_grant,withheld_hash_locator_only
81b2a651f8987b9d9672,INTC,FY2023_Q1,FY2023_Q2,5d2141dfec2065ae5b51df39,b341028db56f721e89a662d1,ledger_forward,event,UNKNOWN,LIMITS_REVENUE_OF,inventory,inventory,inventory_channel,negative,medium,0.95,False,,[26],unresolved,854cb5d903e1276957ded889,FY2023_Q2,Forecast/Guidance,,0,True,False,unknown,full_mainpanel,semi_infra_tooling,091714232af6d16da8ad4beaadbc2112ac798e6e0807b5d26ee416759e720644,187,included_in_public_release,author_created_derived_post_extraction_card,not_included_mixed_public_or_provider_access,not_redistributed_no_rights_grant,withheld_hash_locator_only
2c59b2b6ef437507a2dd,INTC,FY2023_Q1,FY2023_Q2,e1dc540070c185faa31b9b16,99ef6fa49501e1d83b5a31b0,ledger_forward+shock_forward,event,Intel::Client Computing Group,LIMITS_REVENUE_OF,inventory,inventory,inventory_channel,negative,medium,0.9,False,,[131],explicit_tail,e702a7edc9b04d570e4e1d8e,FY2023_Q2,Forecast/Guidance,0.4922748612889458,1,True,False,unknown,full_mainpanel,semi_infra_tooling,72e15269cec10d90a170d6670a3f1b3adf5e24bcfc68d7f7b1aaa697f16b9f09,109,included_in_public_release,author_created_derived_post_extraction_card,not_included_mixed_public_or_provider_access,not_redistributed_no_rights_grant,withheld_hash_locator_only
baf2f3a032201e9c0c18,INTC,FY2023_Q2,FY2023_Q3,f1b0611b6591b20327b3349f,76e66fa68a3204416fd0b3ac,ledger_forward+shock_forward,claim,Intel::Client Computing Group,DRIVES_DEMAND_FOR,demand,demand,demand,positive,high,1.0,True,explicit,[38],explicit_segment,22d2484f1d0f94299dc4fee0,FY2023_Q3,Forecast/Guidance,0.5235925554096842,1,True,False,persistent,full_mainpanel,semi_infra_tooling,5047a1543ea63f0b87fa1fdea419d76faaa230d8b90abdfd4934df39ba2510a4,173,included_in_public_release,author_created_derived_post_extraction_card,not_included_mixed_public_or_provider_access,not_redistributed_no_rights_grant,withheld_hash_locator_only
6a7b9af0ae05804fba24,INTC,FY2023_Q2,FY2023_Q3,6813f1b7620e1f9de9cc2cdc,3f867a93546791624e56edcf,ledger_forward+shock_forward,claim,Intel::Data Center Group,CONSTRAINS_PRODUCTION_OF,supply,inventory,supply_capacity,negative,medium,1.0,True,explicit,[50],explicit_segment,239505c18c893d76a348f84e,FY2023_Q3,Forecast/Guidance,0.30921306664607306,2,True,False,persistent,full_mainpanel,semi_infra_tooling,23e071b2c8cddb261ee49cc8b7347e8a80ece4a80509dafc262cf35e40ddda88,74,included_in_public_release,author_created_derived_post_extraction_card,not_included_mixed_public_or_provider_access,not_redistributed_no_rights_grant,withheld_hash_locator_only
170294264534fdaf6c26,INTC,FY2023_Q2,FY2023_Q3,59e51b05e306e9f742c77f4c,63491250031255f6b901b5f2,ledger_forward+shock_forward,event,Intel::Client Computing Group,SUPPORTS_REVENUE_OF,inventory,inventory,inventory_channel,positive,medium,0.9,True,,[57],explicit_tail,e702a7edc9b04d570e4e1d8e,FY2023_Q3,Forecast/Guidance,0.5235925554096842,1,True,False,persistent,full_mainpanel,semi_infra_tooling,f8f4ed1e2b98708a4301835063080abc4efcdf1c530f5b8246e34df45bf7cfaf,148,included_in_public_release,author_created_derived_post_extraction_card,not_included_mixed_public_or_provider_access,not_redistributed_no_rights_grant,withheld_hash_locator_only
7235cde333743ef2ebfe,INTC,FY2023_Q2,FY2023_Q3,26bea01425c1f93b00eb67ad,963458d961a035fa75f5530e,ledger_forward+shock_forward,event,Intel::Data Center Group,LIMITS_REVENUE_OF,inventory,inventory,inventory_channel,negative,high,0.95,True,,[80],explicit_tail,d5d50875c3bc0f02ff0c9846,FY2023_Q3,Forecast/Guidance,0.30921306664607306,2,True,False,persistent,full_mainpanel,semi_infra_tooling,70116d95afdb2ac15089ceb91be6f40b4735820a39abd38ff5ca880809041f78,200,included_in_public_release,author_created_derived_post_extraction_card,not_included_mixed_public_or_provider_access,not_redistributed_no_rights_grant,withheld_hash_locator_only
d6d5557b610204a9fb72,INTC,FY2023_Q2,FY2023_Q3,5d54929ba8eb448476c648da,017309ed32dfeb59774ccb86,ledger_forward+shock_forward,event,Intel::Data Center Group,LIMITS_REVENUE_OF,demand,demand,demand,negative,high,0.9,True,,[80],explicit_tail,d5d50875c3bc0f02ff0c9846,FY2023_Q3,Forecast/Guidance,0.30921306664607306,2,True,False,persistent,full_mainpanel,semi_infra_tooling,70116d95afdb2ac15089ceb91be6f40b4735820a39abd38ff5ca880809041f78,200,included_in_public_release,author_created_derived_post_extraction_card,not_included_mixed_public_or_provider_access,not_redistributed_no_rights_grant,withheld_hash_locator_only
044a35ce1db31d15622f,INTC,FY2023_Q2,FY2023_Q3,ca2cc827b1b194b309c1ba80,019f67457fd0a1873403553a,ledger_forward+shock_forward,event,Intel::Network and Edge,LIMITS_REVENUE_OF,demand,demand,demand,negative,high,0.95,True,,[142],explicit_tail,da00ccd138c4dc934d67bc5c,FY2023_Q3,Forecast/Guidance,0.10533631940690401,3,True,False,persistent,full_mainpanel,semi_infra_tooling,cbcb5132cb026294298ad9eb0552d7809732d2c98b482a328e7bb1a4963269d3,64,included_in_public_release,author_created_derived_post_extraction_card,not_included_mixed_public_or_provider_access,not_redistributed_no_rights_grant,withheld_hash_locator_only
5b8fffcc409a3fc793e1,INTC,FY2023_Q3,FY2023_Q4,fd74c10793be75725a984793,8c4a0939f325dd69a1ec1638,ledger_forward,claim,Intel::Client Computing Group,BOOSTS_REVENUE_OF,inventory,inventory,inventory_channel,positive,medium,0.95,True,explicit,[109],explicit_segment,cc978069c75660704d40dcb7,FY2023_Q4,Realized/Reporting,0.5556575787540613,1,True,False,persistent,full_mainpanel,semi_infra_tooling,bae1c367d964fd1d0d6e159cea63d44ec9a8129cd9830d404cbd24dbf9dce89a,159,included_in_public_release,author_created_derived_post_extraction_card,not_included_mixed_public_or_provider_access,not_redistributed_no_rights_grant,withheld_hash_locator_only
6306563291a52d5480fc,INTC,FY2023_Q3,FY2023_Q4,dcba4093f23b5a0f01766444,9255473d0e13fb58f6c6bdbd,ledger_forward+shock_forward,claim,Intel::Client Computing Group,BOOSTS_REVENUE_OF,demand,demand,demand,positive,medium,0.95,False,explicit,[111],explicit_segment,7e7bf80dd83d882d9c9df7ce,FY2023_Q4,Forecast/Guidance,0.5556575787540613,1,True,False,unknown,full_mainpanel,semi_infra_tooling,931f24d3097b53111a74758d242ee3e0a244374fad6c87b8da791996e304f81e,176,included_in_public_release,author_created_derived_post_extraction_card,not_included_mixed_public_or_provider_access,not_redistributed_no_rights_grant,withheld_hash_locator_only
8f69e3a680007f009f2f,INTC,FY2023_Q3,FY2023_Q4,b71c9735c66b3b17846dafec,58ab6e28b9cf69b42ec71ab7,ledger_forward+shock_forward,event,Intel::Programmable Solutions Group,LIMITS_REVENUE_OF,inventory,inventory,inventory_channel,negative,high,1.0,True,,[162],explicit_tail,aee5b22f728db00819e36c83,FY2023_Q4,Forecast/Guidance,,0,True,False,persistent,full_mainpanel,semi_infra_tooling,fccd62227da84250ae8370b265301e05c9a20e5d52afa17cd17cfb9de33457ac,312,included_in_public_release,author_created_derived_post_extraction_card,not_included_mixed_public_or_provider_access,not_redistributed_no_rights_grant,withheld_hash_locator_only
c1c46297fd7a79166d9a,INTC,FY2023_Q3,FY2023_Q4,34d29d7e1db41c29fb374324,be4f4a712362b7aa6ac3b7cb,ledger_forward+shock_forward,event,Intel::Network and Edge,LIMITS_REVENUE_OF,inventory,inventory,inventory_channel,negative,medium,1.0,True,,[166],explicit_tail,da00ccd138c4dc934d67bc5c,FY2023_Q4,Forecast/Guidance,0.10241559542308236,3,True,False,persistent,full_mainpanel,semi_infra_tooling,8ddf2335649d3d4bc8fafa10406d7c5c372f08f6ed9bae5b640a6c60cca6e65a,142,included_in_public_release,author_created_derived_post_extraction_card,not_included_mixed_public_or_provider_access,not_redistributed_no_rights_grant,withheld_hash_locator_only
377f1d19d26c91951c11,INTC,FY2023_Q4,FY2024_Q1,08e69fa8a54f38dbbead9345,a0ab5dffddd93683901f9518,ledger_forward+shock_forward,claim,Intel::Data Center Group,BOOSTS_REVENUE_OF,demand,demand,demand,positive,high,1.0,True,explicit,[49],explicit_segment,f225525c83adac7fa72cf1cf,FY2024_Q1,Forecast/Guidance,0.25866545501752564,2,True,False,persistent,full_mainpanel,semi_infra_tooling,2969af03895ac6325810e07c9303c5e26f33ba5b50075e8898bc1912413a732a,207,included_in_public_release,author_created_derived_post_extraction_card,not_included_mixed_public_or_provider_access,not_redistributed_no_rights_grant,withheld_hash_locator_only
4ca5426d8a3b9239b72c,INTC,FY2023_Q4,FY2024_Q1,ef4420e6f49767e0028c2d16,1f520fa3016648b57b402c2f,ledger_forward+shock_forward,event,Intel::Mobileye,LIMITS_REVENUE_OF,inventory,inventory,inventory_channel,negative,high,1.0,False,,[111],explicit_tail,8a519610161a71a8243092d6,FY2024_Q1,Forecast/Guidance,0.0413475269375568,4,True,False,unknown,full_mainpanel,semi_infra_tooling,5e9e8b3b0982f1f5bc00ae4a214b77d7d71f40f5ff325d40d6c6558f778a8164,66,included_in_public_release,author_created_derived_post_extraction_card,not_included_mixed_public_or_provider_access,not_redistributed_no_rights_grant,withheld_hash_locator_only
2fdb404e83caa44f2270,INTC,FY2023_Q4,FY2024_Q1,c54980acf3df105c99e645b3,01de0e6f15362585019200f8,ledger_forward+shock_forward,event,Intel::Programmable Solutions Group,LIMITS_REVENUE_OF,inventory,inventory,inventory_channel,negative,high,1.0,False,,[90],explicit_tail,aee5b22f728db00819e36c83,FY2024_Q1,Forecast/Guidance,,0,True,False,unknown,full_mainpanel,semi_infra_tooling,45eb5d128b78c5edf4f8604edededdea2d8cb9c887996f9c8a5786e82c6fd228,155,included_in_public_release,author_created_derived_post_extraction_card,not_included_mixed_public_or_provider_access,not_redistributed_no_rights_grant,withheld_hash_locator_only
5a97765974e98eca351a,INTC,FY2023_Q4,FY2024_Q1,cfbff2e2dac4548a8e4d820b,1411a233e673514b6305f3fe,ledger_forward+shock_forward,event,Intel::Intel Foundry,LIMITS_REVENUE_OF,demand,demand,demand,negative,medium,1.0,False,,[164],explicit_tail,317443e65f3006577e01c758,FY2024_Q1,Forecast/Guidance,0.018888744644943528,5,True,False,unknown,full_mainpanel,semi_infra_tooling,3c6e59f5a5ff47da350de35d05c94f0888c9cf3dd74c2305b25a528ba5f578e6,237,included_in_public_release,author_created_derived_post_extraction_card,not_included_mixed_public_or_provider_access,not_redistributed_no_rights_grant,withheld_hash_locator_only
1a4e6444b1f78746cb73,INTC,FY2024_Q1,FY2024_Q2,a7814b87a78506b9b00004bc,7b7da195eae5a767d5bdd3da,ledger_forward+shock_forward,claim,Intel::Client Computing Group,DRIVES_DEMAND_FOR,demand,demand,demand,positive,high,0.95,True,explicit,[43],explicit_segment_with_path,11d259713b51533b6dc4ed48,FY2024_Q2,Forecast/Guidance,,0,True,False,persistent,full_mainpanel,semi_infra_tooling,b8af25009b1d607018f9f9df8a51da564a275d938ef2192eae79020d80a6e354,343,included_in_public_release,author_created_derived_post_extraction_card,not_included_mixed_public_or_provider_access,not_redistributed_no_rights_grant,withheld_hash_locator_only
d36610da0d2bf0eb9d48,INTC,FY2024_Q1,FY2024_Q2,70c99e1ac2b7f70faf3b134c,7dec19b53b63d31193a36401,ledger_forward+shock_forward,claim,Intel::Data Center Group,BOOSTS_REVENUE_OF,demand,demand,demand,positive,high,0.95,True,explicit,[48],explicit_segment,6eaa891d9e73a65fcac8fb88,FY2024_Q2,Forecast/Guidance,,0,True,False,persistent,full_mainpanel,semi_infra_tooling,f17db3e9ebb04b2ce290335dbbf498802f1794eaf34842ccb4ea8ede1f701d2e,189,included_in_public_release,author_created_derived_post_extraction_card,not_included_mixed_public_or_provider_access,not_redistributed_no_rights_grant,withheld_hash_locator_only
2c238e2406c77b3ce3ee,INTC,FY2024_Q1,FY2024_Q2,cdbf819e527132bc7beb7d23,1ce7ff87d2fcbcf4f1206cee,ledger_forward+shock_forward,event,Intel::Client Computing Group,LIMITS_REVENUE_OF,supply,supply,supply_capacity,negative,medium,1.0,False,,[151],explicit_tail,e702a7edc9b04d570e4e1d8e,FY2024_Q2,Forecast/Guidance,,0,True,False,unknown,full_mainpanel,semi_infra_tooling,b4d19c1b8ee2392b2a605656208880d74f9b807ce6a8487f726e1a0d864d71ee,143,included_in_public_release,author_created_derived_post_extraction_card,not_included_mixed_public_or_provider_access,not_redistributed_no_rights_grant,withheld_hash_locator_only
8d6ae18b6dc96e847644,INTC,FY2024_Q1,FY2024_Q2,642f5d44bd6b6dd353348af5,9f24a4ebb4910fa824c79d03,ledger_forward+shock_forward,event,Intel::Mobileye,BOOSTS_REVENUE_OF,inventory,inventory,inventory_channel,positive,medium,0.9,False,,[140],explicit_tail,8a519610161a71a8243092d6,FY2024_Q2,Forecast/Guidance,,0,True,False,unknown,full_mainpanel,semi_infra_tooling,94943a92768d4ef5b7d2f00f791e10d178fdbf97de9228a08ab2d5ba36037401,173,included_in_public_release,author_created_derived_post_extraction_card,not_included_mixed_public_or_provider_access,not_redistributed_no_rights_grant,withheld_hash_locator_only
d96d9918ef5bd29668b1,INTC,FY2024_Q1,FY2024_Q2,b1484bf291d4c022f2e78cac,ca8eb6a157957b7ac34fe999,ledger_forward+shock_forward,event,Intel::Network and Edge,BOOSTS_REVENUE_OF,inventory,inventory,inventory_channel,positive,medium,0.9,False,,[71],explicit_tail,da00ccd138c4dc934d67bc5c,FY2024_Q2,Forecast/Guidance,,0,True,False,unknown,full_mainpanel,semi_infra_tooling,ab21fee0222b2727a7b67357dbe6e0bddadea86fd33d94d9f876af8407067b38,167,included_in_public_release,author_created_derived_post_extraction_card,not_included_mixed_public_or_provider_access,not_redistributed_no_rights_grant,withheld_hash_locator_only
3a0f85320aef3d4d09dc,INTC,FY2024_Q2,FY2024_Q3,29c5aab59ec8a962d6207ddb,366ed83665b949f8fecbd223,ledger_forward+shock_forward,event,Intel::Client Computing Group,LIMITS_REVENUE_OF,inventory,inventory,inventory_channel,negative,medium,0.95,True,,[52],explicit_tail,e702a7edc9b04d570e4e1d8e,FY2024_Q3,Forecast/Guidance,,0,True,False,persistent,full_mainpanel,semi_infra_tooling,f3194f968e0fb9bb6e8cfc6d4471bd92ab4743cc19820fc116e180e9643680d4,182,included_in_public_release,author_created_derived_post_extraction_card,not_included_mixed_public_or_provider_access,not_redistributed_no_rights_grant,withheld_hash_locator_only
9f050333311701d8d0ce,INTC,FY2024_Q2,FY2024_Q3,b59b2914eda6d59ca813dee8,b0ccc53a401c502cb34a568b,ledger_forward,event,UNKNOWN,LIMITS_REVENUE_OF,demand,demand,demand,negative,medium,0.95,True,,[157],unresolved,854cb5d903e1276957ded889,FY2024_Q3,Forecast/Guidance,,0,True,False,persistent,full_mainpanel,semi_infra_tooling,1f43e29ca1481d593c57c860f0d22f19d88205e4210b0c185a001945e1743836,163,included_in_public_release,author_created_derived_post_extraction_card,not_included_mixed_public_or_provider_access,not_redistributed_no_rights_grant,withheld_hash_locator_only
48d47bf354fb40dc8525,INTC,FY2024_Q2,FY2024_Q3,054a65be0439deedb82faede,001a0df2e7af2d2759410ac2,ledger_forward,event,UNKNOWN,LIMITS_REVENUE_OF,regulation,regulation,regulation_macro,negative,medium,0.95,True,,[156],unresolved,854cb5d903e1276957ded889,FY2024_Q3,Forecast/Guidance,,0,True,False,persistent,full_mainpanel,semi_infra_tooling,06b924158b388213a8057eb02eeb9906d578217112c9f0831cac5eeb2e23a241,143,included_in_public_release,author_created_derived_post_extraction_card,not_included_mixed_public_or_provider_access,not_redistributed_no_rights_grant,withheld_hash_locator_only
76691339b34902a46fa1,INTC,FY2024_Q3,FY2024_Q4,7cab4ac438b7c07c89b5aaf9,a7594f1ce8a089117c1aeadb,ledger_forward+shock_forward,claim,Intel::Client Computing Group,BOOSTS_REVENUE_OF,product_transition,product_transition,product_transition,positive,medium,0.9,True,explicit,[24],explicit_segment,e616c29231709ae48e922619,FY2024_Q4,Forecast/Guidance,,0,True,False,persistent,full_mainpanel,semi_infra_tooling,e3c3a37c28c7a1f3b057638b93b4362a12f8edaf85c31489fe9502bf271e7b71,182,included_in_public_release,author_created_derived_post_extraction_card,not_included_mixed_public_or_provider_access,not_redistributed_no_rights_grant,withheld_hash_locator_only
c32ad5827f8942a598db,INTC,FY2024_Q3,FY2024_Q4,53fd5fe30eb4d87fa3f657e3,bde2ab8d016fcc3b7de50ddf,ledger_forward+shock_forward,claim,Intel::Client Computing Group,BOOSTS_REVENUE_OF,demand,demand,demand,positive,high,0.9,True,explicit,[57],explicit_segment,e3de2d10216b504b540a5c60,FY2024_Q4,Forecast/Guidance,,0,True,False,persistent,full_mainpanel,semi_infra_tooling,dbd630ad7bec2eb388d5b592c812901f1652978c2aa3960cc79fcaef3b7be76c,95,included_in_public_release,author_created_derived_post_extraction_card,not_included_mixed_public_or_provider_access,not_redistributed_no_rights_grant,withheld_hash_locator_only
2c5c63d5ffd08e1f59c2,INTC,FY2024_Q3,FY2024_Q4,47a0f26af2e8489e64f2e9a6,c8e03a21414ceccfc6cd7f57,ledger_forward+shock_forward,claim,Intel::Client Computing Group,BOOSTS_REVENUE_OF,supply,supply,supply_capacity,mixed,medium,0.85,True,explicit,[57],explicit_segment,9e406ced4d155487fac9ac6e,FY2024_Q4,Forecast/Guidance,,0,True,False,persistent,full_mainpanel,semi_infra_tooling,61704c8d1620521f5011f71f48db85ce38ab05219a768e5ee82e5df9394e3706,188,included_in_public_release,author_created_derived_post_extraction_card,not_included_mixed_public_or_provider_access,not_redistributed_no_rights_grant,withheld_hash_locator_only
ca4ddd4c2e6df9a59e89,INTC,FY2024_Q3,FY2024_Q4,10d8a12068a4f26ffe54c288,f064cd584c1bdf256869e102,ledger_forward+shock_forward,event,Intel::Client Computing Group,LIMITS_REVENUE_OF,inventory,inventory,inventory_channel,negative,medium,0.95,True,,[143],explicit_tail,e702a7edc9b04d570e4e1d8e,FY2024_Q4,Forecast/Guidance,,0,True,False,persistent,full_mainpanel,semi_infra_tooling,2981774a101ec35babdf1065dbdfa06e0a19f1e30e36f23c9c26dc6e8a5e7742,131,included_in_public_release,author_created_derived_post_extraction_card,not_included_mixed_public_or_provider_access,not_redistributed_no_rights_grant,withheld_hash_locator_only
ecbe45fd59495ded1db1,INTC,FY2024_Q4,FY2025_Q1,cf721a3b598cfcc2079765fd,005dbb444aecc3a9889ff541,ledger_forward+shock_forward,claim,Intel::Client Computing Group,BOOSTS_REVENUE_OF,product_transition,product_transition,product_transition,positive,high,0.95,True,explicit,[24],explicit_segment,e616c29231709ae48e922619,FY2025_Q1,Forecast/Guidance,,0,True,False,persistent,full_mainpanel,semi_infra_tooling,4e17006e0f1025638ae34ef28e0f4054fd61d966d2d4fbd8b8a0204c464b8430,168,included_in_public_release,author_created_derived_post_extraction_card,not_included_mixed_public_or_provider_access,not_redistributed_no_rights_grant,withheld_hash_locator_only
66a42b65327478beaaff,INTC,FY2024_Q4,FY2025_Q1,322f7c85cea9585f408dfd24,9728b22319dfe0407546516f,ledger_forward+shock_forward,claim,Intel::Data Center Group,BOOSTS_REVENUE_OF,product_transition,product_transition,product_transition,positive,medium,0.9,False,explicit,[33],explicit_segment,70758d89f000a55f80e956f0,FY2025_Q1,Forecast/Guidance,,0,True,False,unknown,full_mainpanel,semi_infra_tooling,83a62e10b31d792ac6125c059097ebb706b0fb87bc8d6734371dc44bcda83371,79,included_in_public_release,author_created_derived_post_extraction_card,not_included_mixed_public_or_provider_access,not_redistributed_no_rights_grant,withheld_hash_locator_only
d273e503bece64648ae0,INTC,FY2024_Q4,FY2025_Q1,816dc64bfb493b4d473c71ba,4bda936b7e0c3c311715e323,ledger_forward+shock_forward,claim,Intel::Intel Foundry,BOOSTS_REVENUE_OF,supply,supply,supply_capacity,positive,medium,0.95,True,explicit,[53],explicit_segment,c5e23ec92cd16f4144c9b0b2,FY2025_Q1,Forecast/Guidance,0.3157082748948107,2,True,False,persistent,full_mainpanel,semi_infra_tooling,e5b39093d844b93df7fc5c35e6acd39a5f13cfa2b709069991df1e593e24e519,217,included_in_public_release,author_created_derived_post_extraction_card,not_included_mixed_public_or_provider_access,not_redistributed_no_rights_grant,withheld_hash_locator_only
01c2227d727e6e83d030,INTC,FY2024_Q4,FY2025_Q1,4d98b514e404a406512a74ca,63b7148f970706d689b70f67,ledger_forward+shock_forward,claim,Intel::Data Center Group,LIMITS_REVENUE_OF,competition,competition,revenue_boost_limit,negative,medium,0.7,False,inferred,"[30,32,34]",explicit_segment,42eb8d0b2fd1473af0a2d921,FY2025_Q1,Forecast/Guidance,,0,True,False,unknown,full_mainpanel,semi_infra_tooling,dc92471a493cd5c14d3450d715e4733e658d3ad9873465e2e0e3ed9e6f2118d4,152,included_in_public_release,author_created_derived_post_extraction_card,not_included_mixed_public_or_provider_access,not_redistributed_no_rights_grant,withheld_hash_locator_only
c158e12dea498f6bb567,INTC,FY2024_Q4,FY2025_Q1,ef40c738bde83da84aab1e59,91b10302e700acea678d096d,ledger_forward,event,UNKNOWN,LIMITS_REVENUE_OF,macro,macro,regulation_macro,negative,medium,0.9,False,,[382],unresolved,854cb5d903e1276957ded889,FY2025_Q1,Forecast/Guidance,,0,True,False,unknown,full_mainpanel,semi_infra_tooling,1684a8d69a5ce0db5bdc4ed0e6a5614305a5ff8c3d400a7c3beb7348a806bdb2,207,included_in_public_release,author_created_derived_post_extraction_card,not_included_mixed_public_or_provider_access,not_redistributed_no_rights_grant,withheld_hash_locator_only
16f69c2f182a94d20aef,INTC,FY2024_Q4,FY2025_Q1,f8d42d99e6762ef17f59a477,a8538395f52964e51c2141bc,ledger_forward+shock_forward,event,Intel::Client Computing Group,LIMITS_REVENUE_OF,inventory,inventory,inventory_channel,negative,medium,0.95,False,,[173],explicit_tail,e702a7edc9b04d570e4e1d8e,FY2025_Q1,Forecast/Guidance,,0,True,False,unknown,full_mainpanel,semi_infra_tooling,2108e71292915da3b1c5bee048a4b805055a2e8f0930beb21e22b13c75fd7c91,132,included_in_public_release,author_created_derived_post_extraction_card,not_included_mixed_public_or_provider_access,not_redistributed_no_rights_grant,withheld_hash_locator_only
2905a9b451aa7fb063f9,INTC,FY2024_Q4,FY2025_Q1,d85f5d7b7e656c521ef9dc59,0f44f632779ae4fde7c8b4bc,ledger_forward+shock_forward,event,Intel::Client Computing Group,LIMITS_REVENUE_OF,competition,competition,revenue_boost_limit,negative,medium,0.95,False,,[173],explicit_tail,e702a7edc9b04d570e4e1d8e,FY2025_Q1,Forecast/Guidance,,0,True,False,unknown,full_mainpanel,semi_infra_tooling,2108e71292915da3b1c5bee048a4b805055a2e8f0930beb21e22b13c75fd7c91,132,included_in_public_release,author_created_derived_post_extraction_card,not_included_mixed_public_or_provider_access,not_redistributed_no_rights_grant,withheld_hash_locator_only
26413215108289d9ae0c,INTC,FY2025_Q1,FY2025_Q2,f1b3705506fa5d64bdb96686,08b75f9e862988b17f0d1943,ledger_forward+shock_forward,event,Intel::Intel Products,LIMITS_REVENUE_OF,macro,macro,regulation_macro,negative,high,0.95,False,,[133],explicit_tail,e47b3191680628895175d8f7,FY2025_Q2,Forecast/Guidance,0.9280018946869819,1,True,False,unknown,full_mainpanel,semi_infra_tooling,fc73ff7cde1ed3299f04f1cafe612a0b0803417368bdbc482e3741af6ffedc6d,175,included_in_public_release,author_created_derived_post_extraction_card,not_included_mixed_public_or_provider_access,not_redistributed_no_rights_grant,withheld_hash_locator_only
df5678b37c54e01e9aa7,INTC,FY2025_Q1,FY2025_Q2,4c01cffd097b3493b1d8b2b8,0d486d96d8b256a5daf6d8f8,ledger_forward+shock_forward,event,Intel::Intel Foundry,LIMITS_REVENUE_OF,supply,supply,supply_capacity,negative,high,0.95,False,,[136],explicit_tail,317443e65f3006577e01c758,FY2025_Q2,Forecast/Guidance,0.36843767269282385,3,True,False,unknown,full_mainpanel,semi_infra_tooling,4d62b1d7c2832eb892a138772efb1177d98cc65be1ee3285cf697c8ca0745072,219,included_in_public_release,author_created_derived_post_extraction_card,not_included_mixed_public_or_provider_access,not_redistributed_no_rights_grant,withheld_hash_locator_only
22991c1eefc02a48bb1d,INTC,FY2025_Q2,FY2025_Q3,d12a530e102d24bda21bb107,4f94354cde1833377c61295a,ledger_forward+shock_forward,claim,Intel::Client Computing Group,LIMITS_REVENUE_OF,product_transition,product_transition,product_transition,negative,medium,1.0,False,explicit,[64],explicit_segment,9a21ee3de7bd756ca9bc3d65,FY2025_Q3,Forecast/Guidance,,0,True,False,unknown,full_mainpanel,semi_infra_tooling,5dc1d4c8a9015ac6cd470abcbcf58b61ee98a9274fadc65f0897fc10e86c9927,160,included_in_public_release,author_created_derived_post_extraction_card,not_included_mixed_public_or_provider_access,not_redistributed_no_rights_grant,withheld_hash_locator_only
e3d7512147d439e51209,INTC,FY2025_Q2,FY2025_Q3,2911a0bbb1ef1ca49d2fed5b,d35f009dcb4cad92e9160be5,ledger_forward+shock_forward,claim,Intel::Client Computing Group,BOOSTS_REVENUE_OF,product_transition,product_transition,product_transition,positive,medium,1.0,True,explicit,[68],explicit_segment,e616c29231709ae48e922619,FY2025_Q3,Forecast/Guidance,,0,True,False,persistent,full_mainpanel,semi_infra_tooling,66470c10af5fe7a2e14d90746c0cd310582d7317d2148bb3a8966f7fff3ecadc,333,included_in_public_release,author_created_derived_post_extraction_card,not_included_mixed_public_or_provider_access,not_redistributed_no_rights_grant,withheld_hash_locator_only
66ab47ef39e09ab23da8,INTC,FY2025_Q2,FY2025_Q3,3130381ddf7c88e2d6217764,0a38f40a9eb0620b212ef4f5,ledger_forward+shock_forward,claim,Intel::Intel Foundry,BOOSTS_REVENUE_OF,product_transition,product_transition,product_transition,positive,medium,1.0,True,explicit,"[70,71]",explicit_segment,ef2ae0e3a3ac736bd46c1170,FY2025_Q3,Forecast/Guidance,0.34349482852476865,3,True,False,persistent,full_mainpanel,semi_infra_tooling,a62ad5d398a147bad57afc6c27e7528368a7deaf80bfc1b617c1baef1c1916bc,358,included_in_public_release,author_created_derived_post_extraction_card,not_included_mixed_public_or_provider_access,not_redistributed_no_rights_grant,withheld_hash_locator_only
4d9dbfa64c3c35ef1f19,INTC,FY2025_Q2,FY2025_Q3,db990391cdaa977f22b63020,15c9bb2d9b846112fbc7a3c4,ledger_forward+shock_forward,claim,Intel::Intel Products,BOOSTS_REVENUE_OF,pricing,pricing,pricing_margin,positive,medium,1.0,False,explicit,[72],explicit_segment,517a43bbcbf157f06013d02f,FY2025_Q3,Forecast/Guidance,0.9184228944707986,1,True,False,unknown,full_mainpanel,semi_infra_tooling,c70c711b59fd2103a2256fc753da3cf7d538d4662df61fdb4e77081708cc22e8,297,included_in_public_release,author_created_derived_post_extraction_card,not_included_mixed_public_or_provider_access,not_redistributed_no_rights_grant,withheld_hash_locator_only
babad49feb902849870c,INTC,FY2025_Q2,FY2025_Q3,5a8965a9d500bff7b5135a07,1bedf84dc7213b8b59a0f062,ledger_forward+shock_forward,claim,Intel::Intel Products,BOOSTS_REVENUE_OF,product_transition,product_transition,product_transition,positive,medium,1.0,False,explicit,[73],explicit_segment,58b19cc0a091fe5d152fbf61,FY2025_Q3,Forecast/Guidance,0.9184228944707986,1,True,False,unknown,full_mainpanel,semi_infra_tooling,51286b3b0b7b1c95ad4088394eda24b571f2913bf97fcdfb93361d42869a0f2c,157,included_in_public_release,author_created_derived_post_extraction_card,not_included_mixed_public_or_provider_access,not_redistributed_no_rights_grant,withheld_hash_locator_only
a484eda4f768944d7c78,INTC,FY2025_Q2,FY2025_Q3,2f55565913ebdeb9f77377d0,a17b652cf765be5af26f78ae,ledger_forward+shock_forward,event,Intel::Intel Foundry,LIMITS_REVENUE_OF,supply,supply,supply_capacity,negative,medium,1.0,True,,[157],explicit_tail,317443e65f3006577e01c758,FY2025_Q3,Forecast/Guidance,0.34349482852476865,3,True,False,persistent,full_mainpanel,semi_infra_tooling,4a9bd404b265b1ef2ba9a4fc8a02b3633c45c09695adf39b186ebcc8ec1cd924,169,included_in_public_release,author_created_derived_post_extraction_card,not_included_mixed_public_or_provider_access,not_redistributed_no_rights_grant,withheld_hash_locator_only
f64c45ab714b9ea4fe4c,INTC,FY2025_Q2,FY2025_Q3,47ad3b6fc4738c7c59d173ed,e55e75cc78b8bea18fc5f3cc,ledger_forward+shock_forward,event,Intel::Intel Foundry,LIMITS_REVENUE_OF,demand,demand,demand,negative,medium,1.0,True,,[157],explicit_tail,317443e65f3006577e01c758,FY2025_Q3,Forecast/Guidance,0.34349482852476865,3,True,False,persistent,full_mainpanel,semi_infra_tooling,af42c449e74474efbeac15116cc50895b86e885cc2d4069ce3e02e8e14fe832c,234,included_in_public_release,author_created_derived_post_extraction_card,not_included_mixed_public_or_provider_access,not_redistributed_no_rights_grant,withheld_hash_locator_only
2d11ccd3ab09c4610cae,INTC,FY2025_Q3,FY2025_Q4,7789a8f5774355c1383b4443,ee22e47328c6ae23bfd84bbd,ledger_forward+shock_forward,claim,Intel::Client Computing Group,BOOSTS_REVENUE_OF,product_transition,product_transition,product_transition,positive,medium,1.0,True,explicit,[28],explicit_segment,e616c29231709ae48e922619,FY2025_Q4,Forecast/Guidance,,0,True,False,persistent,full_mainpanel,semi_infra_tooling,3f3f29b0e281a488c517b0e745127d490f2954cf20738e8e3073a0ecf3263bec,247,included_in_public_release,author_created_derived_post_extraction_card,not_included_mixed_public_or_provider_access,not_redistributed_no_rights_grant,withheld_hash_locator_only
7e074c12f0419f5c4d0c,INTC,FY2025_Q3,FY2025_Q4,4ce3e1890b80d08ba5e765c2,e7282ed59188d87b450f6318,ledger_forward+shock_forward,event,Intel::Client Computing Group,BOOSTS_REVENUE_OF,demand,demand,demand,positive,high,1.0,False,,[142],explicit_tail,e702a7edc9b04d570e4e1d8e,FY2025_Q4,Forecast/Guidance,,0,True,False,unknown,full_mainpanel,semi_infra_tooling,0b8f9508d8d36bfc26c614e5ffefa4c3d8d2eb6cb0689900dad5eba96f0ac36b,181,included_in_public_release,author_created_derived_post_extraction_card,not_included_mixed_public_or_provider_access,not_redistributed_no_rights_grant,withheld_hash_locator_only
c78fc7db00c6d29e0def,INTC,FY2025_Q3,FY2025_Q4,3289e5d9904f6e8a246b771e,7f0592dcc5834e248fb6e4dc,ledger_forward+shock_forward,event,Intel::Intel Foundry,BOOSTS_REVENUE_OF,demand,demand,demand,positive,medium,1.0,False,,[143],explicit_tail,317443e65f3006577e01c758,FY2025_Q4,Forecast/Guidance,0.3101882370175053,2,True,False,unknown,full_mainpanel,semi_infra_tooling,089e1c665b808978864bb007e5d1270f56ea31ba7df08df0300d571d77e3f9c3,160,included_in_public_release,author_created_derived_post_extraction_card,not_included_mixed_public_or_provider_access,not_redistributed_no_rights_grant,withheld_hash_locator_only
b24d6f6dd100628498c7,INTC,FY2025_Q3,FY2025_Q4,d31cae48923369bf69eef08d,4b740a06dd93deb048533dc4,ledger_forward+shock_forward,event,Intel::Intel Foundry,BOOSTS_REVENUE_OF,revenue_boost,other,revenue_boost_limit,positive,medium,1.0,False,,[143],explicit_tail,317443e65f3006577e01c758,FY2025_Q4,Forecast/Guidance,0.3101882370175053,2,True,False,unknown,full_mainpanel,semi_infra_tooling,089e1c665b808978864bb007e5d1270f56ea31ba7df08df0300d571d77e3f9c3,160,included_in_public_release,author_created_derived_post_extraction_card,not_included_mixed_public_or_provider_access,not_redistributed_no_rights_grant,withheld_hash_locator_only
f84c46414934c34a62ac,INTC,FY2025_Q3,FY2025_Q4,fe083107d8096e9785173ce0,c8f61c4e3fa60b970aaf1756,ledger_forward+shock_forward,event,Intel::Mobileye,LIMITS_REVENUE_OF,demand,demand,demand,negative,medium,1.0,False,,[144],explicit_tail,8a519610161a71a8243092d6,FY2025_Q4,Forecast/Guidance,,0,True,False,unknown,full_mainpanel,semi_infra_tooling,7644768b13bd73065b87a56774e6a2885921155eb32157ac2aace3ad8b685d9a,153,included_in_public_release,author_created_derived_post_extraction_card,not_included_mixed_public_or_provider_access,not_redistributed_no_rights_grant,withheld_hash_locator_only
64e97ddaa887e27b7d1f,META,FY2018_Q4,FY2019_Q1,e70d6dd8deb485d68e814d7a,730af4c1a75d498bd92427b5,ledger_forward+shock_forward,claim,Meta Platforms::Family Of Apps,BOOSTS_REVENUE_OF,demand,demand,demand,positive,medium,1.0,True,explicit,[47],explicit_segment,c90d681e084fd664704a6558,FY2019_Q1,Forecast/Guidance,,0,True,False,persistent,full_mainpanel,cloud_platform_ads,bed127afe985e4e2b950c1d5c0a26f20762ac57c96feee798eaa68c2fb75c311,68,included_in_public_release,author_created_derived_post_extraction_card,not_included_mixed_public_or_provider_access,not_redistributed_no_rights_grant,withheld_hash_locator_only
05d27012a2f0cac7b078,META,FY2018_Q4,FY2019_Q1,b54a0de3fc3b02200b65d5db,68a57bbd7624b732ef427b6b,ledger_forward,event,UNKNOWN,LIMITS_REVENUE_OF,macro,macro,regulation_macro,negative,medium,1.0,True,,[185],unresolved,da5fa8ea7c99d09b043049fb,FY2019_Q1,Forecast/Guidance,,0,True,False,persistent,full_mainpanel,cloud_platform_ads,5ab09341fb771b11ddf1254e800c558e4b68ecc91e7f4fde89dd0264078ea0c2,147,included_in_public_release,author_created_derived_post_extraction_card,not_included_mixed_public_or_provider_access,not_redistributed_no_rights_grant,withheld_hash_locator_only
f6b78115854731dd22f4,META,FY2018_Q4,FY2019_Q1,4f84487f513ed2333bff6dc7,06fc664b8f3bc5db206646e6,ledger_forward,event,UNKNOWN,LIMITS_REVENUE_OF,regulation,regulation,regulation_macro,negative,medium,1.0,True,,[329],unresolved,da5fa8ea7c99d09b043049fb,FY2019_Q1,Forecast/Guidance,,0,True,False,persistent,full_mainpanel,cloud_platform_ads,0e1b2f3da8c1ecee6d97f3f13ef0df38597fa5fd99a4a1a02fe2deb9e7113f20,169,included_in_public_release,author_created_derived_post_extraction_card,not_included_mixed_public_or_provider_access,not_redistributed_no_rights_grant,withheld_hash_locator_only
3ffbb1c77e75c9818956,META,FY2018_Q4,FY2019_Q1,a4179230923a45a594ebd486,75a8a8f499dc1d5866cb4754,ledger_forward,event,UNKNOWN,LIMITS_REVENUE_OF,product_transition,product_transition,product_transition,negative,medium,1.0,True,,[330],unresolved,da5fa8ea7c99d09b043049fb,FY2019_Q1,Forecast/Guidance,,0,True,False,persistent,full_mainpanel,cloud_platform_ads,3de6097878d0e35fd44b9ae3075ce70f365887ea19b1674775bf9eddbbaa1b60,297,included_in_public_release,author_created_derived_post_extraction_card,not_included_mixed_public_or_provider_access,not_redistributed_no_rights_grant,withheld_hash_locator_only
2bece093380738ee36a5,META,FY2019_Q1,FY2019_Q2,be560acfc129761fc3396e84,f2a997fe8126e9b45f77ad8f,ledger_forward,claim,Meta Platforms::Family Of Apps,BOOSTS_REVENUE_OF,demand,demand,demand,positive,medium,0.9,False,explicit,[63],explicit_segment,6196b250c7e92e2df1181c54,FY2019_Q2,Realized/Reporting,,0,True,False,unknown,full_mainpanel,cloud_platform_ads,02eaa3454b9f5adeb73347c8be329b349b76a8461c6785e01cffd2c27ad6df5b,97,included_in_public_release,author_created_derived_post_extraction_card,not_included_mixed_public_or_provider_access,not_redistributed_no_rights_grant,withheld_hash_locator_only
0116a37cc2317bd4fed3,META,FY2019_Q1,FY2019_Q2,e5b1b1ac4859e40c9d733e84,ec2597bdf073e61391118760,ledger_forward+shock_forward,claim,Meta Platforms::Family Of Apps,CONTRIBUTES_TO,product_transition,product_transition,product_transition,positive,medium,0.9,True,explicit,[41],explicit_segment,782b48415709de073fbd2c32,FY2019_Q2,Forecast/Guidance,,0,True,False,persistent,full_mainpanel,cloud_platform_ads,70da6e94216d1a50f63dd43a91a04a835944e6de05611b995068a7997ef2c0cc,182,included_in_public_release,author_created_derived_post_extraction_card,not_included_mixed_public_or_provider_access,not_redistributed_no_rights_grant,withheld_hash_locator_only
b2ab15fafaa05741b46b,META,FY2019_Q1,FY2019_Q2,7a063d8dd9ff9f1ebac0f90b,3075d1c205f4e1410eecf4da,ledger_forward+shock_forward,event,Meta Platforms::Family Of Apps,LIMITS_REVENUE_OF,regulation,regulation,regulation_macro,negative,medium,0.9,True,,[192],explicit_tail,9de211d9a5736b1d14dd82f3,FY2019_Q2,Forecast/Guidance,,0,True,False,persistent,full_mainpanel,cloud_platform_ads,cbd1237aad4be19d5d0977ec13a0f5218f61b0bd1ccf65a46f44ee8e153263ee,109,included_in_public_release,author_created_derived_post_extraction_card,not_included_mixed_public_or_provider_access,not_redistributed_no_rights_grant,withheld_hash_locator_only
8317646b2fd766f3acdb,META,FY2019_Q2,FY2019_Q3,f9b03b4937fb29900a64d9d5,76547680ce6d8a434e342bf1,ledger_forward+shock_forward,claim,Meta Platforms::Family Of Apps,CONSTRAINS_PRODUCTION_OF,supply,regulation,supply_capacity,negative,high,0.9,True,explicit,[101],explicit_segment,41f7031453427131cb7f9400,FY2019_Q3,Forecast/Guidance,,0,True,False,persistent,full_mainpanel,cloud_platform_ads,6b983feede31f7b8474c7f712b736a3f938537f000471fa58924b034f5c4f874,145,included_in_public_release,author_created_derived_post_extraction_card,not_included_mixed_public_or_provider_access,not_redistributed_no_rights_grant,withheld_hash_locator_only
0e1341c5b25eea9e751b,META,FY2019_Q2,FY2019_Q3,464a9ff432fb02f8176e8b98,6e00c76a067f7c1da8bf6c07,ledger_forward+shock_forward,event,Meta Platforms::Family Of Apps,LIMITS_REVENUE_OF,regulation,regulation,regulation_macro,negative,medium,0.95,True,,[201],explicit_tail,9de211d9a5736b1d14dd82f3,FY2019_Q3,Forecast/Guidance,,0,True,False,persistent,full_mainpanel,cloud_platform_ads,4577b909ebde6944a7d391ab38bc27149391a9ce0e0da898ff28ad3a041239d4,267,included_in_public_release,author_created_derived_post_extraction_card,not_included_mixed_public_or_provider_access,not_redistributed_no_rights_grant,withheld_hash_locator_only
60a2c8aa3195c5dd30ac,META,FY2019_Q3,FY2019_Q4,6d8761e0b92fb01b9beaad1b,46c7647bc8ff9a1363e692c7,ledger_forward+shock_forward,claim,Meta Platforms::Family Of Apps,LIMITS_REVENUE_OF,product_transition,product_transition,product_transition,negative,medium,0.9,False,explicit,[74],explicit_segment,c937028a0cfd298e179284fa,FY2019_Q4,Forecast/Guidance,,0,True,False,unknown,full_mainpanel,cloud_platform_ads,64948a7491154b7475d2713dcaad21dfb590d9438fa2b217a5ed0b61e15ecd2a,157,included_in_public_release,author_created_derived_post_extraction_card,not_included_mixed_public_or_provider_access,not_redistributed_no_rights_grant,withheld_hash_locator_only
87f4e1b7a5fe381cc1d5,META,FY2019_Q3,FY2019_Q4,9b4681fd474c4d032daccc5d,5198d7aee9ad4f6ca3f35332,ledger_forward+shock_forward,claim,Meta Platforms::Family Of Apps,LIMITS_REVENUE_OF,regulation,regulation,regulation_macro,negative,medium,0.85,True,explicit,[85],explicit_segment,41f7031453427131cb7f9400,FY2019_Q4,Forecast/Guidance,,0,True,False,persistent,full_mainpanel,cloud_platform_ads,5976b067bf5d83ac22c97fbe10350713321ed03e98fc8627191d425d0aa0c713,82,included_in_public_release,author_created_derived_post_extraction_card,not_included_mixed_public_or_provider_access,not_redistributed_no_rights_grant,withheld_hash_locator_only
acb6e9e21b11e73be90c,META,FY2019_Q3,FY2019_Q4,321974fcced028c2bb4cc1d9,b5164585e76169e2ece9861f,ledger_forward,event,UNKNOWN,LIMITS_REVENUE_OF,product_transition,product_transition,product_transition,negative,high,1.0,False,,[185],unresolved,dc04cd2888bcbbe3b9772858,FY2019_Q4,Forecast/Guidance,,0,True,False,unknown,full_mainpanel,cloud_platform_ads,494acc751623fd3b85246b40cc796edd211094bdffb36561402fda98be5704b9,326,included_in_public_release,author_created_derived_post_extraction_card,not_included_mixed_public_or_provider_access,not_redistributed_no_rights_grant,withheld_hash_locator_only
78a28b94c372186061f8,META,FY2019_Q3,FY2019_Q4,8d5c38deba51189f4b54c49e,c1b905359e90c53056e50ae4,ledger_forward,event,UNKNOWN,LIMITS_REVENUE_OF,regulation,regulation,regulation_macro,negative,medium,1.0,False,,[187],unresolved,dc04cd2888bcbbe3b9772858,FY2019_Q4,Forecast/Guidance,,0,True,False,unknown,full_mainpanel,cloud_platform_ads,64948a7491154b7475d2713dcaad21dfb590d9438fa2b217a5ed0b61e15ecd2a,157,included_in_public_release,author_created_derived_post_extraction_card,not_included_mixed_public_or_provider_access,not_redistributed_no_rights_grant,withheld_hash_locator_only
c4065e9397e6caeb0a9c,META,FY2019_Q4,FY2020_Q1,6f4e732bb74c207bbb53d203,3549a35d4f1221dfd3ffb912,ledger_forward+shock_forward,claim,Meta Platforms::Family Of Apps,DRIVES_DEMAND_FOR,demand,demand,demand,positive,medium,0.9,False,explicit,[15],explicit_segment,a13f6e8a9fb91afa4a9be99d,FY2020_Q1,Forecast/Guidance,,0,True,False,unknown,full_mainpanel,cloud_platform_ads,40dbaef26724205b3041c2f7cb29b949aad9de7096bf78082f2998814d616516,158,included_in_public_release,author_created_derived_post_extraction_card,not_included_mixed_public_or_provider_access,not_redistributed_no_rights_grant,withheld_hash_locator_only
7c894d503686deb222a2,META,FY2019_Q4,FY2020_Q1,f66b6132e2d87647f1318eeb,3489b8048d75d2b0e2b46aa3,ledger_forward,claim,Meta Platforms::Family Of Apps,LIMITS_REVENUE_OF,regulation,regulation,regulation_macro,negative,medium,0.95,True,explicit,[39],explicit_segment,9b0de2f7f7d97c2159d2008c,FY2020_Q1,Realized/Reporting,,0,True,False,persistent,full_mainpanel,cloud_platform_ads,a0ded4cc437feb9224268bf91cfc633515b0fe56c6662ef33e405b15b61dd457,250,included_in_public_release,author_created_derived_post_extraction_card,not_included_mixed_public_or_provider_access,not_redistributed_no_rights_grant,withheld_hash_locator_only
255084a229d15b11ee7c,META,FY2019_Q4,FY2020_Q1,ddd9d41538ea1a19040c85f6,055c7e4c08efa45a5eba2044,ledger_forward,event,UNKNOWN,LIMITS_REVENUE_OF,regulation,regulation,regulation_macro,negative,high,0.95,True,,[225],unresolved,dc04cd2888bcbbe3b9772858,FY2020_Q1,Forecast/Guidance,,0,True,False,persistent,full_mainpanel,cloud_platform_ads,30172ac0095841fa08fc35ef7a094cf791d78d36865726828ecba59f84dfaafe,152,included_in_public_release,author_created_derived_post_extraction_card,not_included_mixed_public_or_provider_access,not_redistributed_no_rights_grant,withheld_hash_locator_only
7f32a583c659eb2949ba,META,FY2019_Q4,FY2020_Q1,0c93a1277b2f23d108c2f7a1,e94ffc9ce3f95a81b3d80560,ledger_forward,event,UNKNOWN,LIMITS_REVENUE_OF,product_transition,product_transition,product_transition,negative,high,0.95,True,,[227],unresolved,dc04cd2888bcbbe3b9772858,FY2020_Q1,Forecast/Guidance,,0,True,False,persistent,full_mainpanel,cloud_platform_ads,0c9d217605fa14111f706e62e48e30116cf85f9006fde894eabebe3df808ab26,157,included_in_public_release,author_created_derived_post_extraction_card,not_included_mixed_public_or_provider_access,not_redistributed_no_rights_grant,withheld_hash_locator_only
5704bb87fc1bf556944b,META,FY2020_Q1,FY2020_Q2,7c2e0b6d9bd11f2a9d1672d1,2f17edd6ae9ac23f15376a90,ledger_forward,event,Meta Platforms::Family Of Apps,LIMITS_REVENUE_OF,demand,demand,demand,negative,high,0.95,True,,[202],explicit_tail,9de211d9a5736b1d14dd82f3,FY2020_Q2,Realized/Reporting,,0,True,False,persistent,full_mainpanel,cloud_platform_ads,4fae736d009239ee9b8c2b15671897037dcebb763c5cbf76593e9f342d4fa5b8,150,included_in_public_release,author_created_derived_post_extraction_card,not_included_mixed_public_or_provider_access,not_redistributed_no_rights_grant,withheld_hash_locator_only
52106f950d6c10963b08,META,FY2020_Q1,FY2020_Q2,425d6f05bb88c965b85f4751,1a279f743845996560370cd8,ledger_forward,event,Meta Platforms::Family Of Apps,LIMITS_REVENUE_OF,macro,macro,regulation_macro,negative,high,0.9,True,,[231],explicit_tail,9de211d9a5736b1d14dd82f3,FY2020_Q2,Realized/Reporting,,0,True,False,persistent,full_mainpanel,cloud_platform_ads,71191f0d6a0c39b26dc53df38d0373ebf4354e8abea1235fe09a84e355cb000a,161,included_in_public_release,author_created_derived_post_extraction_card,not_included_mixed_public_or_provider_access,not_redistributed_no_rights_grant,withheld_hash_locator_only
cd4c6f1dbb159fb55213,META,FY2020_Q2,FY2020_Q3,3b495c36981757d6a87f16cd,af9c7dd02e555bd17fa29b8b,ledger_forward+shock_forward,claim,Meta Platforms::Family Of Apps,LIMITS_REVENUE_OF,demand,demand,demand,negative,medium,0.9,False,explicit,[162],explicit_segment,3305b89ea87a620cb777f0f7,FY2020_Q3,Forecast/Guidance,,0,True,False,unknown,full_mainpanel,cloud_platform_ads,6e5f6a44b98170ef38867ee3c22ada8e4a29ab9f95de726133ba00a9c8285de6,111,included_in_public_release,author_created_derived_post_extraction_card,not_included_mixed_public_or_provider_access,not_redistributed_no_rights_grant,withheld_hash_locator_only
06795318abaeb8d899a6,META,FY2020_Q2,FY2020_Q3,64e5ba3c61c0d3a43789e494,0ef525245c8a07f521654706,ledger_forward+shock_forward,claim,Meta Platforms::Family Of Apps,LIMITS_REVENUE_OF,regulation,regulation,regulation_macro,negative,high,0.9,True,explicit,[162],explicit_segment,e21c0e297be1d32953ed5653,FY2020_Q3,Forecast/Guidance,,0,True,False,persistent,full_mainpanel,cloud_platform_ads,303eccd3fbbac3c7b613e8709ec1a5015ff7a5a0ad8e590019f96f6e9fe98b73,290,included_in_public_release,author_created_derived_post_extraction_card,not_included_mixed_public_or_provider_access,not_redistributed_no_rights_grant,withheld_hash_locator_only
97885666e48710587846,META,FY2020_Q2,FY2020_Q3,3fc1b915e54be8eb2075e86b,d16e156cf83ffa5d381f7a02,ledger_forward,event,UNKNOWN,LIMITS_REVENUE_OF,macro,macro,regulation_macro,negative,medium,1.0,True,,[205],unresolved,dc04cd2888bcbbe3b9772858,FY2020_Q3,Forecast/Guidance,,0,True,False,persistent,full_mainpanel,cloud_platform_ads,7bec51bcbc4332d1536eb4a99448f3873be6f7029039d40969f3b528072ac749,125,included_in_public_release,author_created_derived_post_extraction_card,not_included_mixed_public_or_provider_access,not_redistributed_no_rights_grant,withheld_hash_locator_only
fd51bd0b702c4f6362d5,META,FY2020_Q2,FY2020_Q3,30a76fa2a47beb2d9e341943,acdc6f04d1db11c0b5aca4ff,ledger_forward,event,UNKNOWN,LIMITS_REVENUE_OF,demand,demand,demand,negative,medium,1.0,True,,[205],unresolved,dc04cd2888bcbbe3b9772858,FY2020_Q3,Forecast/Guidance,,0,True,False,persistent,full_mainpanel,cloud_platform_ads,6e5f6a44b98170ef38867ee3c22ada8e4a29ab9f95de726133ba00a9c8285de6,111,included_in_public_release,author_created_derived_post_extraction_card,not_included_mixed_public_or_provider_access,not_redistributed_no_rights_grant,withheld_hash_locator_only
f2e61c588289e1d8d4e2,META,FY2020_Q2,FY2020_Q3,ac3719e6c08b4bf7c9f72a98,e7705b870c2524e0f7d7d707,ledger_forward,event,UNKNOWN,LIMITS_REVENUE_OF,competition,competition,revenue_boost_limit,negative,medium,1.0,True,,[205],unresolved,dc04cd2888bcbbe3b9772858,FY2020_Q3,Forecast/Guidance,,0,True,False,persistent,full_mainpanel,cloud_platform_ads,4778f38a53ef192dcd39e21c81bbdbc36c97c7f63e0b8220d56b40da16db437e,143,included_in_public_release,author_created_derived_post_extraction_card,not_included_mixed_public_or_provider_access,not_redistributed_no_rights_grant,withheld_hash_locator_only
583e14a340c4115e8203,META,FY2020_Q2,FY2020_Q3,e6a0a6483d271caf14b0688b,1889a9161d6354ea09b76545,ledger_forward,event,UNKNOWN,LIMITS_REVENUE_OF,regulation,regulation,regulation_macro,negative,high,1.0,True,,[205],unresolved,dc04cd2888bcbbe3b9772858,FY2020_Q3,Forecast/Guidance,,0,True,False,persistent,full_mainpanel,cloud_platform_ads,b8ba5c9834116b8fe5aa461bb29a8957f2b31c065038cf4f7509cc8dacf6f769,290,included_in_public_release,author_created_derived_post_extraction_card,not_included_mixed_public_or_provider_access,not_redistributed_no_rights_grant,withheld_hash_locator_only
0b0a9c1dd3103c5cbd2a,META,FY2020_Q3,FY2020_Q4,abdab315c7fde15e6419984f,524b03aba898628ccbc747fb,ledger_forward+shock_forward,event,Meta Platforms::Family Of Apps,BOOSTS_REVENUE_OF,demand,demand,demand,positive,high,1.0,False,,[203],explicit_tail,9de211d9a5736b1d14dd82f3,FY2020_Q4,Forecast/Guidance,,0,True,False,unknown,full_mainpanel,cloud_platform_ads,39342adc5e988a1a34b27d5670c56fc0c753a099d1941bf604ce3b3e5e4a77ad,165,included_in_public_release,author_created_derived_post_extraction_card,not_included_mixed_public_or_provider_access,not_redistributed_no_rights_grant,withheld_hash_locator_only
9ac6ef22e8ba90050689,META,FY2020_Q3,FY2020_Q4,1342bce2868453b1268390e6,f1e5579794d9a3e633b68f2d,ledger_forward+shock_forward,event,Meta Platforms::Reality Labs,BOOSTS_REVENUE_OF,demand,demand,demand,positive,medium,1.0,False,,[204],explicit_tail,a41f2b08cdebb7aa7dc490ac,FY2020_Q4,Forecast/Guidance,,0,True,False,unknown,full_mainpanel,cloud_platform_ads,236886317552e115525a184a2415d872d74df8cd06bdb54ee5c92c7b3fb381da,89,included_in_public_release,author_created_derived_post_extraction_card,not_included_mixed_public_or_provider_access,not_redistributed_no_rights_grant,withheld_hash_locator_only
5c06b3195408e8a454b7,META,FY2020_Q4,FY2021_Q1,ca2f040245846cb28d5407dd,2508d9f76c97d0eceea2e5b5,ledger_forward+shock_forward,event,Meta Platforms::Family Of Apps,LIMITS_REVENUE_OF,regulation,regulation,regulation_macro,negative,high,0.95,True,,[250],explicit_tail,9de211d9a5736b1d14dd82f3,FY2021_Q1,Forecast/Guidance,,0,True,False,persistent,full_mainpanel,cloud_platform_ads,97696e721de64b42ec7322d5564ac2890ceab68c883069afbfa582bfc0b90dce,127,included_in_public_release,author_created_derived_post_extraction_card,not_included_mixed_public_or_provider_access,not_redistributed_no_rights_grant,withheld_hash_locator_only
05765e6d331888b0b20b,META,FY2021_Q1,FY2021_Q2,1ba121557d8d91030db3fc4c,acd5debf3b7693235b33ddd5,ledger_forward+shock_forward,claim,Meta Platforms::Reality Labs,INCREASES_SPEND_ON,product_transition,product_transition,product_transition,positive,high,0.9,True,explicit,[9],explicit_segment,ac5980e86cb11ebb326819e3,FY2021_Q2,Forecast/Guidance,,0,True,False,persistent,full_mainpanel,cloud_platform_ads,7a76214f076c28d82d25d050d0d4efead0002200705dda692422d63198688128,153,included_in_public_release,author_created_derived_post_extraction_card,not_included_mixed_public_or_provider_access,not_redistributed_no_rights_grant,withheld_hash_locator_only
50981cb7d8912a084df2,META,FY2021_Q1,FY2021_Q2,d94dc3e49f5671fe3ad9c7ac,7354a28e668f34570fee08d0,ledger_forward,event,UNKNOWN,LIMITS_REVENUE_OF,regulation,regulation,regulation_macro,negative,high,0.95,True,,[196],unresolved,da5fa8ea7c99d09b043049fb,FY2021_Q2,Forecast/Guidance,,0,True,False,persistent,full_mainpanel,cloud_platform_ads,342706399edd6430566d44831aa299643c088fde4f6681925a128f5efa791470,212,included_in_public_release,author_created_derived_post_extraction_card,not_included_mixed_public_or_provider_access,not_redistributed_no_rights_grant,withheld_hash_locator_only
d9fd0feff6e07582b9f7,META,FY2021_Q2,FY2021_Q3,94b1f9592c333436bbf8a900,561312c4834a49457161a5d2,ledger_forward+shock_forward,claim,Meta Platforms::Family Of Apps,BOOSTS_REVENUE_OF,revenue_boost,other,revenue_boost_limit,positive,medium,0.9,False,explicit,[19],explicit_segment,f36d492fd80ad37a68fe1e2a,FY2021_Q3,Forecast/Guidance,,0,True,False,unknown,full_mainpanel,cloud_platform_ads,4d8b0f4b3bd0886217ea07283f906719b7cdd4bbb71f8006bdac3c91becf5e08,203,included_in_public_release,author_created_derived_post_extraction_card,not_included_mixed_public_or_provider_access,not_redistributed_no_rights_grant,withheld_hash_locator_only
30c6378f87e582ceaa69,META,FY2021_Q2,FY2021_Q3,3897ede9b1475d16e6300b5d,d33b73754291daa928db88c6,ledger_forward+shock_forward,claim,Meta Platforms::Family Of Apps,BOOSTS_REVENUE_OF,product_transition,product_transition,product_transition,positive,medium,0.9,False,explicit,[27],explicit_segment_with_path,ea14bb40210e3a57df7e3a6d,FY2021_Q3,Forecast/Guidance,,0,True,False,unknown,full_mainpanel,cloud_platform_ads,417efc0d9aa1251e1f2da9bfa355eaeacf7a3b4f64edd02ec7c33d379dc792dd,289,included_in_public_release,author_created_derived_post_extraction_card,not_included_mixed_public_or_provider_access,not_redistributed_no_rights_grant,withheld_hash_locator_only
6cda470e9a241f566d6a,META,FY2021_Q2,FY2021_Q3,f4a0db4cfca6ebb1a45ecfc7,f7f263d719db8d90e102e727,ledger_forward+shock_forward,claim,Meta Platforms::Reality Labs,CONTRIBUTES_TO,other,other,revenue_boost_limit,positive,high,0.95,True,explicit,[103],explicit_segment,4771558a90b43fdd178d12a1,FY2021_Q3,Forecast/Guidance,,0,True,False,persistent,full_mainpanel,cloud_platform_ads,4f2a843219dab8103120794bb9eb61ed417a3cfa6c50bda838df4847ee047a63,131,included_in_public_release,author_created_derived_post_extraction_card,not_included_mixed_public_or_provider_access,not_redistributed_no_rights_grant,withheld_hash_locator_only
370232765c0a37f4945a,META,FY2021_Q2,FY2021_Q3,0c85b4c0ec8f4d5b16f00058,d9456c6fd020de9b103ea76a,ledger_forward+shock_forward,event,Meta Platforms::Family Of Apps,LIMITS_REVENUE_OF,regulation,regulation,regulation_macro,negative,high,0.95,True,,[204],explicit_tail,9de211d9a5736b1d14dd82f3,FY2021_Q3,Forecast/Guidance,,0,True,False,persistent,full_mainpanel,cloud_platform_ads,268997fa078db265a77a57c2279fa151f4ad1e440ea9f0fc25d790f124bc89c0,236,included_in_public_release,author_created_derived_post_extraction_card,not_included_mixed_public_or_provider_access,not_redistributed_no_rights_grant,withheld_hash_locator_only
ae07f34949b7a2d9ad85,META,FY2021_Q3,FY2021_Q4,ff93e3194118e8bfc8a8d70c,c8e1a1a65223fdfcbdf40473,ledger_forward,claim,Meta Platforms::Family Of Apps,DRIVES_DEMAND_FOR,demand,demand,demand,positive,high,1.0,True,explicit,[19],explicit_segment_with_path,a08d8cea6ad3dac8455a6f10,FY2021_Q4,Realized/Reporting,,0,True,False,persistent,full_mainpanel,cloud_platform_ads,32f715b5b9a2726bfdec1394a47646ef525897308f03e6a72ba119d573c48e96,49,included_in_public_release,author_created_derived_post_extraction_card,not_included_mixed_public_or_provider_access,not_redistributed_no_rights_grant,withheld_hash_locator_only
ba5a9a7269a539c80b93,META,FY2021_Q3,FY2021_Q4,d7ed8bebf15af0789a8785e4,849d3c7dac3942bd8a6a8d18,ledger_forward+shock_forward,claim,Meta Platforms::Family Of Apps,BOOSTS_REVENUE_OF,product_transition,product_transition,product_transition,positive,medium,1.0,True,explicit,[74],explicit_segment,e2dffe7a50e43a746a863680,FY2021_Q4,Forecast/Guidance,,0,True,False,persistent,full_mainpanel,cloud_platform_ads,87643157a9ed5dbbacabc491f8f44bf3457fc0f8a27c53d5025b51bcbe7c493d,299,included_in_public_release,author_created_derived_post_extraction_card,not_included_mixed_public_or_provider_access,not_redistributed_no_rights_grant,withheld_hash_locator_only
716ad040043f8d9d1460,META,FY2021_Q3,FY2021_Q4,75ab536411958aabdcf715d0,114e386f5d06153e5a1155b1,ledger_forward+shock_forward,event,Meta Platforms::Family Of Apps,LIMITS_REVENUE_OF,regulation,regulation,regulation_macro,negative,high,1.0,True,,[226],explicit_tail,9de211d9a5736b1d14dd82f3,FY2021_Q4,Forecast/Guidance,,0,True,False,persistent,full_mainpanel,cloud_platform_ads,e3b336187575d4dda75fd08c19e7fb213ae04e39ad718171894ec20864f7ac70,184,included_in_public_release,author_created_derived_post_extraction_card,not_included_mixed_public_or_provider_access,not_redistributed_no_rights_grant,withheld_hash_locator_only
17e03ad6d159eff39ba4,META,FY2021_Q3,FY2021_Q4,a16bd0f10116e7190de2f90e,aa5b7d7341876651e310d990,ledger_forward+shock_forward,event,Meta Platforms::Family Of Apps,LIMITS_REVENUE_OF,macro,macro,regulation_macro,negative,medium,1.0,True,,[226],explicit_tail,9de211d9a5736b1d14dd82f3,FY2021_Q4,Forecast/Guidance,,0,True,False,persistent,full_mainpanel,cloud_platform_ads,e3b336187575d4dda75fd08c19e7fb213ae04e39ad718171894ec20864f7ac70,184,included_in_public_release,author_created_derived_post_extraction_card,not_included_mixed_public_or_provider_access,not_redistributed_no_rights_grant,withheld_hash_locator_only
2b66af404fc2358c4e05,META,FY2021_Q3,FY2021_Q4,76089d7fe09284d1faba9be2,af29bb8823a7b02190140846,ledger_forward+shock_forward,event,Meta Platforms::Reality Labs,LIMITS_REVENUE_OF,product_transition,product_transition,product_transition,negative,medium,1.0,True,,[227],explicit_tail,a41f2b08cdebb7aa7dc490ac,FY2021_Q4,Forecast/Guidance,,0,True,False,persistent,full_mainpanel,cloud_platform_ads,767729014fa983a3a1fe3fc27894018b970a27cfd9e7793e5e00d00c729fb445,166,included_in_public_release,author_created_derived_post_extraction_card,not_included_mixed_public_or_provider_access,not_redistributed_no_rights_grant,withheld_hash_locator_only
6cfb4b12a9ad560ef099,META,FY2021_Q4,FY2022_Q1,2a877bfd6d75f5b6818bf6bd,7eb1eb62b3a10017d841cf96,ledger_forward+shock_forward,claim,Meta Platforms::Family Of Apps,DRIVES_DEMAND_FOR,demand,demand,demand,positive,high,0.95,True,explicit,[27],explicit_segment,5a6859ed8e634edb4b447f18,FY2022_Q1,Forecast/Guidance,0.9741320424103829,1,True,False,persistent,full_mainpanel,cloud_platform_ads,7b86b332081ed6850fbc880c84f5de7b82c0c5fb0d57221e5ef26fbe05125a14,174,included_in_public_release,author_created_derived_post_extraction_card,not_included_mixed_public_or_provider_access,not_redistributed_no_rights_grant,withheld_hash_locator_only
fee06c0ade675f05ba24,META,FY2021_Q4,FY2022_Q1,ad8397caef049830d2ddb8a8,419a18bf0e826896ff1863bf,ledger_forward+shock_forward,claim,Meta Platforms::Family Of Apps,BOOSTS_REVENUE_OF,product_transition,product_transition,product_transition,positive,medium,0.9,True,explicit,[34],explicit_segment,84959435c3967b88350dca5e,FY2022_Q1,Forecast/Guidance,0.9741320424103829,1,True,False,persistent,full_mainpanel,cloud_platform_ads,c8153e2b3b49c3aa6eed01346a5b88a244265673976faf6e4bf853675f4e1827,97,included_in_public_release,author_created_derived_post_extraction_card,not_included_mixed_public_or_provider_access,not_redistributed_no_rights_grant,withheld_hash_locator_only
a6dca573bf9481692cfb,META,FY2021_Q4,FY2022_Q1,36cdd27be42faa02e476af67,eb1177846d2e9d2ed8d4c22a,ledger_forward+shock_forward,event,Meta Platforms::Family Of Apps,LIMITS_REVENUE_OF,competition,competition,revenue_boost_limit,negative,high,1.0,True,,[219],explicit_tail,9de211d9a5736b1d14dd82f3,FY2022_Q1,Forecast/Guidance,0.9741320424103829,1,True,False,persistent,full_mainpanel,cloud_platform_ads,8da7d963d35c2228257832cc4268356cd1147e1ea054f940b4197cd68fdb644c,234,included_in_public_release,author_created_derived_post_extraction_card,not_included_mixed_public_or_provider_access,not_redistributed_no_rights_grant,withheld_hash_locator_only
504c88caf1e99d2bd496,META,FY2021_Q4,FY2022_Q1,ba2a4a27a2ed5805724f6540,15ac802754c8f782b02cc3d5,ledger_forward+shock_forward,event,Meta Platforms::Family Of Apps,LIMITS_REVENUE_OF,product_transition,product_transition,product_transition,negative,high,1.0,True,,[219],explicit_tail,9de211d9a5736b1d14dd82f3,FY2022_Q1,Forecast/Guidance,0.9741320424103829,1,True,False,persistent,full_mainpanel,cloud_platform_ads,8da7d963d35c2228257832cc4268356cd1147e1ea054f940b4197cd68fdb644c,234,included_in_public_release,author_created_derived_post_extraction_card,not_included_mixed_public_or_provider_access,not_redistributed_no_rights_grant,withheld_hash_locator_only
551dac7b1c75e73a46c1,META,FY2021_Q4,FY2022_Q1,5123b70265f9d8f50d5f5e8a,8c921510abc68b1804d8efd5,ledger_forward+shock_forward,event,Meta Platforms::Family Of Apps,LIMITS_REVENUE_OF,regulation,regulation,regulation_macro,negative,medium,1.0,True,,[220],explicit_tail,9de211d9a5736b1d14dd82f3,FY2022_Q1,Forecast/Guidance,0.9741320424103829,1,True,False,persistent,full_mainpanel,cloud_platform_ads,1cf5be82eb9efd1b7bb8baba6f4884b968fd992675cf15ee27df77a37f5dc912,251,included_in_public_release,author_created_derived_post_extraction_card,not_included_mixed_public_or_provider_access,not_redistributed_no_rights_grant,withheld_hash_locator_only
9ea8ec813d78bfc555c0,META,FY2021_Q4,FY2022_Q1,fa568177b843bc1c159ee921,c26f8b5a3aeddea7b3263af2,ledger_forward+shock_forward,event,Meta Platforms::Family Of Apps,LIMITS_REVENUE_OF,macro,macro,regulation_macro,negative,medium,1.0,True,,[222],explicit_tail,9de211d9a5736b1d14dd82f3,FY2022_Q1,Forecast/Guidance,0.9741320424103829,1,True,False,persistent,full_mainpanel,cloud_platform_ads,fb6783e2dfa605864a6ed3db5711da05425f1cce9a6dc117832ec68116c1eeb0,143,included_in_public_release,author_created_derived_post_extraction_card,not_included_mixed_public_or_provider_access,not_redistributed_no_rights_grant,withheld_hash_locator_only
4e49481e98b4110a93f9,META,FY2022_Q1,FY2022_Q2,f4c0d37984ae74573a6ff525,58578567becf4ad142fd0e81,ledger_forward+shock_forward,claim,Meta Platforms::Family Of Apps,INCREASES_SPEND_ON,regulation,regulation,regulation_macro,positive,medium,0.9,True,explicit,[71],explicit_segment,06f0e4e10023e6b939bb7ea6,FY2022_Q2,Forecast/Guidance,0.9750967464526301,1,True,False,persistent,full_mainpanel,cloud_platform_ads,994e1c0b35f9f98c4e1284c042f60a3b39cdb663d4166c434cc64ae446762bbb,241,included_in_public_release,author_created_derived_post_extraction_card,not_included_mixed_public_or_provider_access,not_redistributed_no_rights_grant,withheld_hash_locator_only
0d8038825b8d7e91c963,META,FY2022_Q1,FY2022_Q2,c1677577ebc36477803c9c0b,12b85379434a012dd0fc60f8,ledger_forward+shock_forward,event,Meta Platforms::Family Of Apps,LIMITS_REVENUE_OF,macro,macro,regulation_macro,negative,high,1.0,True,,[199],explicit_tail,9de211d9a5736b1d14dd82f3,FY2022_Q2,Forecast/Guidance,0.9750967464526301,1,True,False,persistent,full_mainpanel,cloud_platform_ads,b90509e35016a140ea09606b4dbdcf69a92e03e878fb7eeaa6b1f591e1062f1e,194,included_in_public_release,author_created_derived_post_extraction_card,not_included_mixed_public_or_provider_access,not_redistributed_no_rights_grant,withheld_hash_locator_only
db3805112d0e79fc4dad,META,FY2022_Q1,FY2022_Q2,7f708b3ff5d8273138a7dec5,207a4c113aa5126eb44a876b,ledger_forward,event,UNKNOWN,LIMITS_REVENUE_OF,macro,macro,regulation_macro,negative,medium,1.0,True,,[200],unresolved,dc04cd2888bcbbe3b9772858,FY2022_Q2,Forecast/Guidance,,0,True,False,persistent,full_mainpanel,cloud_platform_ads,a3e577ebb7d38b75f48672917564979768650a353fd081f59920ad7b8eb4b717,154,included_in_public_release,author_created_derived_post_extraction_card,not_included_mixed_public_or_provider_access,not_redistributed_no_rights_grant,withheld_hash_locator_only
0b834c612d39414702b8,META,FY2022_Q1,FY2022_Q2,bdad1aef1c1df687fc8b2c26,5e1c96d4968ee3e15d155971,ledger_forward,event,UNKNOWN,LIMITS_REVENUE_OF,regulation,regulation,regulation_macro,negative,high,1.0,True,,[267],unresolved,dc04cd2888bcbbe3b9772858,FY2022_Q2,Forecast/Guidance,,0,True,False,persistent,full_mainpanel,cloud_platform_ads,4ce3e4db6ff06a3f914c47b9eafe354d9a0cf2d7c18f471ec2263bcfe13b08da,103,included_in_public_release,author_created_derived_post_extraction_card,not_included_mixed_public_or_provider_access,not_redistributed_no_rights_grant,withheld_hash_locator_only
4802694b3b33a25ee3e3,META,FY2022_Q2,FY2022_Q3,ea8740cfaefdbb7c58a8d980,9cf23ec23b06cd8e90077a4c,ledger_forward+shock_forward,event,Meta Platforms::Family Of Apps,LIMITS_REVENUE_OF,macro,macro,regulation_macro,negative,high,1.0,True,,[237],explicit_tail,9de211d9a5736b1d14dd82f3,FY2022_Q3,Forecast/Guidance,0.9843175352161543,1,True,False,persistent,full_mainpanel,cloud_platform_ads,49843e088dd325fda9f0bd807f0770980f20187cce9a17003b55661036009102,196,included_in_public_release,author_created_derived_post_extraction_card,not_included_mixed_public_or_provider_access,not_redistributed_no_rights_grant,withheld_hash_locator_only
3c2c5c794d6c445db400,META,FY2022_Q2,FY2022_Q3,e145c1039e02327f2d90e177,68226f8d9f84768293418693,ledger_forward,event,UNKNOWN,LIMITS_REVENUE_OF,macro,macro,regulation_macro,negative,medium,1.0,True,,[239],unresolved,da5fa8ea7c99d09b043049fb,FY2022_Q3,Forecast/Guidance,,0,True,False,persistent,full_mainpanel,cloud_platform_ads,8f565617750f0268dd4d07540dd3a2da08cb3fff4905e4c600e4adb3cd4597df,167,included_in_public_release,author_created_derived_post_extraction_card,not_included_mixed_public_or_provider_access,not_redistributed_no_rights_grant,withheld_hash_locator_only
250ed5b21f664e328a41,META,FY2022_Q2,FY2022_Q3,47f9622000646f569dae2d6f,ca8039be6af1ed8b2293e7af,ledger_forward+shock_forward,event,Meta Platforms::Reality Labs,LIMITS_REVENUE_OF,demand,demand,demand,negative,medium,1.0,True,,[238],explicit_tail,a41f2b08cdebb7aa7dc490ac,FY2022_Q3,Forecast/Guidance,0.015682464783845673,2,True,False,persistent,full_mainpanel,cloud_platform_ads,c230737214ac75eba6f4a6dc232c3f5fbad8fa1ec318014801ad073d2b122d54,94,included_in_public_release,author_created_derived_post_extraction_card,not_included_mixed_public_or_provider_access,not_redistributed_no_rights_grant,withheld_hash_locator_only
1145adb91094f5b265f5,META,FY2022_Q3,FY2022_Q4,e8250ae7887282e194f1d7a0,b5bb802309a044a877a0482b,ledger_forward+shock_forward,claim,Meta Platforms::Family Of Apps,INCREASES_SPEND_ON,supply,supply,supply_capacity,positive,medium,0.9,True,explicit,[93],explicit_segment,1ddca051f0874c631086b517,FY2022_Q4,Forecast/Guidance,0.9897163888287508,1,True,False,persistent,full_mainpanel,cloud_platform_ads,eda03d4e88415ceb4b17d0bfa0cd99cd1939705eb103050af2fddb80fa19b2d2,98,included_in_public_release,author_created_derived_post_extraction_card,not_included_mixed_public_or_provider_access,not_redistributed_no_rights_grant,withheld_hash_locator_only
b134fbd16e9a40fe3b0d,META,FY2022_Q3,FY2022_Q4,986358cc5927b7263c147e3c,c888154fb8e24a8d5a0bc87d,ledger_forward+shock_forward,claim,Meta Platforms::Reality Labs,INCREASES_SPEND_ON,supply,supply,supply_capacity,positive,medium,0.9,True,explicit,[92],explicit_segment,fda9e6884c8e7859e320b26e,FY2022_Q4,Forecast/Guidance,0.010283611171249188,2,True,False,persistent,full_mainpanel,cloud_platform_ads,ec5ed377920cac51ebb8b926b6e6df381d4a9d785878ec0e26cf64477330bc4a,237,included_in_public_release,author_created_derived_post_extraction_card,not_included_mixed_public_or_provider_access,not_redistributed_no_rights_grant,withheld_hash_locator_only
4126c2fe9ca402d18109,META,FY2022_Q3,FY2022_Q4,ff0b53c603174fde323a3b31,46f2c019e463a4469b63c3fc,ledger_forward,event,UNKNOWN,LIMITS_REVENUE_OF,macro,macro,regulation_macro,negative,high,1.0,True,,[145],unresolved,da5fa8ea7c99d09b043049fb,FY2022_Q4,Forecast/Guidance,,0,True,False,persistent,full_mainpanel,cloud_platform_ads,1f37875a4466a093b17dc33ff686670e02278c2ac2ef4109aa1f560fbe948561,168,included_in_public_release,author_created_derived_post_extraction_card,not_included_mixed_public_or_provider_access,not_redistributed_no_rights_grant,withheld_hash_locator_only
7e601cdbe2b3cb7fdd5a,META,FY2022_Q3,FY2022_Q4,48d9cd34511d6655210c4db7,1b1c27fe25c21557d3b04821,ledger_forward,event,UNKNOWN,LIMITS_REVENUE_OF,revenue_limit,other,revenue_boost_limit,negative,medium,1.0,True,,[155],unresolved,da5fa8ea7c99d09b043049fb,FY2022_Q4,Forecast/Guidance,,0,True,False,persistent,full_mainpanel,cloud_platform_ads,82d81dbef38c7f4985626786322bd1d5acf758e260f6ab1cc4cc32b07ec30aab,180,included_in_public_release,author_created_derived_post_extraction_card,not_included_mixed_public_or_provider_access,not_redistributed_no_rights_grant,withheld_hash_locator_only
60e471399d1cc2901902,META,FY2022_Q3,FY2022_Q4,28461dba9dc66f7b59eaf227,539f739a6298873cbf04761a,ledger_forward+shock_forward,event,Meta Platforms::Reality Labs,LIMITS_REVENUE_OF,product_transition,product_transition,product_transition,negative,medium,1.0,True,,[160],explicit_tail,a41f2b08cdebb7aa7dc490ac,FY2022_Q4,Forecast/Guidance,0.010283611171249188,2,True,False,persistent,full_mainpanel,cloud_platform_ads,95309e89694f81ab4c54509ff54d00abd9caefb56cc6553bec9dac796171481a,240,included_in_public_release,author_created_derived_post_extraction_card,not_included_mixed_public_or_provider_access,not_redistributed_no_rights_grant,withheld_hash_locator_only
e8370410095920cc099c,META,FY2022_Q4,FY2023_Q1,115a9d1de3ff93d1ea26381d,7eed1f6d1c673febe8a06161,ledger_forward,event,UNKNOWN,LIMITS_REVENUE_OF,macro,macro,regulation_macro,negative,medium,1.0,True,,[167],unresolved,da5fa8ea7c99d09b043049fb,FY2023_Q1,Forecast/Guidance,,0,True,False,persistent,full_mainpanel,cloud_platform_ads,8f3d1f055cd20d8b9fd41d78b6fd3b96bae0493e310c348eea2fea4efcdfe7be,167,included_in_public_release,author_created_derived_post_extraction_card,not_included_mixed_public_or_provider_access,not_redistributed_no_rights_grant,withheld_hash_locator_only
ca59545aac5b25d3ed17,META,FY2023_Q1,FY2023_Q2,74cc0c704b2ba3740075daa2,88cf03009b63459df8a6a08c,ledger_forward+shock_forward,claim,Meta Platforms::Family Of Apps,DRIVES_DEMAND_FOR,demand,product_transition,demand,positive,medium,0.9,True,explicit,[57],explicit_segment,7e1a97b3dced6fe4bf89e1d8,FY2023_Q2,Forecast/Guidance,0.9881654739046954,1,True,False,persistent,full_mainpanel,cloud_platform_ads,a6db9f9072226e0a16610183495a1a4696fab8f2f3d5cd51e9e8cc2cc3cf52ce,129,included_in_public_release,author_created_derived_post_extraction_card,not_included_mixed_public_or_provider_access,not_redistributed_no_rights_grant,withheld_hash_locator_only
23ce97b3ca9fb9920295,META,FY2023_Q1,FY2023_Q2,9103cd07a05b00cd2621d168,70c6bacf480f59fc008f37f1,ledger_forward,event,UNKNOWN,LIMITS_REVENUE_OF,macro,macro,regulation_macro,negative,medium,1.0,True,,[198],unresolved,da5fa8ea7c99d09b043049fb,FY2023_Q2,Forecast/Guidance,,0,True,False,persistent,full_mainpanel,cloud_platform_ads,283637690054ee24a04879fa8f99596af5662d6ae7bcd96702403f6e6f7db7e0,162,included_in_public_release,author_created_derived_post_extraction_card,not_included_mixed_public_or_provider_access,not_redistributed_no_rights_grant,withheld_hash_locator_only
0818550962df6411d259,META,FY2023_Q2,FY2023_Q3,513b052d340825123e392efd,e4add4d1d8f7b8eb2880e758,ledger_forward+shock_forward,claim,Meta Platforms::Family Of Apps,INCREASES_SPEND_ON,supply,supply,supply_capacity,positive,medium,0.75,True,inferred,"[11,12,13]",explicit_segment,4560aa479432c028dda717d1,FY2023_Q3,Forecast/Guidance,0.9913747304603269,1,True,False,persistent,full_mainpanel,cloud_platform_ads,2adbb4df07f39bb46173f327fb81ae455c5fb852fe89007ef15371866e43e000,90,included_in_public_release,author_created_derived_post_extraction_card,not_included_mixed_public_or_provider_access,not_redistributed_no_rights_grant,withheld_hash_locator_only
d64ce10705f5c619eddb,META,FY2023_Q2,FY2023_Q3,41f306d8dec9781d6b02fd43,7e72c88824230b94a3e0113b,ledger_forward,event,UNKNOWN,BOOSTS_REVENUE_OF,macro,macro,regulation_macro,positive,medium,1.0,True,,[179],unresolved,da5fa8ea7c99d09b043049fb,FY2023_Q3,Forecast/Guidance,,0,True,False,persistent,full_mainpanel,cloud_platform_ads,be8334aaae6b6fb3b2de13602567a5536847198b82e835870f6c35f9b02797a1,161,included_in_public_release,author_created_derived_post_extraction_card,not_included_mixed_public_or_provider_access,not_redistributed_no_rights_grant,withheld_hash_locator_only
a97b9ac5863118b9d57b,META,FY2023_Q2,FY2023_Q3,12ed8ed3e0f770fd5b48c5e7,518f6211b049de4807410276,ledger_forward,event,UNKNOWN,BOOSTS_REVENUE_OF,demand,demand,demand,positive,high,1.0,True,,[344],unresolved,da5fa8ea7c99d09b043049fb,FY2023_Q3,Forecast/Guidance,,0,True,False,persistent,full_mainpanel,cloud_platform_ads,7bfe32af0ea7e30c6ae81e23433ae7f386024da0e73919ac094fd035dcca1fbb,160,included_in_public_release,author_created_derived_post_extraction_card,not_included_mixed_public_or_provider_access,not_redistributed_no_rights_grant,withheld_hash_locator_only
4134ea9356ba41934efd,META,FY2023_Q3,FY2023_Q4,61cc6a036a250099b13316dc,ec265aa0ce31ce2ed90ba79b,ledger_forward+shock_forward,claim,Meta Platforms::Family Of Apps,INCREASES_SPEND_ON,demand,demand,demand,positive,high,1.0,True,explicit,[12],explicit_segment,cc911f0def69348743ed335f,FY2023_Q4,Forecast/Guidance,0.993849938499385,1,True,False,persistent,full_mainpanel,cloud_platform_ads,055a4847206aaeacf18bc9fb3bc7fce803f4f04da38c1a3ef52544bbdca5e9d6,90,included_in_public_release,author_created_derived_post_extraction_card,not_included_mixed_public_or_provider_access,not_redistributed_no_rights_grant,withheld_hash_locator_only
0fddbe6ac0597d8d2759,META,FY2023_Q3,FY2023_Q4,31b516bd3207e30f1ed5650a,069a6197d659f060297c6282,ledger_forward+shock_forward,claim,Meta Platforms::Family Of Apps,BOOSTS_REVENUE_OF,product_transition,product_transition,product_transition,positive,medium,1.0,True,explicit,[76],explicit_segment,22c5e1bfa4763829dc2956b8,FY2023_Q4,Forecast/Guidance,0.993849938499385,1,True,False,persistent,full_mainpanel,cloud_platform_ads,884c74afee032a5f280275844ac839588efcd3ab83cfb17db91a28ed03e7fbdd,74,included_in_public_release,author_created_derived_post_extraction_card,not_included_mixed_public_or_provider_access,not_redistributed_no_rights_grant,withheld_hash_locator_only
048a218ab46c76f0d981,META,FY2023_Q3,FY2023_Q4,bba6f4b7423c178b1ccc6f1c,a831ae5d3bda45dbf71544e1,ledger_forward+shock_forward,claim,Meta Platforms::Reality Labs,INCREASES_SPEND_ON,supply,supply,supply_capacity,negative,medium,1.0,False,explicit,[123],explicit_segment,0c59b34a7b02cc9b5bf8e2f8,FY2023_Q4,Forecast/Guidance,0.006150061500615006,2,True,False,unknown,full_mainpanel,cloud_platform_ads,b3d3bd82fb65e38044a09cbee3d2d8ac8a5fe1d0ae68eae55ac243f6ab40c2c2,56,included_in_public_release,author_created_derived_post_extraction_card,not_included_mixed_public_or_provider_access,not_redistributed_no_rights_grant,withheld_hash_locator_only
7689b56587ffa22125f5,META,FY2023_Q3,FY2023_Q4,80a04fe795497b69365fbb25,734ec528d31f29cb79999ad6,ledger_forward+shock_forward,claim,Meta Platforms::Reality Labs,LIMITS_REVENUE_OF,product_transition,product_transition,product_transition,negative,medium,1.0,False,explicit,[115],explicit_segment,55329f9c963b483b2479695c,FY2023_Q4,Forecast/Guidance,0.006150061500615006,2,True,False,unknown,full_mainpanel,cloud_platform_ads,cbb762ac57a530ada015566e0e768cc292156d9d50b450858a46d68cad10532a,174,included_in_public_release,author_created_derived_post_extraction_card,not_included_mixed_public_or_provider_access,not_redistributed_no_rights_grant,withheld_hash_locator_only
d29a9dbe117bfe81e359,META,FY2023_Q3,FY2023_Q4,44c5d689b658435aa2118202,c0e49ba7051a00674b673ebb,ledger_forward,event,UNKNOWN,LIMITS_REVENUE_OF,geopolitics,geopolitics,regulation_macro,negative,medium,1.0,False,,[321],unresolved,da5fa8ea7c99d09b043049fb,FY2023_Q4,Forecast/Guidance,,0,True,False,unknown,full_mainpanel,cloud_platform_ads,ca0343b531f16cd9a0007d9803fb1b278cd57a1f30e63f4a3559ca1136bbd444,160,included_in_public_release,author_created_derived_post_extraction_card,not_included_mixed_public_or_provider_access,not_redistributed_no_rights_grant,withheld_hash_locator_only
16e17e1dd6af8e95075e,META,FY2023_Q4,FY2024_Q1,6e1af20ee634c677c75fbc0e,8e5baaefe5989b1d7a72d002,ledger_forward,claim,Meta Platforms::Family Of Apps,BOOSTS_REVENUE_OF,product_transition,product_transition,product_transition,positive,medium,0.9,True,explicit,[135],explicit_segment,ff80d5ea9edacb9819654fe4,FY2024_Q1,Realized/Reporting,0.9733240258283264,1,True,False,persistent,full_mainpanel,cloud_platform_ads,54516701833b06780ebbe5860ffbd019896d632912a459254e24bfc46924e223,219,included_in_public_release,author_created_derived_post_extraction_card,not_included_mixed_public_or_provider_access,not_redistributed_no_rights_grant,withheld_hash_locator_only
6bf65ac505ed7ebf7ee8,META,FY2023_Q4,FY2024_Q1,42800701cddb6c3a32c380a4,ffc20a6f23350efdfa8481d5,ledger_forward,event,UNKNOWN,BOOSTS_REVENUE_OF,revenue_boost,other,revenue_boost_limit,positive,low,0.95,False,,[282],unresolved,854cb5d903e1276957ded889,FY2024_Q1,Forecast/Guidance,,0,True,False,unknown,full_mainpanel,cloud_platform_ads,3cb40360d6c1c5216ec40048617a9252998ed7eaa9008e7f64b76c55a5f1dedc,79,included_in_public_release,author_created_derived_post_extraction_card,not_included_mixed_public_or_provider_access,not_redistributed_no_rights_grant,withheld_hash_locator_only
e07588055ab13eb8fbff,META,FY2023_Q4,FY2024_Q1,47485e1ebd971b09411cd7e4,1a3748015d3244f747928426,ledger_forward,event,UNKNOWN,SUPPORTS_REVENUE_OF,macro,macro,regulation_macro,mixed,medium,0.9,False,,[232],unresolved,854cb5d903e1276957ded889,FY2024_Q1,Forecast/Guidance,,0,True,False,unknown,full_mainpanel,cloud_platform_ads,385dd8a1a665d6dff6ee61f10ad9723b7829f39749ff316b286c8c03ba5e8f80,120,included_in_public_release,author_created_derived_post_extraction_card,not_included_mixed_public_or_provider_access,not_redistributed_no_rights_grant,withheld_hash_locator_only
bcd83794099dde5d8dfb,META,FY2024_Q1,FY2024_Q2,55b9bd5cd1ce7728b7a54d8f,df6770753bb870a291cb1fe9,ledger_forward+shock_forward,claim,Meta Platforms::Family Of Apps,SUPPORTS_REVENUE_OF,supply,supply,supply_capacity,positive,high,0.9,True,explicit,[101],explicit_segment,7fda927c9b571982fd981715,FY2024_Q2,Forecast/Guidance,0.987930325058291,1,True,False,persistent,full_mainpanel,cloud_platform_ads,012eec5d3b7a5253a4d8704f96aef784e3712ff1dbb05291270505bdd4ea4e50,83,included_in_public_release,author_created_derived_post_extraction_card,not_included_mixed_public_or_provider_access,not_redistributed_no_rights_grant,withheld_hash_locator_only
3dcfc5ee5432a7e2ee54,META,FY2024_Q1,FY2024_Q2,c2ea14eb28495c0f4a300e2e,b7f5541132fb5475a03e0a7c,ledger_forward,event,UNKNOWN,LIMITS_REVENUE_OF,macro,macro,regulation_macro,negative,low,1.0,True,,[183],unresolved,da5fa8ea7c99d09b043049fb,FY2024_Q2,Forecast/Guidance,,0,True,False,persistent,full_mainpanel,cloud_platform_ads,ada55e8477845c7295c99a10b6065076cf7e504296f2994bd0981ddc212567c1,126,included_in_public_release,author_created_derived_post_extraction_card,not_included_mixed_public_or_provider_access,not_redistributed_no_rights_grant,withheld_hash_locator_only
3264b8ba1fbd8ff738cd,META,FY2024_Q2,FY2024_Q3,c1cc9472e6aa92d361e7741f,e04b706833d3032b0b9e7d24,ledger_forward,event,UNKNOWN,LIMITS_REVENUE_OF,macro,macro,regulation_macro,negative,medium,0.95,False,,[200],unresolved,dc04cd2888bcbbe3b9772858,FY2024_Q3,Forecast/Guidance,,0,True,False,unknown,full_mainpanel,cloud_platform_ads,1337f96f8fe8006e3d27993c2feca400e6fbf655fc39b476d744f1776825c896,126,included_in_public_release,author_created_derived_post_extraction_card,not_included_mixed_public_or_provider_access,not_redistributed_no_rights_grant,withheld_hash_locator_only
f8f11d7130c5fd2bcbea,META,FY2024_Q3,FY2024_Q4,ce7430a6aa565fbe9a6a749b,1a4114cf1486358ee30c7ce6,ledger_forward+shock_forward,claim,Meta Platforms::Family Of Apps,BOOSTS_REVENUE_OF,product_transition,product_transition,product_transition,positive,medium,0.85,True,explicit,[14],explicit_segment,bdf116b69cd696726eb6e3df,FY2024_Q4,Forecast/Guidance,0.9933479514154081,1,True,False,persistent,full_mainpanel,cloud_platform_ads,5e55af99642f248d4caaaee8a00ea527c7057d9e627d2ec1dd19cb7026f25997,204,included_in_public_release,author_created_derived_post_extraction_card,not_included_mixed_public_or_provider_access,not_redistributed_no_rights_grant,withheld_hash_locator_only
3f4c85b9f8ff47003ae3,META,FY2024_Q3,FY2024_Q4,3aac26cfa0f34b54098c5971,b59cc276f1e65153d2b6ab7c,ledger_forward+shock_forward,event,Meta Platforms::Family Of Apps,LIMITS_REVENUE_OF,macro,macro,regulation_macro,negative,high,0.9,True,,[173],explicit_tail,9de211d9a5736b1d14dd82f3,FY2024_Q4,Forecast/Guidance,0.9933479514154081,1,True,False,persistent,full_mainpanel,cloud_platform_ads,2b55177b2ec1cd281d99680783f49e8c919d630c770f07ec93093319f6c321bd,69,included_in_public_release,author_created_derived_post_extraction_card,not_included_mixed_public_or_provider_access,not_redistributed_no_rights_grant,withheld_hash_locator_only
f983cacf74a930234abe,META,FY2024_Q4,FY2025_Q1,fff633eb2fe23922702b1f1b,58eb2682554bcc212c7d6eac,ledger_forward+shock_forward,claim,Meta Platforms::Family Of Apps,DRIVES_DEMAND_FOR,demand,demand,demand,positive,high,0.95,True,explicit,[10],explicit_segment_with_path,b768012048ca78af53a08ed6,FY2025_Q1,Forecast/Guidance,0.9776376976335641,1,True,False,persistent,full_mainpanel,cloud_platform_ads,8f5e3818bad4282750c3526ccd6f046617741c8d29056663ad93bfa58700fb26,49,included_in_public_release,author_created_derived_post_extraction_card,not_included_mixed_public_or_provider_access,not_redistributed_no_rights_grant,withheld_hash_locator_only
819e20a6fdde2a8d31f1,META,FY2024_Q4,FY2025_Q1,8b7a261b2c745be5a26679a4,9ca6a3cf86e1f0dc07c13291,ledger_forward+shock_forward,claim,Meta Platforms::Reality Labs,BOOSTS_REVENUE_OF,demand,demand,demand,positive,medium,0.9,True,explicit,[19],explicit_segment,cc911f0def69348743ed335f,FY2025_Q1,Forecast/Guidance,0.02238296992869691,2,True,False,persistent,full_mainpanel,cloud_platform_ads,2e7c361a238a60f02698f26b62978fa686026c5a53fb3dc00870c3e0c134791d,133,included_in_public_release,author_created_derived_post_extraction_card,not_included_mixed_public_or_provider_access,not_redistributed_no_rights_grant,withheld_hash_locator_only
dd305e8a3476594957af,META,FY2024_Q4,FY2025_Q1,fb30be367978bb2daf47d079,6429c898bd04218581c3ded2,ledger_forward+shock_forward,claim,Meta Platforms::Family Of Apps,BOOSTS_REVENUE_OF,product_transition,product_transition,product_transition,positive,high,0.95,True,explicit,[21],explicit_segment,3efd9a4b3b17d9e091da2431,FY2025_Q1,Forecast/Guidance,0.9776376976335641,1,True,False,persistent,full_mainpanel,cloud_platform_ads,5458d7326b78d09070e42e4bf3c2ce08f36e2cb239b1a1e5ef6f237f20ef2383,115,included_in_public_release,author_created_derived_post_extraction_card,not_included_mixed_public_or_provider_access,not_redistributed_no_rights_grant,withheld_hash_locator_only
3f1c159c6ce6769f411b,META,FY2024_Q4,FY2025_Q1,c5217db5c93f0ae84ddf2da8,756ba885b495a7c1c41a54b2,ledger_forward+shock_forward,event,Meta Platforms::Family Of Apps,LIMITS_REVENUE_OF,macro,macro,regulation_macro,negative,medium,0.95,True,,[177],explicit_tail,9de211d9a5736b1d14dd82f3,FY2025_Q1,Forecast/Guidance,0.9776376976335641,1,True,False,persistent,full_mainpanel,cloud_platform_ads,93e16c2a99ef4b52029db3e0265e128a36efa480fb02ffead7976fc2bc0a4699,339,included_in_public_release,author_created_derived_post_extraction_card,not_included_mixed_public_or_provider_access,not_redistributed_no_rights_grant,withheld_hash_locator_only
aa60a26651e5cca434e1,META,FY2025_Q1,FY2025_Q2,7146fdb6104ea02fe557f055,1502b873616832bb019798a4,ledger_forward+shock_forward,claim,Meta Platforms::Family Of Apps,INCREASES_SPEND_ON,supply,supply,supply_capacity,negative,medium,0.9,True,explicit,[73],explicit_segment,77d2d7e28b08420fef528359,FY2025_Q2,Forecast/Guidance,0.9902632698397693,1,True,False,persistent,full_mainpanel,cloud_platform_ads,ff9f867477769ac18a26860b03e03646c1b49521f0acc8664df6563d5ce14628,146,included_in_public_release,author_created_derived_post_extraction_card,not_included_mixed_public_or_provider_access,not_redistributed_no_rights_grant,withheld_hash_locator_only
93ae1d091633e602dfd7,META,FY2025_Q1,FY2025_Q2,42ad52bc7fb5807fc3a81d93,1fa8a79d46df05c32122c3a8,ledger_forward,event,UNKNOWN,LIMITS_REVENUE_OF,macro,macro,regulation_macro,negative,medium,1.0,False,,[285],unresolved,dc04cd2888bcbbe3b9772858,FY2025_Q2,Forecast/Guidance,,0,True,False,unknown,full_mainpanel,cloud_platform_ads,03eb5bf0f850d06f4d24cf6891af7f1b2cd148de4be33ad1c61f5b1db7794d65,166,included_in_public_release,author_created_derived_post_extraction_card,not_included_mixed_public_or_provider_access,not_redistributed_no_rights_grant,withheld_hash_locator_only
878607f1e9345e31e623,META,FY2025_Q2,FY2025_Q3,bf24eeff7ad2faa9d9fbf501,185b33ddaa3aeaf7350a7afc,ledger_forward,claim,UNKNOWN,INCREASES_SPEND_ON,supply,supply,supply_capacity,positive,high,0.9,True,explicit,[104],unresolved,,FY2025_Q3,Forecast/Guidance,,0,True,False,persistent,full_mainpanel,cloud_platform_ads,cafee003f3a1b331437beddd5e22ee03e4bd9bc5cf9efe52181b20eb0feb1d7b,215,included_in_public_release,author_created_derived_post_extraction_card,not_included_mixed_public_or_provider_access,not_redistributed_no_rights_grant,withheld_hash_locator_only
91bd1105eb146e794609,META,FY2025_Q2,FY2025_Q3,ac1aee48dbb645b16df4a7d8,6af46fbb30b1bde7f3d6410b,ledger_forward,claim,UNKNOWN,INCREASES_SPEND_ON,supply,supply,supply_capacity,negative,high,0.95,True,explicit,[99],unresolved,,FY2025_Q3,Forecast/Guidance,,0,True,False,persistent,full_mainpanel,cloud_platform_ads,390c4cae261be2e10954aef331d09af2d75c166cc6cccbb886abfc37e51da247,207,included_in_public_release,author_created_derived_post_extraction_card,not_included_mixed_public_or_provider_access,not_redistributed_no_rights_grant,withheld_hash_locator_only
9a5d5e27c781afb62a3f,META,FY2025_Q2,FY2025_Q3,dbe7c36daf51b8dc9867ae32,ea645c1346383992046c5fe5,ledger_forward,event,Meta Platforms::Family Of Apps,SUPPORTS_REVENUE_OF,demand,demand,demand,positive,medium,0.95,True,,[145],explicit_tail,9de211d9a5736b1d14dd82f3,FY2025_Q3,Realized/Reporting,0.9922131492549878,1,True,False,persistent,full_mainpanel,cloud_platform_ads,0ff59ab078d520d9a74b91627d690f241da321b8a381d93a75528521f7d644d4,144,included_in_public_release,author_created_derived_post_extraction_card,not_included_mixed_public_or_provider_access,not_redistributed_no_rights_grant,withheld_hash_locator_only
8285728716cac377b7f3,META,FY2025_Q2,FY2025_Q3,3c55ddeeb4c53e02bcb14731,205fdee7a5296eeca4240dcf,ledger_forward,event,Meta Platforms::Reality Labs,BOOSTS_REVENUE_OF,supply,supply,supply_capacity,positive,medium,0.9,True,,[141],explicit_tail,a41f2b08cdebb7aa7dc490ac,FY2025_Q3,Realized/Reporting,0.007786850745012206,2,True,False,persistent,full_mainpanel,cloud_platform_ads,d55eadf2420d458a3c66d054b54016dd91a0223cafd6502be492db9c06b73a5c,76,included_in_public_release,author_created_derived_post_extraction_card,not_included_mixed_public_or_provider_access,not_redistributed_no_rights_grant,withheld_hash_locator_only
56912ab0e27cb43f7cc0,META,FY2025_Q2,FY2025_Q3,4f6fefd27c73197ccb1dad18,3cbcacb38e4c24b213cc2e70,ledger_forward,event,UNKNOWN,BOOSTS_REVENUE_OF,macro,macro,regulation_macro,positive,low,0.95,True,,[196],unresolved,dc04cd2888bcbbe3b9772858,FY2025_Q3,Forecast/Guidance,,0,True,False,persistent,full_mainpanel,cloud_platform_ads,33e4a248c0d75b79c670e993745ed3fdfe99101bf7b0cc14b4231ae4f7062452,142,included_in_public_release,author_created_derived_post_extraction_card,not_included_mixed_public_or_provider_access,not_redistributed_no_rights_grant,withheld_hash_locator_only
bed2d5d419a9e946f71c,META,FY2025_Q3,FY2025_Q4,1e50d1ff7fa504bde5fcd096,6b17ef3ac6e254fd624155c6,ledger_forward+shock_forward,claim,Meta Platforms::Family Of Apps,LIMITS_REVENUE_OF,supply,supply,supply_capacity,negative,medium,0.9,True,explicit,[18],explicit_segment,50ae714e544aa057816222d4,FY2025_Q4,Forecast/Guidance,0.990827836540338,1,True,False,persistent,full_mainpanel,cloud_platform_ads,62830ff372c94a1bbbad0c2a161778767a331edfe0ab388dc4fa4dfb028fc84e,202,included_in_public_release,author_created_derived_post_extraction_card,not_included_mixed_public_or_provider_access,not_redistributed_no_rights_grant,withheld_hash_locator_only
91d16721f34e22717f64,META,FY2025_Q3,FY2025_Q4,8f26d88411996d18bcae1ef6,9ff3bf97a1d7bc6df39fcebf,ledger_forward,claim,UNKNOWN,INCREASES_SPEND_ON,supply,supply,supply_capacity,negative,high,0.9,True,explicit,[17],unresolved,,FY2025_Q4,Forecast/Guidance,,0,True,False,persistent,full_mainpanel,cloud_platform_ads,e383a87131a4e9c1454f083377c041da883634c1163657e4f240f1765155f2b6,382,included_in_public_release,author_created_derived_post_extraction_card,not_included_mixed_public_or_provider_access,not_redistributed_no_rights_grant,withheld_hash_locator_only
dbffaa47066ded63d0b2,META,FY2025_Q3,FY2025_Q4,475982fb9072ad8660c7d064,9a65c6ff9d383e811891a5a5,ledger_forward+shock_forward,event,Meta Platforms::Reality Labs,LIMITS_REVENUE_OF,product_transition,product_transition,product_transition,negative,high,1.0,True,,[173],explicit_tail,a41f2b08cdebb7aa7dc490ac,FY2025_Q4,Forecast/Guidance,0.009172163459661997,2,True,False,persistent,full_mainpanel,cloud_platform_ads,f394d819b0b79297deb47a3feae67a0307939f98ffa7374f7dca6e4437596e4a,263,included_in_public_release,author_created_derived_post_extraction_card,not_included_mixed_public_or_provider_access,not_redistributed_no_rights_grant,withheld_hash_locator_only
b32bcc31b93b7d3b636b,META,FY2025_Q3,FY2025_Q4,cd60128d5c48e7e25d6e14c3,7babd3f15092b93d9ee009fe,ledger_forward+shock_forward,event,Meta Platforms::Reality Labs,LIMITS_REVENUE_OF,inventory,inventory,inventory_channel,negative,high,1.0,True,,[173],explicit_tail,a41f2b08cdebb7aa7dc490ac,FY2025_Q4,Forecast/Guidance,0.009172163459661997,2,True,False,persistent,full_mainpanel,cloud_platform_ads,9493e26f022bf7042f44c493e57230b66394908be5d5ef9d248b3bf55ac78ced,426,included_in_public_release,author_created_derived_post_extraction_card,not_included_mixed_public_or_provider_access,not_redistributed_no_rights_grant,withheld_hash_locator_only
9ac5a2140f42e20c2870,MSFT,FY2018_Q4,FY2019_Q1,a170f4aff171e3a1776cd83b,2e3726f879665e49763fca15,ledger_forward+shock_forward,event,Microsoft::Productivity and Business Processes,BOOSTS_REVENUE_OF,macro,macro,regulation_macro,positive,medium,0.95,True,,[181],explicit_tail,db00ced28f6a70808fd7a714,FY2019_Q1,Forecast/Guidance,0.32135615755359814,2,True,False,persistent,full_mainpanel,cloud_platform_ads,b3b25fbc4b7b013061c17c394b154c50cf365a76ddee4a62e4019d841a216c9e,166,included_in_public_release,author_created_derived_post_extraction_card,not_included_mixed_public_or_provider_access,not_redistributed_no_rights_grant,withheld_hash_locator_only
9390328e03573bbd3264,MSFT,FY2018_Q4,FY2019_Q1,40a9ff7a2e6fa41909950026,a88b653683e4ad4105923387,ledger_forward+shock_forward,event,Microsoft::Intelligent Cloud,BOOSTS_REVENUE_OF,macro,macro,regulation_macro,positive,medium,0.95,True,,[181],explicit_tail,11a8ab224ee51eeaac09f294,FY2019_Q1,Forecast/Guidance,0.3192953298986206,3,True,False,persistent,full_mainpanel,cloud_platform_ads,b3b25fbc4b7b013061c17c394b154c50cf365a76ddee4a62e4019d841a216c9e,166,included_in_public_release,author_created_derived_post_extraction_card,not_included_mixed_public_or_provider_access,not_redistributed_no_rights_grant,withheld_hash_locator_only
fd7425fb1c9635918e36,MSFT,FY2018_Q4,FY2019_Q1,f6ed7dc3c3da8a7ded3d5ab5,30f0d899a5bc7ff175680538,ledger_forward+shock_forward,event,Microsoft::More Personal Computing,BOOSTS_REVENUE_OF,macro,macro,regulation_macro,positive,medium,0.95,True,,[181],explicit_tail,95b399af7edb7629ec28f066,FY2019_Q1,Forecast/Guidance,0.3593485125477813,1,True,False,persistent,full_mainpanel,cloud_platform_ads,b3b25fbc4b7b013061c17c394b154c50cf365a76ddee4a62e4019d841a216c9e,166,included_in_public_release,author_created_derived_post_extraction_card,not_included_mixed_public_or_provider_access,not_redistributed_no_rights_grant,withheld_hash_locator_only
9aaffc67dafeb9705a01,MSFT,FY2018_Q4,FY2019_Q1,1e6c7877a6029c02b4d638d3,05829d96b65ef53744c117f8,ledger_forward,event,UNKNOWN,LIMITS_REVENUE_OF,demand,demand,demand,negative,medium,0.95,True,,[161],unresolved,da5fa8ea7c99d09b043049fb,FY2019_Q1,Forecast/Guidance,,0,True,False,persistent,full_mainpanel,cloud_platform_ads,bc41896de046aa573f8e570deca61e9df1593a28edba33bdc86dc06e1111bb5e,171,included_in_public_release,author_created_derived_post_extraction_card,not_included_mixed_public_or_provider_access,not_redistributed_no_rights_grant,withheld_hash_locator_only
c8484518f3d2d77ef356,MSFT,FY2018_Q4,FY2019_Q1,58b41c48710c4cb85a183174,dc6bf13a251ec060f8e6fbe1,ledger_forward+shock_forward,event,Microsoft::Productivity and Business Processes,BOOSTS_REVENUE_OF,demand,demand,demand,positive,high,0.95,True,,[188],explicit_tail,db00ced28f6a70808fd7a714,FY2019_Q1,Forecast/Guidance,0.32135615755359814,2,True,False,persistent,full_mainpanel,cloud_platform_ads,1d32c6e70e0abe965290846d717768641272ea7e08f00ace6227bb587f873f20,163,included_in_public_release,author_created_derived_post_extraction_card,not_included_mixed_public_or_provider_access,not_redistributed_no_rights_grant,withheld_hash_locator_only
96d9fbb68e09ea0e5746,MSFT,FY2018_Q4,FY2019_Q1,4b0b10d9ac303e7a1be2da8c,f57ad316e850bf3503e61f1d,ledger_forward+shock_forward,event,Microsoft::Intelligent Cloud,BOOSTS_REVENUE_OF,demand,demand,demand,positive,high,0.95,True,,[166],explicit_tail,11a8ab224ee51eeaac09f294,FY2019_Q1,Forecast/Guidance,0.3192953298986206,3,True,False,persistent,full_mainpanel,cloud_platform_ads,d66706cc3affe91c41288af16a6ee655d7f7796adf792e36c310b642f54f1b2e,126,included_in_public_release,author_created_derived_post_extraction_card,not_included_mixed_public_or_provider_access,not_redistributed_no_rights_grant,withheld_hash_locator_only
6288c42d2b432885e20e,MSFT,FY2018_Q4,FY2019_Q1,48aa3d476eec413a8830ec30,0f3cae6b4fad6a6b9061f93c,ledger_forward+shock_forward,event,Microsoft::More Personal Computing,BOOSTS_REVENUE_OF,demand,demand,demand,positive,high,0.95,True,,[195],explicit_tail,95b399af7edb7629ec28f066,FY2019_Q1,Forecast/Guidance,0.3593485125477813,1,True,False,persistent,full_mainpanel,cloud_platform_ads,f9df4c1578dd0ffee13329529678f17663e8f99895c786b2a4f35a28ce16f634,157,included_in_public_release,author_created_derived_post_extraction_card,not_included_mixed_public_or_provider_access,not_redistributed_no_rights_grant,withheld_hash_locator_only
ca1282fb9c66fa698fe4,MSFT,FY2019_Q1,FY2019_Q2,d37a8f763a20891964354eec,2baaa5acaf8f1f4e95930f4d,ledger_forward+shock_forward,event,Microsoft::Intelligent Cloud,BOOSTS_REVENUE_OF,pricing,pricing,pricing_margin,positive,medium,0.95,True,,[265],explicit_tail,11a8ab224ee51eeaac09f294,FY2019_Q2,Forecast/Guidance,0.29456058313849537,3,True,False,persistent,full_mainpanel,cloud_platform_ads,1021a81eed99c374d0648d8675e365c889f276ea6c9b66f4aaa051eea1e5db79,146,included_in_public_release,author_created_derived_post_extraction_card,not_included_mixed_public_or_provider_access,not_redistributed_no_rights_grant,withheld_hash_locator_only
215dcd9fb39b99c61dc6,MSFT,FY2019_Q1,FY2019_Q2,93a6b8bd31a5841c9d2f3d0b,02afb2e5fa096ba7eec44084,ledger_forward+shock_forward,event,Microsoft::Productivity and Business Processes,LIMITS_REVENUE_OF,inventory,inventory,inventory_channel,negative,medium,0.95,True,,[206],explicit_tail,db00ced28f6a70808fd7a714,FY2019_Q2,Forecast/Guidance,0.33595791500481365,2,True,False,persistent,full_mainpanel,cloud_platform_ads,95693b260ee6fd5301f5b3c55cbf1476e52cfc66c7c697a1e379e32a5894b8d0,151,included_in_public_release,author_created_derived_post_extraction_card,not_included_mixed_public_or_provider_access,not_redistributed_no_rights_grant,withheld_hash_locator_only
cbc0cb2415fcc8d3a3e1,MSFT,FY2019_Q1,FY2019_Q2,9fb52ee2142d3abcadfa572a,452079c0449c3c4557b1ab2d,ledger_forward+shock_forward,event,Microsoft::Productivity and Business Processes,LIMITS_REVENUE_OF,demand,demand,demand,negative,medium,0.9,True,,[207],explicit_tail,db00ced28f6a70808fd7a714,FY2019_Q2,Forecast/Guidance,0.33595791500481365,2,True,False,persistent,full_mainpanel,cloud_platform_ads,c4513bdb528d5292b1502ab51cc4bb2190e21a5eea71d2cf13941417cc061343,89,included_in_public_release,author_created_derived_post_extraction_card,not_included_mixed_public_or_provider_access,not_redistributed_no_rights_grant,withheld_hash_locator_only
68e69218ab857eeab00f,MSFT,FY2019_Q1,FY2019_Q2,94509f3d90371fc06971c3bb,1ec4ec3af2abb0d24c166f32,ledger_forward+shock_forward,event,Microsoft::Intelligent Cloud,LIMITS_REVENUE_OF,demand,demand,demand,negative,medium,0.95,True,,[209],explicit_tail,11a8ab224ee51eeaac09f294,FY2019_Q2,Forecast/Guidance,0.29456058313849537,3,True,False,persistent,full_mainpanel,cloud_platform_ads,696ea2eaef073ce03c30f6fb90686c6397067931dad215f314daeeb3ec18456a,170,included_in_public_release,author_created_derived_post_extraction_card,not_included_mixed_public_or_provider_access,not_redistributed_no_rights_grant,withheld_hash_locator_only
47e15850589713c0945e,MSFT,FY2019_Q1,FY2019_Q2,61a1f5976ca29d55bbea47cb,4e24fbe3b4eca69ef27e3c96,ledger_forward+shock_forward,event,Microsoft::More Personal Computing,LIMITS_REVENUE_OF,demand,demand,demand,negative,medium,0.95,True,,[217],explicit_tail,95b399af7edb7629ec28f066,FY2019_Q2,Forecast/Guidance,0.369481501856691,1,True,False,persistent,full_mainpanel,cloud_platform_ads,da699099b7e3c680c0a01123f4b818b19b9bda5bee2ea8781107ce445dff2838,118,included_in_public_release,author_created_derived_post_extraction_card,not_included_mixed_public_or_provider_access,not_redistributed_no_rights_grant,withheld_hash_locator_only
650f4bbefe022c677e07,MSFT,FY2019_Q1,FY2019_Q2,7740973a04b364ba99de2989,748ca6d3d828ee22480b236c,ledger_forward+shock_forward,event,Microsoft::More Personal Computing,BOOSTS_REVENUE_OF,product_transition,product_transition,product_transition,positive,medium,0.95,True,,[215],explicit_tail,95b399af7edb7629ec28f066,FY2019_Q2,Forecast/Guidance,0.369481501856691,1,True,False,persistent,full_mainpanel,cloud_platform_ads,580ab68529d61e6a31a4bf76b4c2d072c6d9e19540e9cabe23872f73697e87d2,136,included_in_public_release,author_created_derived_post_extraction_card,not_included_mixed_public_or_provider_access,not_redistributed_no_rights_grant,withheld_hash_locator_only
8c41888f4408a69c83a1,MSFT,FY2019_Q2,FY2019_Q3,bfa49f025852d823987065b4,7406945152d53dd45e324390,ledger_forward,event,UNKNOWN,BOOSTS_REVENUE_OF,revenue_boost,other,revenue_boost_limit,positive,low,0.85,False,,[118],unresolved,da5fa8ea7c99d09b043049fb,FY2019_Q3,Forecast/Guidance,,0,True,False,unknown,full_mainpanel,cloud_platform_ads,c63758081d702c69798d50a4435dbe2cbd27e0dc4b0d061185d09f072917a10a,98,included_in_public_release,author_created_derived_post_extraction_card,not_included_mixed_public_or_provider_access,not_redistributed_no_rights_grant,withheld_hash_locator_only
e0f7e4b96d3eb03aaae1,MSFT,FY2019_Q2,FY2019_Q3,d31b061219228cea2797a1ac,eecee17040ef700eb9a6bd4a,ledger_forward+shock_forward,event,Microsoft::More Personal Computing,LIMITS_REVENUE_OF,supply,supply,supply_capacity,negative,medium,0.95,True,,[148],explicit_tail,95b399af7edb7629ec28f066,FY2019_Q3,Forecast/Guidance,0.40014166487019187,1,True,False,persistent,full_mainpanel,cloud_platform_ads,60a097e9523701e98914d25911b1980226c7f677a13c433c0989fc96000fb492,243,included_in_public_release,author_created_derived_post_extraction_card,not_included_mixed_public_or_provider_access,not_redistributed_no_rights_grant,withheld_hash_locator_only
dd59870e7ffffb7f6233,MSFT,FY2019_Q3,FY2019_Q4,f64776dff791b584b7d16ced,fad267244269c64bd1e0b62f,ledger_forward+shock_forward,event,Microsoft::Productivity and Business Processes,LIMITS_REVENUE_OF,macro,macro,regulation_macro,negative,medium,1.0,True,,[169],explicit_tail,db00ced28f6a70808fd7a714,FY2019_Q4,Forecast/Guidance,0.33502338817833893,2,True,False,persistent,full_mainpanel,cloud_platform_ads,26c352ab89b3f90335534680223a0607ee7ddb1d68a6180ba8bc4e76e80131ad,172,included_in_public_release,author_created_derived_post_extraction_card,not_included_mixed_public_or_provider_access,not_redistributed_no_rights_grant,withheld_hash_locator_only
ede1cb02e81088e1ae9a,MSFT,FY2019_Q3,FY2019_Q4,b831f0f3b6b0b80cdce871e1,901ac277f729654c24ff0bca,ledger_forward+shock_forward,event,Microsoft::Intelligent Cloud,LIMITS_REVENUE_OF,macro,macro,regulation_macro,negative,medium,1.0,True,,[170],explicit_tail,11a8ab224ee51eeaac09f294,FY2019_Q4,Forecast/Guidance,0.31562591998953254,3,True,False,persistent,full_mainpanel,cloud_platform_ads,ecfa2209355ff5dbc868275364dbe56cba043cbf9098b4d1d532a029f9e937c4,191,included_in_public_release,author_created_derived_post_extraction_card,not_included_mixed_public_or_provider_access,not_redistributed_no_rights_grant,withheld_hash_locator_only
2730d111d6b2a93b0b1c,MSFT,FY2019_Q3,FY2019_Q4,ef1ab16bc6524c0210f38dc3,185d68cbebb3a177d57c051d,ledger_forward+shock_forward,event,Microsoft::More Personal Computing,LIMITS_REVENUE_OF,macro,macro,regulation_macro,negative,medium,1.0,True,,[170],explicit_tail,95b399af7edb7629ec28f066,FY2019_Q4,Forecast/Guidance,0.34935069183212847,1,True,False,persistent,full_mainpanel,cloud_platform_ads,ecfa2209355ff5dbc868275364dbe56cba043cbf9098b4d1d532a029f9e937c4,191,included_in_public_release,author_created_derived_post_extraction_card,not_included_mixed_public_or_provider_access,not_redistributed_no_rights_grant,withheld_hash_locator_only
c456918d8a469da578c2,MSFT,FY2019_Q3,FY2019_Q4,12ba059787e329b24596c295,7ca8a3169f7f3274f7ca7bcd,ledger_forward,event,UNKNOWN,BOOSTS_REVENUE_OF,inventory,inventory,inventory_channel,positive,high,1.0,True,,[172],unresolved,da5fa8ea7c99d09b043049fb,FY2019_Q4,Forecast/Guidance,,0,True,False,persistent,full_mainpanel,cloud_platform_ads,37873982d98c899cc3f96233db0ba62600eeb96b5de13956e2ad02a0a0afba3c,151,included_in_public_release,author_created_derived_post_extraction_card,not_included_mixed_public_or_provider_access,not_redistributed_no_rights_grant,withheld_hash_locator_only
56e19360bd75b109d636,MSFT,FY2019_Q3,FY2019_Q4,ecca73d4eddad9e5fffcad6d,7716850ee730a1edc6434821,ledger_forward,event,UNKNOWN,SUPPORTS_REVENUE_OF,pricing,pricing,pricing_margin,mixed,medium,1.0,True,,[173],unresolved,da5fa8ea7c99d09b043049fb,FY2019_Q4,Forecast/Guidance,,0,True,False,persistent,full_mainpanel,cloud_platform_ads,f7e13ebf88b870a71d74b6225ee621739b8534907280f7e26f4f23d278e3df23,223,included_in_public_release,author_created_derived_post_extraction_card,not_included_mixed_public_or_provider_access,not_redistributed_no_rights_grant,withheld_hash_locator_only
60f1857af2b30aa56615,MSFT,FY2019_Q3,FY2019_Q4,c77f09b02e34c59d931117ea,cec324fb601c746cf6fc4c4c,ledger_forward,event,UNKNOWN,SUPPORTS_REVENUE_OF,revenue_boost,other,revenue_boost_limit,positive,medium,1.0,True,,[175],unresolved,da5fa8ea7c99d09b043049fb,FY2019_Q4,Forecast/Guidance,,0,True,False,persistent,full_mainpanel,cloud_platform_ads,0455e0c84ab416d301eef4176d2de721cedc5bf45ae0e9b10b2929c6478c05e1,137,included_in_public_release,author_created_derived_post_extraction_card,not_included_mixed_public_or_provider_access,not_redistributed_no_rights_grant,withheld_hash_locator_only
d57380f9dd8855f4711f,MSFT,FY2019_Q3,FY2019_Q4,9d1cb040aa405bfd3eefe139,8e22a1f63527f072fe137e5b,ledger_forward+shock_forward,event,Microsoft::Productivity and Business Processes,LIMITS_REVENUE_OF,product_transition,product_transition,product_transition,negative,medium,1.0,True,,[178],explicit_tail,db00ced28f6a70808fd7a714,FY2019_Q4,Forecast/Guidance,0.33502338817833893,2,True,False,persistent,full_mainpanel,cloud_platform_ads,343c4b590da9893e873325613bccf3204afbf742eef634b31ef0ea84d4ff5269,155,included_in_public_release,author_created_derived_post_extraction_card,not_included_mixed_public_or_provider_access,not_redistributed_no_rights_grant,withheld_hash_locator_only
f60ea8c991e6c61d3289,MSFT,FY2019_Q3,FY2019_Q4,2f89af9dcfdc75d969729399,af866baafe936a9250b81ba6,ledger_forward+shock_forward,event,Microsoft::Productivity and Business Processes,BOOSTS_REVENUE_OF,demand,demand,demand,positive,high,1.0,True,,[180],explicit_tail,db00ced28f6a70808fd7a714,FY2019_Q4,Forecast/Guidance,0.33502338817833893,2,True,False,persistent,full_mainpanel,cloud_platform_ads,685a48303f7dff00165cb572a29d8fcee4da3f8bf65bf1e2c94a74276ad7b845,90,included_in_public_release,author_created_derived_post_extraction_card,not_included_mixed_public_or_provider_access,not_redistributed_no_rights_grant,withheld_hash_locator_only
4c79e749aab8739f6bb7,MSFT,FY2019_Q3,FY2019_Q4,0b79f087d58166d0f943beab,b2b0a5b5212b58ebb452b509,ledger_forward+shock_forward,event,Microsoft::Intelligent Cloud,BOOSTS_REVENUE_OF,demand,demand,demand,positive,high,1.0,True,,[183],explicit_tail,11a8ab224ee51eeaac09f294,FY2019_Q4,Forecast/Guidance,0.31562591998953254,3,True,False,persistent,full_mainpanel,cloud_platform_ads,a0a5ef71cfefcbceb85aa7e41c4567ae2d61d483718a4b9521ec9ab7696e58b6,176,included_in_public_release,author_created_derived_post_extraction_card,not_included_mixed_public_or_provider_access,not_redistributed_no_rights_grant,withheld_hash_locator_only
84a3fbe161d4bd35cb16,MSFT,FY2019_Q3,FY2019_Q4,4034cc00e3e1dc899eb00ce1,156b18461a4e16fbcc855572,ledger_forward+shock_forward,event,Microsoft::More Personal Computing,LIMITS_REVENUE_OF,demand,demand,demand,negative,medium,1.0,True,,[186],explicit_tail,95b399af7edb7629ec28f066,FY2019_Q4,Forecast/Guidance,0.34935069183212847,1,True,False,persistent,full_mainpanel,cloud_platform_ads,c44bd4baee8c9f4786faffd5787dca6ad7bcd61e8eafce419b25808faebc52e9,110,included_in_public_release,author_created_derived_post_extraction_card,not_included_mixed_public_or_provider_access,not_redistributed_no_rights_grant,withheld_hash_locator_only
efce8163cb470ea9a262,MSFT,FY2019_Q3,FY2019_Q4,db84125aaaf4ed4e52f78772,b3a4b0cd6d6db1b5f09916ac,ledger_forward+shock_forward,event,Microsoft::More Personal Computing,BOOSTS_REVENUE_OF,demand,demand,demand,positive,medium,1.0,True,,[187],explicit_tail,95b399af7edb7629ec28f066,FY2019_Q4,Forecast/Guidance,0.34935069183212847,1,True,False,persistent,full_mainpanel,cloud_platform_ads,08fdbf6302a6d270c41606e1727b6e179545112c9f454133ddb2c8af6745163f,115,included_in_public_release,author_created_derived_post_extraction_card,not_included_mixed_public_or_provider_access,not_redistributed_no_rights_grant,withheld_hash_locator_only
256064d0a61f28413bd1,MSFT,FY2019_Q4,FY2020_Q1,be33d8d5e4d46cabcee2dbd0,fd1d64142a58ed780a55cddd,ledger_forward+shock_forward,event,Microsoft::Intelligent Cloud,BOOSTS_REVENUE_OF,demand,demand,demand,positive,medium,0.95,True,,[185],explicit_tail,11a8ab224ee51eeaac09f294,FY2020_Q1,Forecast/Guidance,0.33784144496841356,1,True,False,persistent,full_mainpanel,cloud_platform_ads,15ecb9266258ee1c3a37527c1803a1dfa8ecbcd34910cbf8c75fc5d3e639b7d6,201,included_in_public_release,author_created_derived_post_extraction_card,not_included_mixed_public_or_provider_access,not_redistributed_no_rights_grant,withheld_hash_locator_only
3820c7392cdbe9c17c6f,MSFT,FY2019_Q4,FY2020_Q1,064a748d690920c1d3cb41c5,2980483996cba26b9ef7364c,ledger_forward+shock_forward,event,Microsoft::Productivity and Business Processes,BOOSTS_REVENUE_OF,demand,demand,demand,positive,medium,0.95,True,,[237],explicit_tail,db00ced28f6a70808fd7a714,FY2020_Q1,Forecast/Guidance,0.3276388765311267,3,True,False,persistent,full_mainpanel,cloud_platform_ads,77636ed8d5b6efc49b79f465121d0c7a96e383cb9903ba4fd0dd0129f5f29849,135,included_in_public_release,author_created_derived_post_extraction_card,not_included_mixed_public_or_provider_access,not_redistributed_no_rights_grant,withheld_hash_locator_only
ebc06ef29b74adce3ba0,MSFT,FY2019_Q4,FY2020_Q1,92252ac992b899d59fd16855,6ecc6d5cacea0064ecd15b18,ledger_forward+shock_forward,event,Microsoft::More Personal Computing,BOOSTS_REVENUE_OF,inventory,inventory,inventory_channel,positive,medium,0.95,True,,[155],explicit_tail,95b399af7edb7629ec28f066,FY2020_Q1,Forecast/Guidance,0.3345196785004597,2,True,False,persistent,full_mainpanel,cloud_platform_ads,e5cdd5c0c30bb862acde43bf21043a0a87df8288f121bde2eb3a3936f6207f34,256,included_in_public_release,author_created_derived_post_extraction_card,not_included_mixed_public_or_provider_access,not_redistributed_no_rights_grant,withheld_hash_locator_only
750a7ce761278d833f50,MSFT,FY2019_Q4,FY2020_Q1,1693a6517fe3f68b3b1b8aca,69e90693309c9fe4b1d55f02,ledger_forward+shock_forward,event,Microsoft::More Personal Computing,LIMITS_REVENUE_OF,product_transition,product_transition,product_transition,negative,medium,0.95,True,,[188],explicit_tail,95b399af7edb7629ec28f066,FY2020_Q1,Forecast/Guidance,0.3345196785004597,2,True,False,persistent,full_mainpanel,cloud_platform_ads,9639b4deed7db07d1bb7826abde9fbeb1c59205ada54f0e9ed165433275e9409,93,included_in_public_release,author_created_derived_post_extraction_card,not_included_mixed_public_or_provider_access,not_redistributed_no_rights_grant,withheld_hash_locator_only
97f355785278f151949a,MSFT,FY2019_Q4,FY2020_Q1,0ca0e060b8cb25d9c3b8ce76,e614e12a6d03fd1a666d5c51,ledger_forward+shock_forward,event,Microsoft::More Personal Computing,BOOSTS_REVENUE_OF,demand,demand,demand,positive,medium,0.95,True,,[155],explicit_tail,95b399af7edb7629ec28f066,FY2020_Q1,Forecast/Guidance,0.3345196785004597,2,True,False,persistent,full_mainpanel,cloud_platform_ads,e5cdd5c0c30bb862acde43bf21043a0a87df8288f121bde2eb3a3936f6207f34,256,included_in_public_release,author_created_derived_post_extraction_card,not_included_mixed_public_or_provider_access,not_redistributed_no_rights_grant,withheld_hash_locator_only
b1285a2f1344b47d108f,MSFT,FY2020_Q1,FY2020_Q2,3cc7e7105433c1b59a2a1f78,619c260c80db39b6562987c7,ledger_forward+shock_forward,event,Microsoft::More Personal Computing,LIMITS_REVENUE_OF,demand,demand,demand,negative,high,0.95,True,,[191],explicit_tail,95b399af7edb7629ec28f066,FY2020_Q2,Forecast/Guidance,0.33680229919830584,1,True,False,persistent,full_mainpanel,cloud_platform_ads,19f467c2597ecf7735e7d28626f0e14a36b1ce8f59858a64a2ee5db374766457,221,included_in_public_release,author_created_derived_post_extraction_card,not_included_mixed_public_or_provider_access,not_redistributed_no_rights_grant,withheld_hash_locator_only
8adf9069542f2c27a299,MSFT,FY2020_Q1,FY2020_Q2,5ad492785e4ba63c7c3aadd7,c68ecffd425cc2b2cf0f8946,ledger_forward+shock_forward,event,Microsoft::More Personal Computing,BOOSTS_REVENUE_OF,product_transition,product_transition,product_transition,positive,medium,0.95,True,,[189],explicit_tail,95b399af7edb7629ec28f066,FY2020_Q2,Forecast/Guidance,0.33680229919830584,1,True,False,persistent,full_mainpanel,cloud_platform_ads,07bb589e8edd3fd103ebd46c6bb636dfd89787c374188f33f2f2d9e9fed6ca92,155,included_in_public_release,author_created_derived_post_extraction_card,not_included_mixed_public_or_provider_access,not_redistributed_no_rights_grant,withheld_hash_locator_only
8295ee4e7f243a00f521,MSFT,FY2020_Q1,FY2020_Q2,1c4fc69bb9ddc602dd19d529,c060b8e97e808caa55766482,ledger_forward+shock_forward,event,Microsoft::More Personal Computing,BOOSTS_REVENUE_OF,demand,demand,demand,positive,high,0.95,True,,[186],explicit_tail,95b399af7edb7629ec28f066,FY2020_Q2,Forecast/Guidance,0.33680229919830584,1,True,False,persistent,full_mainpanel,cloud_platform_ads,1d8a10d7b5def875737e6cb3b28b3bc8b1baf595e11a84e8efa8505d36fa3307,239,included_in_public_release,author_created_derived_post_extraction_card,not_included_mixed_public_or_provider_access,not_redistributed_no_rights_grant,withheld_hash_locator_only
37b4d3ae978882d087cf,MSFT,FY2020_Q2,FY2020_Q3,2f2e39d073c514fa6fc6542d,c026c600913206ff435a307e,ledger_forward,event,UNKNOWN,BOOSTS_REVENUE_OF,demand,demand,demand,positive,medium,0.9,True,,[187],unresolved,da5fa8ea7c99d09b043049fb,FY2020_Q3,Forecast/Guidance,,0,True,False,persistent,full_mainpanel,cloud_platform_ads,bb2f6d01d45e6d735dedb441c4e218d26e8a0a6678a4f67ec3a64f38b9f61d8b,122,included_in_public_release,author_created_derived_post_extraction_card,not_included_mixed_public_or_provider_access,not_redistributed_no_rights_grant,withheld_hash_locator_only
856601ab78bffa406234,MSFT,FY2020_Q2,FY2020_Q3,47449cdb23bf08f25879ffc4,c805f6cc777519c43ca51d42,ledger_forward+shock_forward,event,Microsoft::Intelligent Cloud,BOOSTS_REVENUE_OF,demand,demand,demand,positive,high,0.95,True,,[186],explicit_tail,11a8ab224ee51eeaac09f294,FY2020_Q3,Forecast/Guidance,0.3216008237143012,2,True,False,persistent,full_mainpanel,cloud_platform_ads,36adcb898bbf22932c551087eb9a2cae07c7f606109574168c154f1e490add55,137,included_in_public_release,author_created_derived_post_extraction_card,not_included_mixed_public_or_provider_access,not_redistributed_no_rights_grant,withheld_hash_locator_only
0c7995797ab87b4372ab,MSFT,FY2020_Q2,FY2020_Q3,60f3ed4027e2c11b6cfac44a,03d3874db90db32686386d2c,ledger_forward,event,UNKNOWN,BOOSTS_REVENUE_OF,pricing,pricing,pricing_margin,positive,medium,0.9,True,,[188],unresolved,da5fa8ea7c99d09b043049fb,FY2020_Q3,Forecast/Guidance,,0,True,False,persistent,full_mainpanel,cloud_platform_ads,d9654163ae4091a9a3cf7d8ab06164a4f742aefdda85e0ff99561e4c19e92115,183,included_in_public_release,author_created_derived_post_extraction_card,not_included_mixed_public_or_provider_access,not_redistributed_no_rights_grant,withheld_hash_locator_only
ad7deeede98a6704f41a,MSFT,FY2020_Q2,FY2020_Q3,46635b44abc08ad7a475616b,d40a0b57e1c56f4516dc7502,ledger_forward,event,UNKNOWN,SUPPORTS_REVENUE_OF,revenue_boost,other,revenue_boost_limit,positive,medium,0.8,True,,[189],unresolved,da5fa8ea7c99d09b043049fb,FY2020_Q3,Forecast/Guidance,,0,True,False,persistent,full_mainpanel,cloud_platform_ads,04fab598a88d3be11f07318d913103197a7fe9a7706eccdfab8527bb75a0fa1a,121,included_in_public_release,author_created_derived_post_extraction_card,not_included_mixed_public_or_provider_access,not_redistributed_no_rights_grant,withheld_hash_locator_only
fa13a325d4d4fefbadaf,MSFT,FY2020_Q2,FY2020_Q3,b3a6aacabab76f7c4d34c485,f5cb73dd2c2d4ac2e12484be,ledger_forward+shock_forward,event,Microsoft::Productivity and Business Processes,BOOSTS_REVENUE_OF,demand,demand,demand,positive,high,0.95,True,,[191],explicit_tail,db00ced28f6a70808fd7a714,FY2020_Q3,Forecast/Guidance,0.3204357015119493,3,True,False,persistent,full_mainpanel,cloud_platform_ads,d4a1cb898fcca5aa6ad1b21944e11c41e2c43ab40df029adcd8395f4e911629d,188,included_in_public_release,author_created_derived_post_extraction_card,not_included_mixed_public_or_provider_access,not_redistributed_no_rights_grant,withheld_hash_locator_only
153b21eebbe72795e2f4,MSFT,FY2020_Q2,FY2020_Q3,41afefcfe1aa1e01ebe09385,56521aeedf487c4133e8d0e9,ledger_forward+shock_forward,event,Microsoft::More Personal Computing,BOOSTS_REVENUE_OF,demand,demand,demand,positive,medium,0.95,True,,[197],explicit_tail,95b399af7edb7629ec28f066,FY2020_Q3,Forecast/Guidance,0.3579634747737495,1,True,False,persistent,full_mainpanel,cloud_platform_ads,c1529e55c68d653751af180f8e84027b99cfc7652f9e2347b6e643698f847499,209,included_in_public_release,author_created_derived_post_extraction_card,not_included_mixed_public_or_provider_access,not_redistributed_no_rights_grant,withheld_hash_locator_only
1615449d961906d72cda,MSFT,FY2020_Q2,FY2020_Q3,5f2514ce37503c1e5f2efbc6,4dfa3a1398590049e84aa8da,ledger_forward+shock_forward,event,Microsoft::More Personal Computing,LIMITS_REVENUE_OF,product_transition,product_transition,product_transition,negative,high,0.95,True,,[202],explicit_tail,95b399af7edb7629ec28f066,FY2020_Q3,Forecast/Guidance,0.3579634747737495,1,True,False,persistent,full_mainpanel,cloud_platform_ads,573cbc520ef3939e58118cd64f3356b76fa90b35cf14ea2ab499456e78a7dc47,217,included_in_public_release,author_created_derived_post_extraction_card,not_included_mixed_public_or_provider_access,not_redistributed_no_rights_grant,withheld_hash_locator_only
ada4f476b53d5f576616,MSFT,FY2020_Q3,FY2020_Q4,026640063156922fdde8c9a8,6f8adf828062fa63eb0b36a3,ledger_forward+shock_forward,event,Microsoft::More Personal Computing,BOOSTS_REVENUE_OF,demand,demand,demand,positive,high,0.95,True,,[195],explicit_tail,95b399af7edb7629ec28f066,FY2020_Q4,Forecast/Guidance,0.3140115930441735,3,True,False,persistent,full_mainpanel,cloud_platform_ads,370d97f7fd24af0cd008009dc0485c6533bbb0c2c04203621aa6359906598aa4,148,included_in_public_release,author_created_derived_post_extraction_card,not_included_mixed_public_or_provider_access,not_redistributed_no_rights_grant,withheld_hash_locator_only
90f53a630a338c0c9f1c,MSFT,FY2020_Q3,FY2020_Q4,5451b59db919f64c517dda98,7cb943ebdbe584900ab49cb2,ledger_forward+shock_forward,event,Microsoft::More Personal Computing,LIMITS_REVENUE_OF,demand,demand,demand,negative,medium,0.95,True,,[197],explicit_tail,95b399af7edb7629ec28f066,FY2020_Q4,Forecast/Guidance,0.3140115930441735,3,True,False,persistent,full_mainpanel,cloud_platform_ads,b0897e7657e1d0047011c721baa7382eff76a9442b31f6d96ad018b35d5b7898,106,included_in_public_release,author_created_derived_post_extraction_card,not_included_mixed_public_or_provider_access,not_redistributed_no_rights_grant,withheld_hash_locator_only
a9ff8e41d6175a4eed13,MSFT,FY2020_Q3,FY2020_Q4,eca94e79cc970714ddfb237e,c824cdcb396fe8a050fbfa64,ledger_forward+shock_forward,event,Microsoft::Productivity and Business Processes,LIMITS_REVENUE_OF,demand,demand,demand,negative,medium,0.95,True,,[198],explicit_tail,db00ced28f6a70808fd7a714,FY2020_Q4,Forecast/Guidance,0.3353130978555724,2,True,False,persistent,full_mainpanel,cloud_platform_ads,b97798f170361870b46f811fb18127d75b305f25202b9ef31ffd97adeacfb84c,401,included_in_public_release,author_created_derived_post_extraction_card,not_included_mixed_public_or_provider_access,not_redistributed_no_rights_grant,withheld_hash_locator_only
afddd3df5007b0334be9,MSFT,FY2020_Q3,FY2020_Q4,a1215f460391721d6b20a97e,9050c6bc1d09c1f41a67db38,ledger_forward+shock_forward,event,Microsoft::Intelligent Cloud,BOOSTS_REVENUE_OF,demand,demand,demand,positive,high,0.95,True,,[198],explicit_tail,11a8ab224ee51eeaac09f294,FY2020_Q4,Forecast/Guidance,0.35067530910025413,1,True,False,persistent,full_mainpanel,cloud_platform_ads,fea59581377ba3a81b91b95cc9ce54be0f977d686a7fea08a83bd714711e7655,207,included_in_public_release,author_created_derived_post_extraction_card,not_included_mixed_public_or_provider_access,not_redistributed_no_rights_grant,withheld_hash_locator_only
2d27afa5dc30c2e16b17,MSFT,FY2020_Q3,FY2020_Q4,d01cdf3b56cdc226de42f54d,b83fb2c0d35b3a488b40285f,ledger_forward+shock_forward,event,Microsoft::Intelligent Cloud,LIMITS_REVENUE_OF,demand,demand,demand,negative,medium,0.95,True,,[220],explicit_tail,11a8ab224ee51eeaac09f294,FY2020_Q4,Forecast/Guidance,0.35067530910025413,1,True,False,persistent,full_mainpanel,cloud_platform_ads,12a7a0de37beb307cc6f212db7abb59cf75486d3d897b3546ac39530ede33520,214,included_in_public_release,author_created_derived_post_extraction_card,not_included_mixed_public_or_provider_access,not_redistributed_no_rights_grant,withheld_hash_locator_only
8557bc214e82862717dc,MSFT,FY2020_Q4,FY2021_Q1,4fd858566d9110d0d9959968,d6ba7309ebb3e5e1ef243708,ledger_forward+shock_forward,event,Microsoft::Productivity and Business Processes,LIMITS_REVENUE_OF,demand,demand,demand,negative,medium,0.95,True,,[215],explicit_tail,db00ced28f6a70808fd7a714,FY2021_Q1,Forecast/Guidance,0.30899482028764497,3,True,False,persistent,full_mainpanel,cloud_platform_ads,cfc5d291d76a2ff2ad23012527add95c5f38892026f3d698609b195e3f754709,159,included_in_public_release,author_created_derived_post_extraction_card,not_included_mixed_public_or_provider_access,not_redistributed_no_rights_grant,withheld_hash_locator_only
1077de278ba256f2fcea,MSFT,FY2020_Q4,FY2021_Q1,0fbae4eb6f88c6a6efa677b6,21afe308ef6677da018ca844,ledger_forward+shock_forward,event,Microsoft::More Personal Computing,LIMITS_REVENUE_OF,demand,demand,demand,negative,medium,0.95,True,,[215],explicit_tail,95b399af7edb7629ec28f066,FY2021_Q1,Forecast/Guidance,0.33944206347119604,2,True,False,persistent,full_mainpanel,cloud_platform_ads,cfc5d291d76a2ff2ad23012527add95c5f38892026f3d698609b195e3f754709,159,included_in_public_release,author_created_derived_post_extraction_card,not_included_mixed_public_or_provider_access,not_redistributed_no_rights_grant,withheld_hash_locator_only
cbdb4b918b7655b3b96e,MSFT,FY2021_Q1,FY2021_Q2,fe0f186f428a8df5b1c74f7e,3d2c82ab9b80b5822a4d7a2e,ledger_forward+shock_forward,claim,Microsoft::Intelligent Cloud,DRIVES_DEMAND_FOR,demand,demand,demand,positive,medium,0.8,True,explicit,[215],explicit_segment,0d6c4720363ae9b9611ddb5e,FY2021_Q2,Forecast/Guidance,0.3495182214566399,1,True,False,persistent,full_mainpanel,cloud_platform_ads,3f2d7c29ce6d01443bc6cfd153b77d85afdf5bd0844e85570b99c812a99bcc47,122,included_in_public_release,author_created_derived_post_extraction_card,not_included_mixed_public_or_provider_access,not_redistributed_no_rights_grant,withheld_hash_locator_only
7347506b293af63c1834,MSFT,FY2021_Q1,FY2021_Q2,9ec22323537fd894a6eb0d9d,61306e9d5b3b61181cc42c58,ledger_forward+shock_forward,claim,Microsoft::More Personal Computing,CONSTRAINS_PRODUCTION_OF,supply,supply,supply_capacity,negative,medium,0.85,True,explicit,[214],explicit_segment,06506adccf366384e5538da9,FY2021_Q2,Forecast/Guidance,0.31891586370242775,3,True,False,persistent,full_mainpanel,cloud_platform_ads,bc9f9be643b18ed71ba1d5870fbf74bfd401d04b072155513e2dcbac214ed5fa,72,included_in_public_release,author_created_derived_post_extraction_card,not_included_mixed_public_or_provider_access,not_redistributed_no_rights_grant,withheld_hash_locator_only
a48f4e536f85e22728e8,MSFT,FY2021_Q1,FY2021_Q2,ad55e030894d30a90dee0a6a,c59b0790e8f93a48d2659047,ledger_forward+shock_forward,event,Microsoft::Productivity and Business Processes,LIMITS_REVENUE_OF,demand,demand,demand,negative,high,0.95,True,,[212],explicit_tail,db00ced28f6a70808fd7a714,FY2021_Q2,Forecast/Guidance,0.33156591484093234,2,True,False,persistent,full_mainpanel,cloud_platform_ads,e59298229affb864e307ecb837eefe39297062c7489d2a89559998fff1ceb264,206,included_in_public_release,author_created_derived_post_extraction_card,not_included_mixed_public_or_provider_access,not_redistributed_no_rights_grant,withheld_hash_locator_only
b398dfb0f0051e5da955,MSFT,FY2021_Q1,FY2021_Q2,0e473f5e66de07c4c7e483cb,202c674f447063095180c3b0,ledger_forward+shock_forward,event,Microsoft::More Personal Computing,LIMITS_REVENUE_OF,demand,demand,demand,negative,high,0.95,True,,[236],explicit_tail,95b399af7edb7629ec28f066,FY2021_Q2,Forecast/Guidance,0.31891586370242775,3,True,False,persistent,full_mainpanel,cloud_platform_ads,fef96a565cb92743d933ebbca6a6c1d7c8f441617a420a55c94883efe8814697,210,included_in_public_release,author_created_derived_post_extraction_card,not_included_mixed_public_or_provider_access,not_redistributed_no_rights_grant,withheld_hash_locator_only
4ed49fe3a48538f035ba,MSFT,FY2021_Q1,FY2021_Q2,cb508b2652eefc99830ea5a7,c344edaddb1053791ae4ad9f,ledger_forward+shock_forward,event,Microsoft::Productivity and Business Processes,BOOSTS_REVENUE_OF,demand,demand,demand,positive,medium,0.95,True,,[225],explicit_tail,db00ced28f6a70808fd7a714,FY2021_Q2,Forecast/Guidance,0.33156591484093234,2,True,False,persistent,full_mainpanel,cloud_platform_ads,a4b663bac41eb890a64bed7867c521c2a40a72d714a8d377d98350d539cea314,151,included_in_public_release,author_created_derived_post_extraction_card,not_included_mixed_public_or_provider_access,not_redistributed_no_rights_grant,withheld_hash_locator_only
01cc4020d4c3c04aa72f,MSFT,FY2021_Q1,FY2021_Q2,b511cb8a3e7e17974bc7a925,166220a4f11dbe3f9427c334,ledger_forward+shock_forward,event,Microsoft::More Personal Computing,BOOSTS_REVENUE_OF,demand,demand,demand,positive,high,0.95,True,,[240],explicit_tail,95b399af7edb7629ec28f066,FY2021_Q2,Forecast/Guidance,0.31891586370242775,3,True,False,persistent,full_mainpanel,cloud_platform_ads,ad59b369f5fc259ad1e3cf36edb125534c89b5c503df0abcf8e598b5c5cf1a36,175,included_in_public_release,author_created_derived_post_extraction_card,not_included_mixed_public_or_provider_access,not_redistributed_no_rights_grant,withheld_hash_locator_only
0656017b95955f6c5ebc,MSFT,FY2021_Q2,FY2021_Q3,fd0805687f1b85ddc09b10ec,b1957fdb0776a888ee2aa5a8,ledger_forward+shock_forward,event,Microsoft::More Personal Computing,LIMITS_REVENUE_OF,product_transition,product_transition,product_transition,negative,medium,0.95,True,,[204],explicit_tail,95b399af7edb7629ec28f066,FY2021_Q3,Forecast/Guidance,0.3510539511560962,1,True,False,persistent,full_mainpanel,cloud_platform_ads,51a7c5d1e041504a88470e4f630bbb0475f4f03fd1322914976b65a5eba51f0e,184,included_in_public_release,author_created_derived_post_extraction_card,not_included_mixed_public_or_provider_access,not_redistributed_no_rights_grant,withheld_hash_locator_only
d1d9aaf157429df205bc,MSFT,FY2021_Q2,FY2021_Q3,240947d9055e9ee8b1bfec46,e2f72c019cc9dabc27a14673,ledger_forward+shock_forward,event,Microsoft::More Personal Computing,LIMITS_REVENUE_OF,supply,supply,supply_capacity,negative,high,0.95,True,,[206],explicit_tail,95b399af7edb7629ec28f066,FY2021_Q3,Forecast/Guidance,0.3510539511560962,1,True,False,persistent,full_mainpanel,cloud_platform_ads,887852da2fcf1ff8c09ca1f519a84413573577a5183e844dfbf2812aeb9e15a8,161,included_in_public_release,author_created_derived_post_extraction_card,not_included_mixed_public_or_provider_access,not_redistributed_no_rights_grant,withheld_hash_locator_only
202980a6d1d610eb4d9c,MSFT,FY2021_Q3,FY2021_Q4,ef3a7a722c1cdbbcf1331383,28da27e7a68d7a7968b212a7,ledger_forward,event,UNKNOWN,LIMITS_REVENUE_OF,demand,demand,demand,negative,medium,1.0,True,,[232],unresolved,da5fa8ea7c99d09b043049fb,FY2021_Q4,Forecast/Guidance,,0,True,False,persistent,full_mainpanel,cloud_platform_ads,1371d19e1b52b471a75018099c3802d95103313493be3d566ff0e9cbf467131d,95,included_in_public_release,author_created_derived_post_extraction_card,not_included_mixed_public_or_provider_access,not_redistributed_no_rights_grant,withheld_hash_locator_only
12dd20ea46277bf8092a,MSFT,FY2021_Q3,FY2021_Q4,cc9430ba4ac51a916a5fee66,cbdf41a5cf2b5048fa2778cb,ledger_forward,event,UNKNOWN,SUPPORTS_REVENUE_OF,demand,demand,demand,mixed,medium,0.9,True,,[233],unresolved,da5fa8ea7c99d09b043049fb,FY2021_Q4,Forecast/Guidance,,0,True,False,persistent,full_mainpanel,cloud_platform_ads,8ac970fee7a2093279e1371c2e85ecf03bd20813d1d2c7b0da4245cd0f05dfdf,154,included_in_public_release,author_created_derived_post_extraction_card,not_included_mixed_public_or_provider_access,not_redistributed_no_rights_grant,withheld_hash_locator_only
3a99bf52ea7414abb4ba,MSFT,FY2021_Q3,FY2021_Q4,db253ceb333d20f6ea7ee7bf,211c04d93454675e8b3c8493,ledger_forward,event,UNKNOWN,SUPPORTS_REVENUE_OF,macro,macro,regulation_macro,positive,medium,0.9,True,,[262],unresolved,da5fa8ea7c99d09b043049fb,FY2021_Q4,Forecast/Guidance,,0,True,False,persistent,full_mainpanel,cloud_platform_ads,9693feb9acad0cf824a4ee4127d9b52e69eb08973e2555c327ccd86bac58c6c4,262,included_in_public_release,author_created_derived_post_extraction_card,not_included_mixed_public_or_provider_access,not_redistributed_no_rights_grant,withheld_hash_locator_only
cb75366fe76c3c3a540e,MSFT,FY2021_Q3,FY2021_Q4,f7de83c027c2e0369e13c424,fd7b0c713258bbc15362decf,ledger_forward+shock_forward,event,Microsoft::Productivity and Business Processes,BOOSTS_REVENUE_OF,demand,demand,demand,positive,medium,1.0,True,,[246],explicit_tail,db00ced28f6a70808fd7a714,FY2021_Q4,Forecast/Guidance,0.32494125545485064,2,True,False,persistent,full_mainpanel,cloud_platform_ads,2a7506a632400e94933dcb5ec500e40ea80770a6b4a1a973f551136896031a1e,166,included_in_public_release,author_created_derived_post_extraction_card,not_included_mixed_public_or_provider_access,not_redistributed_no_rights_grant,withheld_hash_locator_only
60d2cdd61eebc8d4d0ce,MSFT,FY2021_Q3,FY2021_Q4,2d5cf5f6adc1b7d1fcc350c1,75089c1bca060ab77f26ad49,ledger_forward,event,UNKNOWN,BOOSTS_REVENUE_OF,demand,demand,demand,positive,medium,1.0,True,,[230],unresolved,da5fa8ea7c99d09b043049fb,FY2021_Q4,Forecast/Guidance,,0,True,False,persistent,full_mainpanel,cloud_platform_ads,a906cb3da1b3919c75a6b93580e003695a133b809b04f9f2f09df3e6c69af8d8,177,included_in_public_release,author_created_derived_post_extraction_card,not_included_mixed_public_or_provider_access,not_redistributed_no_rights_grant,withheld_hash_locator_only
3ff2f3d2434cedd8acb0,MSFT,FY2021_Q3,FY2021_Q4,3ab285585b1c4537b6b379fb,c865ac0ffccf78367ae7576b,ledger_forward+shock_forward,event,Microsoft::More Personal Computing,LIMITS_REVENUE_OF,supply,supply,supply_capacity,negative,medium,1.0,True,,[254],explicit_tail,95b399af7edb7629ec28f066,FY2021_Q4,Forecast/Guidance,0.3125689349254304,3,True,False,persistent,full_mainpanel,cloud_platform_ads,06353319838f132b3e30732ddd1ee09edd56c506eb0f433494f932c3242bffa6,234,included_in_public_release,author_created_derived_post_extraction_card,not_included_mixed_public_or_provider_access,not_redistributed_no_rights_grant,withheld_hash_locator_only
7dc1aad91255f11ba959,MSFT,FY2021_Q4,FY2022_Q1,509ffaa46b7eb1db3f9ac29a,f7958222df59158ebbe84276,ledger_forward+shock_forward,event,Microsoft::More Personal Computing,LIMITS_REVENUE_OF,product_transition,product_transition,product_transition,negative,medium,1.0,True,,[252],explicit_tail,95b399af7edb7629ec28f066,FY2022_Q1,Forecast/Guidance,0.30520887502166755,3,True,False,persistent,full_mainpanel,cloud_platform_ads,6e54ae63d3b0489216dba706a9a104e36ef73c84478cffff6902dff3d5958555,159,included_in_public_release,author_created_derived_post_extraction_card,not_included_mixed_public_or_provider_access,not_redistributed_no_rights_grant,withheld_hash_locator_only
778674fb6630aeb3ac8d,MSFT,FY2021_Q4,FY2022_Q1,f92583760a8f5b099d6ce99b,98cd915086ab7cd633a1d4aa,ledger_forward+shock_forward,event,Microsoft::More Personal Computing,LIMITS_REVENUE_OF,supply,supply,supply_capacity,negative,high,1.0,True,,[255],explicit_tail,95b399af7edb7629ec28f066,FY2022_Q1,Forecast/Guidance,0.30520887502166755,3,True,False,persistent,full_mainpanel,cloud_platform_ads,f89fd1605226f5f7798df3ac55f0e986db3d4c996fba54e23467525f49d4a328,152,included_in_public_release,author_created_derived_post_extraction_card,not_included_mixed_public_or_provider_access,not_redistributed_no_rights_grant,withheld_hash_locator_only
32be2cd6d615f752ae5c,MSFT,FY2022_Q1,FY2022_Q2,8b002689f73e0f9b3d6eeb8a,0836777d502972b6d4dd08b7,ledger_forward+shock_forward,event,Microsoft::More Personal Computing,BOOSTS_REVENUE_OF,product_transition,product_transition,product_transition,positive,medium,1.0,False,,[195],explicit_tail,95b399af7edb7629ec28f066,FY2022_Q2,Forecast/Guidance,0.29379702981221173,3,True,False,unknown,full_mainpanel,cloud_platform_ads,f2072c31c01ccf9bc5d8390ec5ee63a9e20b6671a21578c9727a4a7138534b2b,166,included_in_public_release,author_created_derived_post_extraction_card,not_included_mixed_public_or_provider_access,not_redistributed_no_rights_grant,withheld_hash_locator_only
1ecab8a7f31d2773af57,MSFT,FY2022_Q1,FY2022_Q2,7d967310d48e1669af113943,a0345c3309301e2412a4e6b7,ledger_forward+shock_forward,event,Microsoft::More Personal Computing,LIMITS_REVENUE_OF,supply,supply,supply_capacity,negative,medium,1.0,False,,[374],explicit_tail,95b399af7edb7629ec28f066,FY2022_Q2,Forecast/Guidance,0.29379702981221173,3,True,False,unknown,full_mainpanel,cloud_platform_ads,efd057c1eb24d96b8ca26e69e65883786c91d554ac03f2717a5e0892b621a0de,63,included_in_public_release,author_created_derived_post_extraction_card,not_included_mixed_public_or_provider_access,not_redistributed_no_rights_grant,withheld_hash_locator_only
52d610fd5dbc1e8b6902,MSFT,FY2022_Q2,FY2022_Q3,cdb79918a153fa69df45a87d,79b1c3bb23913c27314ba2b1,ledger_forward+shock_forward,event,Microsoft::Productivity and Business Processes,LIMITS_REVENUE_OF,macro,macro,regulation_macro,negative,medium,1.0,True,,[231],explicit_tail,db00ced28f6a70808fd7a714,FY2022_Q3,Forecast/Guidance,0.30807299721620784,3,True,False,persistent,full_mainpanel,cloud_platform_ads,39e36f883b0784b91a1fffbe91e1d87059a0e1199165585b81681f729d4d4680,215,included_in_public_release,author_created_derived_post_extraction_card,not_included_mixed_public_or_provider_access,not_redistributed_no_rights_grant,withheld_hash_locator_only
c6ae2888c49d623aad13,MSFT,FY2022_Q2,FY2022_Q3,ab871e540c07559c931d69ae,b965c4d9149f78ff5150c30e,ledger_forward+shock_forward,event,Microsoft::Intelligent Cloud,LIMITS_REVENUE_OF,macro,macro,regulation_macro,negative,medium,1.0,True,,[232],explicit_tail,11a8ab224ee51eeaac09f294,FY2022_Q3,Forecast/Guidance,0.35429554593257034,1,True,False,persistent,full_mainpanel,cloud_platform_ads,59221029a36eec9a32b2ba567696674b1a96758c3272f60c4620e01ed3695ea7,192,included_in_public_release,author_created_derived_post_extraction_card,not_included_mixed_public_or_provider_access,not_redistributed_no_rights_grant,withheld_hash_locator_only
4d85c8a9ba1e3f41f9aa,MSFT,FY2022_Q2,FY2022_Q3,3b81c8de38dc96b09cc4125b,689af63ceeaa2ab3a6c71013,ledger_forward+shock_forward,event,Microsoft::More Personal Computing,LIMITS_REVENUE_OF,macro,macro,regulation_macro,negative,medium,1.0,True,,[232],explicit_tail,95b399af7edb7629ec28f066,FY2022_Q3,Forecast/Guidance,0.33763145685122176,2,True,False,persistent,full_mainpanel,cloud_platform_ads,59221029a36eec9a32b2ba567696674b1a96758c3272f60c4620e01ed3695ea7,192,included_in_public_release,author_created_derived_post_extraction_card,not_included_mixed_public_or_provider_access,not_redistributed_no_rights_grant,withheld_hash_locator_only
207fb48a65ccdce42efe,MSFT,FY2022_Q2,FY2022_Q3,0dd1f2dcaf384bc185a80b80,eecef95ea212e9d4f31edc5b,ledger_forward+shock_forward,event,Microsoft::More Personal Computing,LIMITS_REVENUE_OF,supply,supply,supply_capacity,negative,medium,1.0,True,,[253],explicit_tail,95b399af7edb7629ec28f066,FY2022_Q3,Forecast/Guidance,0.33763145685122176,2,True,False,persistent,full_mainpanel,cloud_platform_ads,66b908b35a08125c87910e5d467dbe734b3d0b08cdd7de2feb65d27d70c7644d,144,included_in_public_release,author_created_derived_post_extraction_card,not_included_mixed_public_or_provider_access,not_redistributed_no_rights_grant,withheld_hash_locator_only
47d151b2aac391b7b0c5,MSFT,FY2022_Q3,FY2022_Q4,1563d752f9b5ff4b4c7987c5,067920bbf1203f9050c44af5,ledger_forward+shock_forward,event,Microsoft::More Personal Computing,LIMITS_REVENUE_OF,supply,supply,supply_capacity,negative,medium,0.95,True,,[257],explicit_tail,95b399af7edb7629ec28f066,FY2022_Q4,Forecast/Guidance,0.2941653160453809,3,True,False,persistent,full_mainpanel,cloud_platform_ads,569b0fae03aabd6b2355dccf5f3af468a2e912622ada6d228190b470dd1a87a2,173,included_in_public_release,author_created_derived_post_extraction_card,not_included_mixed_public_or_provider_access,not_redistributed_no_rights_grant,withheld_hash_locator_only
2594b25c2332d18e3ee6,MSFT,FY2022_Q3,FY2022_Q4,c8d3d454a6b5986861129786,18470ceb365d25146dd47331,ledger_forward+shock_forward,event,Microsoft::More Personal Computing,LIMITS_REVENUE_OF,geopolitics,geopolitics,regulation_macro,negative,medium,0.98,True,,[231],explicit_tail,95b399af7edb7629ec28f066,FY2022_Q4,Forecast/Guidance,0.2941653160453809,3,True,False,persistent,full_mainpanel,cloud_platform_ads,61582e7b7c406490bd77123578f22e93aa8c305eef6a407941e2fba3807488f0,161,included_in_public_release,author_created_derived_post_extraction_card,not_included_mixed_public_or_provider_access,not_redistributed_no_rights_grant,withheld_hash_locator_only
197ca3f2f12984a39152,MSFT,FY2022_Q3,FY2022_Q4,2bfcfb56a3ffa036ecc30042,9b07ff2eeb4edf1c75ae41fa,ledger_forward,event,Microsoft::Productivity and Business Processes,LIMITS_REVENUE_OF,product_transition,product_transition,product_transition,negative,medium,0.95,True,,[162],explicit_tail,db00ced28f6a70808fd7a714,FY2022_Q4,Realized/Reporting,0.3198743922204214,2,True,False,persistent,full_mainpanel,cloud_platform_ads,99a42ab70f25466248e0174c6f8b135218a5eabe822393b3d2c20f8287fe22d1,231,included_in_public_release,author_created_derived_post_extraction_card,not_included_mixed_public_or_provider_access,not_redistributed_no_rights_grant,withheld_hash_locator_only
18bd713b59f1e6122558,MSFT,FY2022_Q4,FY2023_Q1,8ea33f042aa1352694259edd,2d4bdc561ee1147c7c4c1c0b,ledger_forward+shock_forward,event,Microsoft::Productivity and Business Processes,LIMITS_REVENUE_OF,macro,macro,regulation_macro,negative,high,0.95,True,,[149],explicit_tail,db00ced28f6a70808fd7a714,FY2023_Q1,Forecast/Guidance,0.32006169864070183,2,True,False,persistent,full_mainpanel,cloud_platform_ads,99fc2f620785b6814ef06efd3675945c91ea24b3022dcbdb7e24d71261762327,223,included_in_public_release,author_created_derived_post_extraction_card,not_included_mixed_public_or_provider_access,not_redistributed_no_rights_grant,withheld_hash_locator_only
5a38ec2eb9e9a5abd3a4,MSFT,FY2022_Q4,FY2023_Q1,8a25ab89319e2409dcf61f77,31fa5ad15894cb91b11c03ef,ledger_forward+shock_forward,event,Microsoft::Intelligent Cloud,LIMITS_REVENUE_OF,macro,macro,regulation_macro,negative,high,0.95,True,,[149],explicit_tail,11a8ab224ee51eeaac09f294,FY2023_Q1,Forecast/Guidance,0.40314277451074904,1,True,False,persistent,full_mainpanel,cloud_platform_ads,99fc2f620785b6814ef06efd3675945c91ea24b3022dcbdb7e24d71261762327,223,included_in_public_release,author_created_derived_post_extraction_card,not_included_mixed_public_or_provider_access,not_redistributed_no_rights_grant,withheld_hash_locator_only
38461039379161c8cb86,MSFT,FY2022_Q4,FY2023_Q1,42414999c2035ae6d2a6e745,92f766771cdefff2964817c2,ledger_forward+shock_forward,event,Microsoft::More Personal Computing,LIMITS_REVENUE_OF,macro,macro,regulation_macro,negative,high,0.95,True,,[149],explicit_tail,95b399af7edb7629ec28f066,FY2023_Q1,Forecast/Guidance,0.27679552684854913,3,True,False,persistent,full_mainpanel,cloud_platform_ads,99fc2f620785b6814ef06efd3675945c91ea24b3022dcbdb7e24d71261762327,223,included_in_public_release,author_created_derived_post_extraction_card,not_included_mixed_public_or_provider_access,not_redistributed_no_rights_grant,withheld_hash_locator_only
79e6f0e7c474d8fe82c6,MSFT,FY2022_Q4,FY2023_Q1,b54157743ac8378610c00bb1,f1d491e699e4f106b65bee49,ledger_forward+shock_forward,event,Microsoft::More Personal Computing,LIMITS_REVENUE_OF,demand,demand,demand,negative,high,0.95,True,,[254],explicit_tail,95b399af7edb7629ec28f066,FY2023_Q1,Forecast/Guidance,0.27679552684854913,3,True,False,persistent,full_mainpanel,cloud_platform_ads,d480775dc9ef7335542eb13cffb679efbcf06e008589abda675a8439b2e5a0b8,220,included_in_public_release,author_created_derived_post_extraction_card,not_included_mixed_public_or_provider_access,not_redistributed_no_rights_grant,withheld_hash_locator_only
771f81afb99f463752f4,MSFT,FY2023_Q1,FY2023_Q2,05b40224131adc02a020bcc6,c3e8db173bb338ce1460b50e,ledger_forward,claim,Microsoft::More Personal Computing,DRIVES_DEMAND_FOR,demand,demand,demand,positive,medium,0.85,True,explicit,[37],explicit_segment,06506adccf366384e5538da9,FY2023_Q2,Realized/Reporting,0.26599098200391047,3,True,False,persistent,full_mainpanel,cloud_platform_ads,eb89110117c54deb8b88ba115400f85be94147429a178b44e0d4843732a363c8,165,included_in_public_release,author_created_derived_post_extraction_card,not_included_mixed_public_or_provider_access,not_redistributed_no_rights_grant,withheld_hash_locator_only
734029a22a7856d7debb,MSFT,FY2023_Q1,FY2023_Q2,26ab2dddaaa5348ca25ed62f,81a1a24ef2d58eb638321dce,ledger_forward+shock_forward,claim,Microsoft::Intelligent Cloud,LIMITS_REVENUE_OF,supply,supply,supply_capacity,negative,medium,0.9,True,explicit,[78],explicit_segment,9d930c6219d58acdb53a3cf9,FY2023_Q2,Forecast/Guidance,0.40551055424763577,1,True,False,persistent,full_mainpanel,cloud_platform_ads,3c62fcfa03ba1ad36a878e295ef4711162c8f75a813ca3ba694f6b9be9f66c22,178,included_in_public_release,author_created_derived_post_extraction_card,not_included_mixed_public_or_provider_access,not_redistributed_no_rights_grant,withheld_hash_locator_only
804ef355b4490d58496a,MSFT,FY2023_Q1,FY2023_Q2,ef63fbfda4d966f2914a4947,4a6fa5d290dfe3857e2b688b,ledger_forward+shock_forward,event,Microsoft::More Personal Computing,LIMITS_REVENUE_OF,demand,demand,demand,negative,high,0.95,True,,[221],explicit_tail,95b399af7edb7629ec28f066,FY2023_Q2,Forecast/Guidance,0.26599098200391047,3,True,False,persistent,full_mainpanel,cloud_platform_ads,bf365ff685d7bb4600422083887d0f39ea917395f0f2f3b9fd6704289901a19f,215,included_in_public_release,author_created_derived_post_extraction_card,not_included_mixed_public_or_provider_access,not_redistributed_no_rights_grant,withheld_hash_locator_only
340b07800586aab38c7d,MSFT,FY2023_Q1,FY2023_Q2,75285d5ce9968a23f26523ce,17e8fab3501322bacee19716,ledger_forward+shock_forward,event,Microsoft::Productivity and Business Processes,LIMITS_REVENUE_OF,demand,demand,demand,negative,medium,0.95,True,,[222],explicit_tail,db00ced28f6a70808fd7a714,FY2023_Q2,Forecast/Guidance,0.32849846374845376,2,True,False,persistent,full_mainpanel,cloud_platform_ads,2efe82ef57d86eadf34cc2596dfc8a1a95c1a2c73e511c999cae0dee9e68187f,116,included_in_public_release,author_created_derived_post_extraction_card,not_included_mixed_public_or_provider_access,not_redistributed_no_rights_grant,withheld_hash_locator_only
ec746ff157e5af5fc884,MSFT,FY2023_Q1,FY2023_Q2,f7497f9212d7ca745468c903,efc83f403afdf66df73febf5,ledger_forward,event,Microsoft::Intelligent Cloud,LIMITS_REVENUE_OF,demand,demand,demand,negative,medium,0.95,True,,[184],explicit_tail,11a8ab224ee51eeaac09f294,FY2023_Q2,Realized/Reporting,0.40551055424763577,1,True,False,persistent,full_mainpanel,cloud_platform_ads,7e83e6feda77c92c1f538f3ea5742b348212dca5e74db504ceb2a8cde0497edf,261,included_in_public_release,author_created_derived_post_extraction_card,not_included_mixed_public_or_provider_access,not_redistributed_no_rights_grant,withheld_hash_locator_only
2e1294b6cd2b876e85e9,MSFT,FY2023_Q1,FY2023_Q2,8ced45a3d73fe9791c648406,f2afcfa51a0e5441df9447c0,ledger_forward+shock_forward,event,Microsoft::Intelligent Cloud,LIMITS_REVENUE_OF,macro,macro,regulation_macro,negative,medium,0.95,True,,[227],explicit_tail,11a8ab224ee51eeaac09f294,FY2023_Q2,Forecast/Guidance,0.40551055424763577,1,True,False,persistent,full_mainpanel,cloud_platform_ads,c52ceccaf6142f4cd6673f25d2f78c18b59c89208fa011b57ddc0de5ec37621b,204,included_in_public_release,author_created_derived_post_extraction_card,not_included_mixed_public_or_provider_access,not_redistributed_no_rights_grant,withheld_hash_locator_only
5774293cc14f379d62cc,MSFT,FY2023_Q2,FY2023_Q3,dec75624d558f47fcb7e0edf,110f7221eb975d51892ee1ce,ledger_forward+shock_forward,claim,Microsoft::Intelligent Cloud,DRIVES_DEMAND_FOR,demand,demand,demand,positive,medium,0.9,False,explicit,[55],explicit_segment,a4e7471362401e682538798b,FY2023_Q3,Forecast/Guidance,0.4077577871727302,1,True,False,unknown,full_mainpanel,cloud_platform_ads,2e506acb3471d65fb89a4d3c1ba42af9422cc109109596ce350d48962e6ccf2c,174,included_in_public_release,author_created_derived_post_extraction_card,not_included_mixed_public_or_provider_access,not_redistributed_no_rights_grant,withheld_hash_locator_only
32280291421a542ed8e8,MSFT,FY2023_Q3,FY2023_Q4,d4ca7777b45b2d85e41ff4d0,66f938a0a4cb1833198ae816,ledger_forward,event,UNKNOWN,LIMITS_REVENUE_OF,macro,macro,regulation_macro,negative,medium,1.0,True,,[219],unresolved,da5fa8ea7c99d09b043049fb,FY2023_Q4,Forecast/Guidance,,0,True,False,persistent,full_mainpanel,cloud_platform_ads,7e1c907abc4ee3bc35406b72c4785e23046ae5424eed8872af65bec786907cb9,147,included_in_public_release,author_created_derived_post_extraction_card,not_included_mixed_public_or_provider_access,not_redistributed_no_rights_grant,withheld_hash_locator_only
43ac9c02acb42b269f29,MSFT,FY2023_Q3,FY2023_Q4,11be7efc5b300e4b19672995,e97088a45509ba0465e907c9,ledger_forward+shock_forward,event,Microsoft::Productivity and Business Processes,LIMITS_REVENUE_OF,macro,macro,regulation_macro,negative,medium,1.0,True,,[220],explicit_tail,db00ced28f6a70808fd7a714,FY2023_Q4,Forecast/Guidance,0.3313846794180525,2,True,False,persistent,full_mainpanel,cloud_platform_ads,d72182c19cb0f1c013f63a26f5efc43bdd63b516db8a1c06715dd83911459bd7,196,included_in_public_release,author_created_derived_post_extraction_card,not_included_mixed_public_or_provider_access,not_redistributed_no_rights_grant,withheld_hash_locator_only
91ac032adfd96789dfe6,MSFT,FY2023_Q3,FY2023_Q4,ec13cb971ef220947ae665ad,e62bb48d76bd622a73e19b5f,ledger_forward+shock_forward,event,Microsoft::Intelligent Cloud,LIMITS_REVENUE_OF,macro,macro,regulation_macro,negative,medium,1.0,True,,[220],explicit_tail,11a8ab224ee51eeaac09f294,FY2023_Q4,Forecast/Guidance,0.4177497777021019,1,True,False,persistent,full_mainpanel,cloud_platform_ads,d72182c19cb0f1c013f63a26f5efc43bdd63b516db8a1c06715dd83911459bd7,196,included_in_public_release,author_created_derived_post_extraction_card,not_included_mixed_public_or_provider_access,not_redistributed_no_rights_grant,withheld_hash_locator_only
f57b2d618c3584e1f91d,MSFT,FY2023_Q3,FY2023_Q4,abbe4b9f95f32af3f0f8a2b1,c0ad5701ea95ab51423cb271,ledger_forward+shock_forward,event,Microsoft::More Personal Computing,LIMITS_REVENUE_OF,macro,macro,regulation_macro,negative,medium,1.0,True,,[220],explicit_tail,95b399af7edb7629ec28f066,FY2023_Q4,Forecast/Guidance,0.25086554287984564,3,True,False,persistent,full_mainpanel,cloud_platform_ads,d72182c19cb0f1c013f63a26f5efc43bdd63b516db8a1c06715dd83911459bd7,196,included_in_public_release,author_created_derived_post_extraction_card,not_included_mixed_public_or_provider_access,not_redistributed_no_rights_grant,withheld_hash_locator_only
8de7d9d32f499b3501b5,MSFT,FY2023_Q3,FY2023_Q4,50a1f51a15a4fbddf360df14,48fa64f632e23b5dc5a9ab9f,ledger_forward+shock_forward,event,Microsoft::More Personal Computing,LIMITS_REVENUE_OF,inventory,inventory,inventory_channel,negative,medium,1.0,True,,[247],explicit_tail,95b399af7edb7629ec28f066,FY2023_Q4,Forecast/Guidance,0.25086554287984564,3,True,False,persistent,full_mainpanel,cloud_platform_ads,533d3176921258271907a99bd06aa44a87eff7db98b8d631957e96109443e253,159,included_in_public_release,author_created_derived_post_extraction_card,not_included_mixed_public_or_provider_access,not_redistributed_no_rights_grant,withheld_hash_locator_only
0be9efca710f2e5c4f99,MSFT,FY2023_Q3,FY2023_Q4,f0950bb9fd7c97a959b50428,2bbea9b8d19469da68966108,ledger_forward+shock_forward,event,Microsoft::More Personal Computing,SUPPORTS_REVENUE_OF,demand,demand,demand,positive,medium,0.8,True,,[247],explicit_tail,95b399af7edb7629ec28f066,FY2023_Q4,Forecast/Guidance,0.25086554287984564,3,True,False,persistent,full_mainpanel,cloud_platform_ads,533d3176921258271907a99bd06aa44a87eff7db98b8d631957e96109443e253,159,included_in_public_release,author_created_derived_post_extraction_card,not_included_mixed_public_or_provider_access,not_redistributed_no_rights_grant,withheld_hash_locator_only
5c4936848f9382afbc76,MSFT,FY2023_Q3,FY2023_Q4,12eb9f5a3eaa510d21718923,7ffe4f188f1f80b89b572380,ledger_forward+shock_forward,event,Microsoft::Intelligent Cloud,BOOSTS_REVENUE_OF,demand,demand,demand,positive,high,1.0,True,,[241],explicit_tail,11a8ab224ee51eeaac09f294,FY2023_Q4,Forecast/Guidance,0.4177497777021019,1,True,False,persistent,full_mainpanel,cloud_platform_ads,19428e1954facf1bdc51357009fceac0ef123f745ab5a58e09af58c18486733a,117,included_in_public_release,author_created_derived_post_extraction_card,not_included_mixed_public_or_provider_access,not_redistributed_no_rights_grant,withheld_hash_locator_only
4079f4dab476750d9b73,MSFT,FY2023_Q4,FY2024_Q1,4e82dab52a46dd3904d7418f,8aed6f6df907969ed51c8ded,ledger_forward,claim,UNKNOWN,INCREASES_SPEND_ON,demand,demand,demand,positive,high,1.0,True,explicit,[118],unresolved,,FY2024_Q1,Forecast/Guidance,,0,True,False,persistent,full_mainpanel,cloud_platform_ads,6cf396dc994a87c9433615d333e6889df2b881721e0f6261212c8db70c97a0aa,183,included_in_public_release,author_created_derived_post_extraction_card,not_included_mixed_public_or_provider_access,not_redistributed_no_rights_grant,withheld_hash_locator_only
fae8d7f943de5eecfaff,MSFT,FY2023_Q4,FY2024_Q1,492335693d8af1e97b10dcdc,1db0f760618e69218efc9592,ledger_forward,claim,Microsoft::More Personal Computing,BOOSTS_REVENUE_OF,demand,demand,demand,positive,medium,1.0,True,explicit,[28],explicit_segment,816caae29119111310035dfd,FY2024_Q1,Realized/Reporting,0.247468365694353,3,True,False,persistent,full_mainpanel,cloud_platform_ads,1372e29132be3865fbdcb4f2cbb3dd6c0f93130816f50034d0f9d69767226931,277,included_in_public_release,author_created_derived_post_extraction_card,not_included_mixed_public_or_provider_access,not_redistributed_no_rights_grant,withheld_hash_locator_only
e6eefdd8cdf614b99072,MSFT,FY2023_Q4,FY2024_Q1,a4e5e55a235af36a2a2b2fe2,50d3c081532a9af1ec098cbb,ledger_forward+shock_forward,claim,Microsoft::Intelligent Cloud,BOOSTS_REVENUE_OF,demand,demand,demand,positive,medium,1.0,True,explicit,[29],explicit_segment,816caae29119111310035dfd,FY2024_Q1,Forecast/Guidance,0.4270052857320828,1,True,False,persistent,full_mainpanel,cloud_platform_ads,44a8a321f3710f3658b5bf49e81809fca4070e354e957dd759301863d925c494,157,included_in_public_release,author_created_derived_post_extraction_card,not_included_mixed_public_or_provider_access,not_redistributed_no_rights_grant,withheld_hash_locator_only
ae376a9e29baf22bf70b,MSFT,FY2023_Q4,FY2024_Q1,27433a7e34434c43dde5483d,fea1d289cc6d4f9c1c4508b1,ledger_forward,event,UNKNOWN,BOOSTS_REVENUE_OF,macro,macro,regulation_macro,positive,medium,1.0,True,,[218],unresolved,da5fa8ea7c99d09b043049fb,FY2024_Q1,Forecast/Guidance,,0,True,False,persistent,full_mainpanel,cloud_platform_ads,d0ccc328160b84f1d7e16c808c8c34b27e8473c24263950190ac95fb34d30e12,158,included_in_public_release,author_created_derived_post_extraction_card,not_included_mixed_public_or_provider_access,not_redistributed_no_rights_grant,withheld_hash_locator_only
9f094aa4f31a43b1857a,MSFT,FY2023_Q4,FY2024_Q1,0247750b39a2e26b9c40534a,e73516404a0175674fb62bdf,ledger_forward+shock_forward,event,Microsoft::Intelligent Cloud,BOOSTS_REVENUE_OF,macro,macro,regulation_macro,positive,medium,1.0,True,,[220],explicit_tail,11a8ab224ee51eeaac09f294,FY2024_Q1,Forecast/Guidance,0.4270052857320828,1,True,False,persistent,full_mainpanel,cloud_platform_ads,7d5778c4d3fb940086668550fc720f4dfd93e63ca01727f473e9ac4ea36a1691,174,included_in_public_release,author_created_derived_post_extraction_card,not_included_mixed_public_or_provider_access,not_redistributed_no_rights_grant,withheld_hash_locator_only
4233f21c3a8c3658e184,MSFT,FY2023_Q4,FY2024_Q1,160196d3eddf48fe233750d5,e10b864d53265ab24208dede,ledger_forward,event,UNKNOWN,SUPPORTS_REVENUE_OF,demand,demand,demand,positive,medium,0.9,True,,[212],unresolved,da5fa8ea7c99d09b043049fb,FY2024_Q1,Forecast/Guidance,,0,True,False,persistent,full_mainpanel,cloud_platform_ads,6c321d879ad9157dce0bc40408fae6f69a038135d4f1442b2a9accf0354b8897,140,included_in_public_release,author_created_derived_post_extraction_card,not_included_mixed_public_or_provider_access,not_redistributed_no_rights_grant,withheld_hash_locator_only
0f959709a52af5be170c,MSFT,FY2023_Q4,FY2024_Q1,11a687682c81acd173f0bb2c,da3be2f2a97bad9362e104c9,ledger_forward+shock_forward,event,Microsoft::Productivity and Business Processes,BOOSTS_REVENUE_OF,demand,demand,demand,positive,medium,1.0,True,,[228],explicit_tail,db00ced28f6a70808fd7a714,FY2024_Q1,Forecast/Guidance,0.3255263485735642,2,True,False,persistent,full_mainpanel,cloud_platform_ads,5f17105c4c69a0faa5fbc3731d8a93a81523add23fc49ebc3d5a9fef4c5f48b5,141,included_in_public_release,author_created_derived_post_extraction_card,not_included_mixed_public_or_provider_access,not_redistributed_no_rights_grant,withheld_hash_locator_only
546bea55cd09a2c6c4bf,MSFT,FY2023_Q4,FY2024_Q1,5548f84a1cacd9179eaaf61d,99f7759bfacbee3e929a3a48,ledger_forward+shock_forward,event,Microsoft::Productivity and Business Processes,LIMITS_REVENUE_OF,product_transition,product_transition,product_transition,negative,medium,1.0,True,,[230],explicit_tail,db00ced28f6a70808fd7a714,FY2024_Q1,Forecast/Guidance,0.3255263485735642,2,True,False,persistent,full_mainpanel,cloud_platform_ads,4a8040e9a3b321d31bfb66c6c34451d873b559c3f796fd904488ea09744ecd79,73,included_in_public_release,author_created_derived_post_extraction_card,not_included_mixed_public_or_provider_access,not_redistributed_no_rights_grant,withheld_hash_locator_only
def034e585e83578420b,MSFT,FY2023_Q4,FY2024_Q1,90997918c0dba006f81d89e8,a926e66ae44f8a8d1449febb,ledger_forward+shock_forward,event,Microsoft::Intelligent Cloud,LIMITS_REVENUE_OF,product_transition,product_transition,product_transition,negative,medium,1.0,True,,[241],explicit_tail,11a8ab224ee51eeaac09f294,FY2024_Q1,Forecast/Guidance,0.4270052857320828,1,True,False,persistent,full_mainpanel,cloud_platform_ads,cf71911337cab551e8ce09f9474cff66da6d7a31b79418efed7fea8dff726d1b,192,included_in_public_release,author_created_derived_post_extraction_card,not_included_mixed_public_or_provider_access,not_redistributed_no_rights_grant,withheld_hash_locator_only
fe0113212a07a5cd362a,MSFT,FY2023_Q4,FY2024_Q1,2bf842791cf0bd31577522d8,8f58323ddd2b899d1a7b0151,ledger_forward+shock_forward,event,Microsoft::More Personal Computing,LIMITS_REVENUE_OF,inventory,inventory,inventory_channel,negative,medium,1.0,True,,[244],explicit_tail,95b399af7edb7629ec28f066,FY2024_Q1,Forecast/Guidance,0.247468365694353,3,True,False,persistent,full_mainpanel,cloud_platform_ads,331e2c0835be2a62a1fbaeba0c366a208ee64c05e6eb9667ee94464670a7d30e,181,included_in_public_release,author_created_derived_post_extraction_card,not_included_mixed_public_or_provider_access,not_redistributed_no_rights_grant,withheld_hash_locator_only
d346e7e9e9351e1024e0,MSFT,FY2023_Q4,FY2024_Q1,8256d800d8882754705556bf,db67f1c0eecfc70bf4bc7395,ledger_forward+shock_forward,event,Microsoft::More Personal Computing,LIMITS_REVENUE_OF,demand,demand,demand,negative,high,1.0,True,,[246],explicit_tail,95b399af7edb7629ec28f066,FY2024_Q1,Forecast/Guidance,0.247468365694353,3,True,False,persistent,full_mainpanel,cloud_platform_ads,dc3237983feb2d9745caea8491bf7da78c85d5bd296dc1fda32cd0f11d44f9b9,182,included_in_public_release,author_created_derived_post_extraction_card,not_included_mixed_public_or_provider_access,not_redistributed_no_rights_grant,withheld_hash_locator_only
ce6e4905a757fd631291,MSFT,FY2024_Q1,FY2024_Q2,190fafe74a4ee2e863a6716e,64533e2aa598e8d0f4f7d31f,ledger_forward+shock_forward,claim,Microsoft::Intelligent Cloud,DRIVES_DEMAND_FOR,demand,demand,demand,positive,medium,0.9,True,explicit,[144],explicit_segment,df4fc4c5fb2cf3ca8048ed3d,FY2024_Q2,Forecast/Guidance,0.42923368190102096,1,True,False,persistent,full_mainpanel,cloud_platform_ads,008a0f30fd25ee78f683879ff0b5b70e5cc32c0658eac3a52d4ed12adcf17a87,113,included_in_public_release,author_created_derived_post_extraction_card,not_included_mixed_public_or_provider_access,not_redistributed_no_rights_grant,withheld_hash_locator_only
4a498b06a39d4e480918,MSFT,FY2024_Q1,FY2024_Q2,de0e00316237483f1a4709af,61af4bd3520e544658b0ab2d,ledger_forward+shock_forward,claim,Microsoft::More Personal Computing,DRIVES_DEMAND_FOR,demand,demand,demand,positive,medium,0.95,True,explicit,[155],explicit_segment,0c7023062c22f1ab4ae5310a,FY2024_Q2,Forecast/Guidance,0.2418033512040625,3,True,False,persistent,full_mainpanel,cloud_platform_ads,1b6a15106272217e5c45bbf7b1d40cba68f0329612c546e52ceaa018e9f7a945,173,included_in_public_release,author_created_derived_post_extraction_card,not_included_mixed_public_or_provider_access,not_redistributed_no_rights_grant,withheld_hash_locator_only
f14a483c6a8339edf22c,MSFT,FY2024_Q1,FY2024_Q2,dc6c27b69e4448bd43b2dbfd,666d576e6dc09116540bdb5a,ledger_forward+shock_forward,event,Microsoft::More Personal Computing,BOOSTS_REVENUE_OF,product_transition,product_transition,product_transition,positive,high,0.95,True,,[241],explicit_tail,95b399af7edb7629ec28f066,FY2024_Q2,Forecast/Guidance,0.2418033512040625,3,True,False,persistent,full_mainpanel,cloud_platform_ads,fae9255df23ce08a5d95b8bc7d27083dc46087148c11cd6cbbd0b9514c24aa0a,242,included_in_public_release,author_created_derived_post_extraction_card,not_included_mixed_public_or_provider_access,not_redistributed_no_rights_grant,withheld_hash_locator_only
c325c7f1be10c32bd8fd,MSFT,FY2024_Q1,FY2024_Q2,158e895de37a1e6afbdb5668,c38c43f6ee566550f9f0d7bb,ledger_forward+shock_forward,event,Microsoft::Productivity and Business Processes,BOOSTS_REVENUE_OF,product_transition,product_transition,product_transition,positive,medium,0.95,True,,[218],explicit_tail,db00ced28f6a70808fd7a714,FY2024_Q2,Forecast/Guidance,0.32896296689491655,2,True,False,persistent,full_mainpanel,cloud_platform_ads,c1c8083fd048e98884a54e00597a4f1f1bb568bc59131aa04eec30063d21579e,137,included_in_public_release,author_created_derived_post_extraction_card,not_included_mixed_public_or_provider_access,not_redistributed_no_rights_grant,withheld_hash_locator_only
4cef039a34257e73af3f,MSFT,FY2024_Q2,FY2024_Q3,3ad8fc0c56b1cb3d84a06c0e,4550a8674ba3767029108ef5,ledger_forward+shock_forward,claim,Microsoft::Productivity and Business Processes,DRIVES_DEMAND_FOR,demand,demand,demand,positive,medium,0.9,True,explicit,[89],explicit_segment,e1a2ca37aeb1eb3efe3a678f,FY2024_Q3,Forecast/Guidance,0.31036762334730733,2,True,False,persistent,full_mainpanel,cloud_platform_ads,e5fc6ade900ab304da65e748fd05e1aae8c3458857a656231d2224243498688f,147,included_in_public_release,author_created_derived_post_extraction_card,not_included_mixed_public_or_provider_access,not_redistributed_no_rights_grant,withheld_hash_locator_only
627bdf377c2d3bbd4115,MSFT,FY2024_Q2,FY2024_Q3,0b019b178a7f3fe56d52344d,15e1b4c8cbc64779722914e2,ledger_forward+shock_forward,event,Microsoft::Intelligent Cloud,LIMITS_REVENUE_OF,macro,macro,regulation_macro,negative,high,0.95,True,,[209],explicit_tail,11a8ab224ee51eeaac09f294,FY2024_Q3,Forecast/Guidance,0.41728474685585293,1,True,False,persistent,full_mainpanel,cloud_platform_ads,5346ba99089cb955aec6e5f35c175d9a67027062b19fc116afdbace106c3ea4e,222,included_in_public_release,author_created_derived_post_extraction_card,not_included_mixed_public_or_provider_access,not_redistributed_no_rights_grant,withheld_hash_locator_only
f6fd7e2807300af23144,MSFT,FY2024_Q2,FY2024_Q3,f6611ce4fcfcab9ec57b4b58,5355623379648b1aedb802c2,ledger_forward+shock_forward,event,Microsoft::Intelligent Cloud,BOOSTS_REVENUE_OF,demand,demand,demand,positive,high,0.95,True,,[207],explicit_tail,11a8ab224ee51eeaac09f294,FY2024_Q3,Forecast/Guidance,0.41728474685585293,1,True,False,persistent,full_mainpanel,cloud_platform_ads,4fd72d10677308e15915ea79e8f744da40f4dc28cde212403eb417aa774f2c3a,199,included_in_public_release,author_created_derived_post_extraction_card,not_included_mixed_public_or_provider_access,not_redistributed_no_rights_grant,withheld_hash_locator_only
8f11ba3ee7853cbb2d7e,MSFT,FY2024_Q2,FY2024_Q3,11f98f4fbf68301385083b20,78bd24baaa6870753605f4b4,ledger_forward+shock_forward,event,Microsoft::More Personal Computing,BOOSTS_REVENUE_OF,demand,demand,demand,positive,high,0.95,True,,[228],explicit_tail,95b399af7edb7629ec28f066,FY2024_Q3,Forecast/Guidance,0.27234762979683974,3,True,False,persistent,full_mainpanel,cloud_platform_ads,1f6a8cdc002aa8c4454c1d06bc0f7181a0fcc89fdcf584a9d9faaeeaab38d1ce,166,included_in_public_release,author_created_derived_post_extraction_card,not_included_mixed_public_or_provider_access,not_redistributed_no_rights_grant,withheld_hash_locator_only
316c2dd9eb9141661a92,MSFT,FY2024_Q2,FY2024_Q3,e0eaa60cb93964f477771b8e,a236b77b0dc5283a48fc5d61,ledger_forward+shock_forward,event,Microsoft::More Personal Computing,BOOSTS_REVENUE_OF,revenue_boost,other,revenue_boost_limit,positive,high,0.95,True,,[232],explicit_tail,95b399af7edb7629ec28f066,FY2024_Q3,Forecast/Guidance,0.27234762979683974,3,True,False,persistent,full_mainpanel,cloud_platform_ads,cc51d9f2ad77d419519988916724664f617d2a6582deffb4865b1bb17e40a9f4,132,included_in_public_release,author_created_derived_post_extraction_card,not_included_mixed_public_or_provider_access,not_redistributed_no_rights_grant,withheld_hash_locator_only
7757bf6f1a1effc00f23,MSFT,FY2024_Q3,FY2024_Q4,7971fe0808ab12e8845b9af5,206314276312c59a5bcaec12,ledger_forward,claim,UNKNOWN,LIMITS_REVENUE_OF,supply,supply,supply_capacity,mixed,medium,0.9,False,explicit,[74],unresolved,,FY2024_Q4,Forecast/Guidance,,0,True,False,unknown,full_mainpanel,cloud_platform_ads,610361e12c05677f5d07ab6d72681ba86fdd8f913de41ca28b153e941da70ce2,173,included_in_public_release,author_created_derived_post_extraction_card,not_included_mixed_public_or_provider_access,not_redistributed_no_rights_grant,withheld_hash_locator_only
acd7d69df1e8496fbd7c,MSFT,FY2024_Q3,FY2024_Q4,1b6654a9007812f5efa968de,03939d0bd53b11d6c59ac7e3,ledger_forward,claim,UNKNOWN,LIMITS_REVENUE_OF,demand,demand,demand,negative,medium,0.9,True,explicit,[66],unresolved,,FY2024_Q4,Condition/External,,0,True,False,persistent,full_mainpanel,cloud_platform_ads,279748cf510488125da9eefcad10f97ccab07bb9cfde1c76f6b114ab6e0fc3a3,75,included_in_public_release,author_created_derived_post_extraction_card,not_included_mixed_public_or_provider_access,not_redistributed_no_rights_grant,withheld_hash_locator_only
0c555c7dd8880d34015c,MSFT,FY2024_Q3,FY2024_Q4,88222f0b1c3e8f5ad442019d,f8eb05674e36ab7b0648c26a,ledger_forward,event,UNKNOWN,LIMITS_REVENUE_OF,macro,macro,regulation_macro,negative,medium,1.0,True,,[197],unresolved,da5fa8ea7c99d09b043049fb,FY2024_Q4,Forecast/Guidance,,0,True,False,persistent,full_mainpanel,cloud_platform_ads,d9cbe7f3d255d439be672bd78add3d62494761fac73e23f1e669dbe37d78df80,180,included_in_public_release,author_created_derived_post_extraction_card,not_included_mixed_public_or_provider_access,not_redistributed_no_rights_grant,withheld_hash_locator_only
fd372ab4fbebba6b3393,MSFT,FY2024_Q3,FY2024_Q4,f33da3503b86a3f01d62063d,c0bada657421e18338f27bda,ledger_forward,event,UNKNOWN,BOOSTS_REVENUE_OF,demand,demand,demand,positive,high,1.0,True,,[200],unresolved,da5fa8ea7c99d09b043049fb,FY2024_Q4,Forecast/Guidance,,0,True,False,persistent,full_mainpanel,cloud_platform_ads,d7bfd8e57334153410fcaf02e6ff1b990bbfd99b18b615d810e60a1d08eae0ff,134,included_in_public_release,author_created_derived_post_extraction_card,not_included_mixed_public_or_provider_access,not_redistributed_no_rights_grant,withheld_hash_locator_only
c6820e83d1bb371a214c,MSFT,FY2024_Q3,FY2024_Q4,bc38632f368a5df0c6f9f25b,7993320657146be6d64f7fb7,ledger_forward,event,UNKNOWN,SUPPORTS_REVENUE_OF,supply,supply,supply_capacity,positive,high,1.0,True,,[204],unresolved,da5fa8ea7c99d09b043049fb,FY2024_Q4,Forecast/Guidance,,0,True,False,persistent,full_mainpanel,cloud_platform_ads,c07add147e98cba6aaf5bc1391cb6d4ffb9001b20ce3e7c0dc928c6f07fa9d5e,126,included_in_public_release,author_created_derived_post_extraction_card,not_included_mixed_public_or_provider_access,not_redistributed_no_rights_grant,withheld_hash_locator_only
030d90bc60c3aa952514,MSFT,FY2024_Q4,FY2025_Q1,9604d2164473c1b43c843e77,04fcc2365be5929164a768f7,ledger_forward,claim,UNKNOWN,CONSTRAINS_PRODUCTION_OF,supply,supply,supply_capacity,negative,medium,0.95,True,explicit,[98],unresolved,,FY2025_Q1,Forecast/Guidance,,0,True,False,persistent,full_mainpanel,cloud_platform_ads,5f8275e3af81dce0f909e55cbee384664c5e1237baad3430c660f1b7d527d6ae,117,included_in_public_release,author_created_derived_post_extraction_card,not_included_mixed_public_or_provider_access,not_redistributed_no_rights_grant,withheld_hash_locator_only
1fbd821036aa337d0639,MSFT,FY2024_Q4,FY2025_Q1,a7db3b4fb20654fed40c8810,692808b067ddd914bfc70ac8,ledger_forward,event,UNKNOWN,LIMITS_REVENUE_OF,macro,macro,regulation_macro,negative,low,1.0,True,,[226],unresolved,da5fa8ea7c99d09b043049fb,FY2025_Q1,Forecast/Guidance,,0,True,False,persistent,full_mainpanel,cloud_platform_ads,5480763071ca60c76f271cb6a7c6240ccf29c7a9670bc7183176d5f3d8103f91,119,included_in_public_release,author_created_derived_post_extraction_card,not_included_mixed_public_or_provider_access,not_redistributed_no_rights_grant,withheld_hash_locator_only
625a2ee80d474dbf7972,MSFT,FY2024_Q4,FY2025_Q1,f3b3704fa2dafcf2e783d9a5,2ce3e372297b6e6081087ba0,ledger_forward,event,UNKNOWN,BOOSTS_REVENUE_OF,demand,demand,demand,positive,high,1.0,True,,[228],unresolved,da5fa8ea7c99d09b043049fb,FY2025_Q1,Forecast/Guidance,,0,True,False,persistent,full_mainpanel,cloud_platform_ads,b5b1c77eb23830ddda4c6342683434b28ea02cc20f0a265158151b9cccd88123,180,included_in_public_release,author_created_derived_post_extraction_card,not_included_mixed_public_or_provider_access,not_redistributed_no_rights_grant,withheld_hash_locator_only
ec5377df52bbfa826816,MSFT,FY2024_Q4,FY2025_Q1,5f8249f63ac4a837fe7295fc,67e64115fa43fc7d3d1040c2,ledger_forward,event,UNKNOWN,SUPPORTS_REVENUE_OF,supply,supply,supply_capacity,positive,medium,1.0,True,,[231],unresolved,da5fa8ea7c99d09b043049fb,FY2025_Q1,Forecast/Guidance,,0,True,False,persistent,full_mainpanel,cloud_platform_ads,486ac6b308f47718ec2cb225510c57b915eaafda6800920ae2ad8bac75d33318,140,included_in_public_release,author_created_derived_post_extraction_card,not_included_mixed_public_or_provider_access,not_redistributed_no_rights_grant,withheld_hash_locator_only
7a6581961efe5bd4e5ec,MSFT,FY2024_Q4,FY2025_Q1,abb0a8f62287aa45b5b2c382,f783ebe721754e9cc38eaf56,ledger_forward+shock_forward,event,Microsoft::Productivity and Business Processes,BOOSTS_REVENUE_OF,demand,demand,demand,positive,high,1.0,True,,[235],explicit_tail,db00ced28f6a70808fd7a714,FY2025_Q1,Forecast/Guidance,0.3138875585149937,2,True,False,persistent,full_mainpanel,cloud_platform_ads,b1554123810a4588537329d79d7ba28ca831c963805d22227425f895604d460d,171,included_in_public_release,author_created_derived_post_extraction_card,not_included_mixed_public_or_provider_access,not_redistributed_no_rights_grant,withheld_hash_locator_only
e4f2ea4fbf9429aec7d2,MSFT,FY2024_Q4,FY2025_Q1,54896e1e41db0281d825fc9b,da0e48646c1ce5e904f6f773,ledger_forward+shock_forward,event,Microsoft::Productivity and Business Processes,LIMITS_REVENUE_OF,product_transition,product_transition,product_transition,negative,high,1.0,True,,[237],explicit_tail,db00ced28f6a70808fd7a714,FY2025_Q1,Forecast/Guidance,0.3138875585149937,2,True,False,persistent,full_mainpanel,cloud_platform_ads,6375e792c53d8e416c1ddf7a9d3c4000cf82d4fd4e45eb1413a1700fb2567c49,83,included_in_public_release,author_created_derived_post_extraction_card,not_included_mixed_public_or_provider_access,not_redistributed_no_rights_grant,withheld_hash_locator_only
d186acb76652a4e2f829,MSFT,FY2024_Q4,FY2025_Q1,09e1567a8f66961244551489,49735d6887a040d0c438d441,ledger_forward+shock_forward,event,Microsoft::Intelligent Cloud,BOOSTS_REVENUE_OF,demand,demand,demand,positive,high,1.0,True,,[243],explicit_tail,11a8ab224ee51eeaac09f294,FY2025_Q1,Forecast/Guidance,0.4405425865558422,1,True,False,persistent,full_mainpanel,cloud_platform_ads,b1ebdf4790207c4c27d83af14ac286eee031ade6c30f34d3112a035010258906,76,included_in_public_release,author_created_derived_post_extraction_card,not_included_mixed_public_or_provider_access,not_redistributed_no_rights_grant,withheld_hash_locator_only
bf8dc31bf85d5ceec16c,MSFT,FY2024_Q4,FY2025_Q1,747adee0ef1f53b4cd87eaeb,be9271cb5c099cb6e14a907d,ledger_forward+shock_forward,event,Microsoft::Intelligent Cloud,LIMITS_REVENUE_OF,supply,supply,supply_capacity,negative,medium,1.0,True,,[444],explicit_tail,11a8ab224ee51eeaac09f294,FY2025_Q1,Forecast/Guidance,0.4405425865558422,1,True,False,persistent,full_mainpanel,cloud_platform_ads,5f8275e3af81dce0f909e55cbee384664c5e1237baad3430c660f1b7d527d6ae,117,included_in_public_release,author_created_derived_post_extraction_card,not_included_mixed_public_or_provider_access,not_redistributed_no_rights_grant,withheld_hash_locator_only
c88cca1d1986d5ec1fdf,MSFT,FY2024_Q4,FY2025_Q1,fac5f22141c6e6049e7ee570,db9da78cea50fc3efa38c028,ledger_forward+shock_forward,event,Microsoft::More Personal Computing,BOOSTS_REVENUE_OF,demand,demand,demand,positive,medium,1.0,True,,[253],explicit_tail,95b399af7edb7629ec28f066,FY2025_Q1,Forecast/Guidance,0.24556985492916403,3,True,False,persistent,full_mainpanel,cloud_platform_ads,f790995e8a73c4149376c96d1b1df70f2746a27c16c53ea6e0cb9e3366300b76,174,included_in_public_release,author_created_derived_post_extraction_card,not_included_mixed_public_or_provider_access,not_redistributed_no_rights_grant,withheld_hash_locator_only
30ce551be4f218d1af79,MSFT,FY2025_Q1,FY2025_Q2,b1824d50821b90f0a18fea99,da56008f305f80d909da2a59,ledger_forward+shock_forward,claim,Microsoft::Intelligent Cloud,CONSTRAINS_PRODUCTION_OF,supply,supply,supply_capacity,negative,medium,0.95,True,explicit,[129],explicit_segment,71025b587044ab154dcede62,FY2025_Q2,Forecast/Guidance,0.3673400930090722,2,True,False,persistent,full_mainpanel,cloud_platform_ads,d32befda24416d370fd8d101f335b74b47fd1a07ab1f6ae75fd568543ceb525c,166,included_in_public_release,author_created_derived_post_extraction_card,not_included_mixed_public_or_provider_access,not_redistributed_no_rights_grant,withheld_hash_locator_only
0e3d63c4118d151160cd,MSFT,FY2025_Q2,FY2025_Q3,a5f874357730a4e493fe4139,39f71cb29a8548555d857f50,ledger_forward+shock_forward,claim,Microsoft::Intelligent Cloud,LIMITS_REVENUE_OF,supply,supply,supply_capacity,negative,medium,1.0,False,explicit,[88],explicit_segment,3cf2579d3c44377d829226b6,FY2025_Q3,Forecast/Guidance,0.3668428308823529,2,True,False,unknown,full_mainpanel,cloud_platform_ads,7f1cf07079a9b5b668d4f9a0cb79e96a27a12c63ce7dd8bdfab4b1e1cad1d659,304,included_in_public_release,author_created_derived_post_extraction_card,not_included_mixed_public_or_provider_access,not_redistributed_no_rights_grant,withheld_hash_locator_only
d3a1a5aa2c0c57614261,MSFT,FY2025_Q2,FY2025_Q3,80fc75e91c6ac3bdb382047d,8920f97b1c61b11c5d6cdff6,ledger_forward+shock_forward,claim,Microsoft::Intelligent Cloud,DRIVES_DEMAND_FOR,demand,demand,demand,positive,medium,1.0,False,explicit,[102],explicit_segment,d4d572d5d8d7accef30d53c5,FY2025_Q3,Forecast/Guidance,0.3668428308823529,2,True,False,unknown,full_mainpanel,cloud_platform_ads,ead8bab87b32ce8c67688625b7f70738bb5722ce678c39cb984cffe714486df4,126,included_in_public_release,author_created_derived_post_extraction_card,not_included_mixed_public_or_provider_access,not_redistributed_no_rights_grant,withheld_hash_locator_only
cb14f590f15aff18180f,MSFT,FY2025_Q2,FY2025_Q3,06356926ba4cd46134ace091,c2c5afae20c4747a4eaa1071,ledger_forward,event,UNKNOWN,LIMITS_REVENUE_OF,macro,macro,regulation_macro,negative,medium,0.95,True,,[183],unresolved,da5fa8ea7c99d09b043049fb,FY2025_Q3,Forecast/Guidance,,0,True,False,persistent,full_mainpanel,cloud_platform_ads,c6d2914c82909b8f1f48edc47bc7e6475207989e87be818b9ac2ea9eb713b3b6,119,included_in_public_release,author_created_derived_post_extraction_card,not_included_mixed_public_or_provider_access,not_redistributed_no_rights_grant,withheld_hash_locator_only
3f5218bc001816dd8896,MSFT,FY2025_Q2,FY2025_Q3,0f5fdef7e91a862e9082faaf,b9e8e9f824cd9ab936a15669,ledger_forward+shock_forward,event,Microsoft::Productivity and Business Processes,LIMITS_REVENUE_OF,macro,macro,regulation_macro,negative,medium,0.95,True,,[184],explicit_tail,db00ced28f6a70808fd7a714,FY2025_Q3,Forecast/Guidance,0.4227510340073529,1,True,False,persistent,full_mainpanel,cloud_platform_ads,0a6668499b179f7fe3db34d8d1e2bfb9453344aaff2b37f450ed92088b1c0354,185,included_in_public_release,author_created_derived_post_extraction_card,not_included_mixed_public_or_provider_access,not_redistributed_no_rights_grant,withheld_hash_locator_only
1f3c020fb00822f8db6f,MSFT,FY2025_Q2,FY2025_Q3,d49ab8b0d2db3ede02a1050d,d3d82b6994a1ee9b7bec68d6,ledger_forward+shock_forward,event,Microsoft::More Personal Computing,LIMITS_REVENUE_OF,macro,macro,regulation_macro,negative,medium,0.95,True,,[161],explicit_tail,95b399af7edb7629ec28f066,FY2025_Q3,Forecast/Guidance,0.21040613511029413,3,True,False,persistent,full_mainpanel,cloud_platform_ads,f0ffc4ff1eca443eb7914b8ca009b13f62bc3b98524c297f7eac124d07c09241,31,included_in_public_release,author_created_derived_post_extraction_card,not_included_mixed_public_or_provider_access,not_redistributed_no_rights_grant,withheld_hash_locator_only
21e10a5772a5a730108f,MSFT,FY2025_Q2,FY2025_Q3,f0671084b04d8c52ab4fb48f,7687766dfca9910705f3dd56,ledger_forward+shock_forward,event,Microsoft::More Personal Computing,LIMITS_REVENUE_OF,inventory,inventory,inventory_channel,mixed,medium,0.9,True,,[213],explicit_tail,95b399af7edb7629ec28f066,FY2025_Q3,Forecast/Guidance,0.21040613511029413,3,True,False,persistent,full_mainpanel,cloud_platform_ads,c4a01eef0c8813b6cfbfa87268ce169e89393266c3363bd087e042a891a1bcf5,127,included_in_public_release,author_created_derived_post_extraction_card,not_included_mixed_public_or_provider_access,not_redistributed_no_rights_grant,withheld_hash_locator_only
e1b1ad846d3d7bb543c1,MSFT,FY2025_Q3,FY2025_Q4,210f89b4aa5ca40d1e04f09e,5c26df4a403bc45b1835c582,ledger_forward+shock_forward,event,Microsoft::Intelligent Cloud,LIMITS_REVENUE_OF,supply,supply,supply_capacity,negative,medium,0.95,True,,[239],explicit_tail,11a8ab224ee51eeaac09f294,FY2025_Q4,Forecast/Guidance,0.381797162675192,2,True,False,persistent,full_mainpanel,cloud_platform_ads,0050d25ad1694badf57e73b7c8aa6c5da70eb919c78967c98c7d0ef53e13ffde,192,included_in_public_release,author_created_derived_post_extraction_card,not_included_mixed_public_or_provider_access,not_redistributed_no_rights_grant,withheld_hash_locator_only
7faacc1533b8598b2960,MSFT,FY2025_Q3,FY2025_Q4,a1b52e9e98360fdd21186e5c,ecfe9e0de5f062b28ddc3b5f,ledger_forward+shock_forward,event,Microsoft::More Personal Computing,LIMITS_REVENUE_OF,inventory,inventory,inventory_channel,negative,medium,0.9,True,,[212],explicit_tail,95b399af7edb7629ec28f066,FY2025_Q4,Forecast/Guidance,0.1908343561784603,3,True,False,persistent,full_mainpanel,cloud_platform_ads,437188c8d212311f83b9275b02ea7485c61744fe2e5ce4399ea685dfe2bcfd92,108,included_in_public_release,author_created_derived_post_extraction_card,not_included_mixed_public_or_provider_access,not_redistributed_no_rights_grant,withheld_hash_locator_only
4ae3f8f0e1dc6797d335,MU,FY2018_Q4,FY2019_Q1,e8b2daf289e44f5c7d9b48df,6bc46f03fe8a5d7e2cb6c1cf,ledger_forward+shock_forward,claim,Micron Technology::Cnbu,CONTRIBUTES_TO,supply,supply,supply_capacity,negative,medium,0.9,False,explicit,[75],explicit_segment,598edc84df8be0a63a884c94,FY2019_Q1,Forecast/Guidance,0.5167061611374407,1,True,False,unknown,full_mainpanel,semi_infra_tooling,0d5f36a57a442346a88b8b14329c33808db3747c70750e5562a5675c2b531a1e,107,included_in_public_release,author_created_derived_post_extraction_card,not_included_mixed_public_or_provider_access,not_redistributed_no_rights_grant,withheld_hash_locator_only
0f96452044dd227bf88e,MU,FY2018_Q4,FY2019_Q1,8bf3e5be634695aacef56827,6cbc59021b9314f0632985d2,ledger_forward+shock_forward,claim,Micron Technology::Sbu,CONTRIBUTES_TO,product_transition,product_transition,product_transition,mixed,medium,0.95,True,explicit,[27],explicit_segment,ae914856748421b090460e47,FY2019_Q1,Forecast/Guidance,0.1471563981042654,3,True,False,persistent,full_mainpanel,semi_infra_tooling,4af85f432af8f9d53e727356cbbfed821298348a761630b3c804037a11340d49,207,included_in_public_release,author_created_derived_post_extraction_card,not_included_mixed_public_or_provider_access,not_redistributed_no_rights_grant,withheld_hash_locator_only
700b2603b1d459084008,MU,FY2018_Q4,FY2019_Q1,6e031e9aa09d7fab81a39fa2,b9dc9999d187943d10e10bac,ledger_forward+shock_forward,claim,Micron Technology::Sbu,CONTRIBUTES_TO,product_transition,product_transition,product_transition,positive,medium,0.9,True,explicit,[25],explicit_segment,de2931004755a67fa6b885e3,FY2019_Q1,Forecast/Guidance,0.1471563981042654,3,True,False,persistent,full_mainpanel,semi_infra_tooling,3231b39dd29a8b7b058b4147d1d93dbd8c5578552f21c08ab7d14b8bf5f6f6c1,181,included_in_public_release,author_created_derived_post_extraction_card,not_included_mixed_public_or_provider_access,not_redistributed_no_rights_grant,withheld_hash_locator_only
298d2d4b1924533337d1,MU,FY2018_Q4,FY2019_Q1,543889750be9c6270de1c8d1,b111a13a854aa6afdb48d362,ledger_forward+shock_forward,claim,Micron Technology::Other,INCREASES_SPEND_ON,product_transition,product_transition,product_transition,positive,high,0.95,True,explicit,[72],explicit_segment,07f2fa23b0e9a25cf43a89e9,FY2019_Q1,Forecast/Guidance,,0,True,False,persistent,full_mainpanel,semi_infra_tooling,3a2b8394f81ed97b62287fb2b3c6fd1a3e936bf564755e5ba0fec739ecfa4222,138,included_in_public_release,author_created_derived_post_extraction_card,not_included_mixed_public_or_provider_access,not_redistributed_no_rights_grant,withheld_hash_locator_only
615b91acb2bd78d4c2c8,MU,FY2018_Q4,FY2019_Q1,43072fd42d85ba01fbf8c5bd,4602e28c789d315e3bf1297a,ledger_forward+shock_forward,claim,Micron Technology::Other,BOOSTS_REVENUE_OF,demand,demand,demand,positive,medium,0.95,False,explicit,[42],explicit_segment,5258728826d15689723d7913,FY2019_Q1,Forecast/Guidance,,0,True,False,unknown,full_mainpanel,semi_infra_tooling,5a2ea80f9c117bf96464538adba3a4ecac8fb59d14dd7d9ebeeb49267c3a8fe3,209,included_in_public_release,author_created_derived_post_extraction_card,not_included_mixed_public_or_provider_access,not_redistributed_no_rights_grant,withheld_hash_locator_only
7fec51561affdfb75f21,MU,FY2018_Q4,FY2019_Q1,876c79711c1ff95e03b7f57a,f384a3725f61a702c5462083,ledger_forward+shock_forward,claim,Micron Technology::Mbu,BOOSTS_REVENUE_OF,product_transition,product_transition,product_transition,positive,high,0.95,False,explicit,[16],explicit_segment,07894c19a1d52ed68f94c0c5,FY2019_Q1,Forecast/Guidance,0.2245260663507109,2,True,False,unknown,full_mainpanel,semi_infra_tooling,b058a5f694bde68e1aac06d77d46a2be63f7cd3230e5fe146e5982dc43ad4d5c,111,included_in_public_release,author_created_derived_post_extraction_card,not_included_mixed_public_or_provider_access,not_redistributed_no_rights_grant,withheld_hash_locator_only
038b47b16125cd9bdc52,MU,FY2018_Q4,FY2019_Q1,2e9933c52d022c7f73fc7642,0b60cdeec7871f3a3e1544d6,ledger_forward,event,UNKNOWN,LIMITS_REVENUE_OF,inventory,inventory,inventory_channel,negative,medium,1.0,False,,[91],unresolved,dc04cd2888bcbbe3b9772858,FY2019_Q1,Forecast/Guidance,,0,True,False,unknown,full_mainpanel,semi_infra_tooling,8194a848206776a3ce8e986395309e4fcdc287c747f77b344d21355b0638c199,127,included_in_public_release,author_created_derived_post_extraction_card,not_included_mixed_public_or_provider_access,not_redistributed_no_rights_grant,withheld_hash_locator_only
c6a88c95c0ef9b6ec34b,MU,FY2019_Q1,FY2019_Q2,32c790219571e654f0f71108,164c07b89cd3f633c58da7b8,ledger_forward+shock_forward,claim,Micron Technology::All Other,CONTRIBUTES_TO,supply,supply,supply_capacity,negative,high,0.9,True,explicit,[10],explicit_segment,c01d3d6c9699c1f743bef719,FY2019_Q2,Forecast/Guidance,0.0026538607354985467,5,True,False,persistent,full_mainpanel,semi_infra_tooling,6a6da132f28e79a282acbc98b7e315593599941628c0c251462602069adad917,181,included_in_public_release,author_created_derived_post_extraction_card,not_included_mixed_public_or_provider_access,not_redistributed_no_rights_grant,withheld_hash_locator_only
83d85667e6c3def7927a,MU,FY2019_Q1,FY2019_Q2,d68af92d013e016e9f5f57e5,0b372118fe619fcfcfeeeb97,ledger_forward+shock_forward,claim,Micron Technology::Sbu,DRIVES_DEMAND_FOR,demand,demand,demand,positive,medium,0.9,True,explicit,[19],explicit_segment,7e67df903643e21145662d49,FY2019_Q2,Forecast/Guidance,0.14444584860356374,3,True,False,persistent,full_mainpanel,semi_infra_tooling,253f61453c85a18e3a9b0a96da86e70134478f1120ab5ced8fa946bb00e2e5b9,93,included_in_public_release,author_created_derived_post_extraction_card,not_included_mixed_public_or_provider_access,not_redistributed_no_rights_grant,withheld_hash_locator_only
fa13eed8be99fd8aacab,MU,FY2019_Q1,FY2019_Q2,cc274f74b1ec7e96cc28c599,ee07d6f3fcd34ecfcecae082,ledger_forward+shock_forward,claim,Micron Technology::All Other,CONTRIBUTES_TO,inventory,inventory,inventory_channel,mixed,medium,0.8,True,explicit,[63],explicit_segment,984a85492e4d1a47d2f9c779,FY2019_Q2,Forecast/Guidance,0.0026538607354985467,5,True,False,persistent,full_mainpanel,semi_infra_tooling,00075ea7f74439d11fe5a45bb0b434c0389177f3911b08164c046a0bdbf3f2c0,115,included_in_public_release,author_created_derived_post_extraction_card,not_included_mixed_public_or_provider_access,not_redistributed_no_rights_grant,withheld_hash_locator_only
908f5d02df26d840e13f,MU,FY2019_Q1,FY2019_Q2,f82022e21bb16def44da3d94,4c3a61d6226a529ebd13ef58,ledger_forward,event,UNKNOWN,LIMITS_REVENUE_OF,supply,supply,supply_capacity,negative,medium,0.9,True,,[29],unresolved,dc04cd2888bcbbe3b9772858,FY2019_Q2,Realized/Reporting,,0,True,False,persistent,full_mainpanel,semi_infra_tooling,fe4efd41ab38ba1cf2d0190fcf3891b32fecbac4c6deec86eb1e5440cf500104,145,included_in_public_release,author_created_derived_post_extraction_card,not_included_mixed_public_or_provider_access,not_redistributed_no_rights_grant,withheld_hash_locator_only
1eec1b3e2110fb884f80,MU,FY2019_Q1,FY2019_Q2,0c3041de2402ecfff7409a72,c97b12fe0ec847f561d5ace0,ledger_forward,event,Micron Technology::Cnbu,LIMITS_REVENUE_OF,inventory,inventory,inventory_channel,negative,high,0.95,True,,[122],explicit_tail,4b333168f8fca9ce1186ba86,FY2019_Q2,Realized/Reporting,0.4554530519398458,1,True,False,persistent,full_mainpanel,semi_infra_tooling,05c3d2ce8b03c29b53b82c470c3ad1c082246bba0a7f42b03a3d12dcd09dfebb,144,included_in_public_release,author_created_derived_post_extraction_card,not_included_mixed_public_or_provider_access,not_redistributed_no_rights_grant,withheld_hash_locator_only
2dd9bec8edac2c6a9dc2,MU,FY2019_Q2,FY2019_Q3,2392163962db05770996279d,fc593d5f3261eb39bd7364ac,ledger_forward+shock_forward,claim,Micron Technology::All Other,CONTRIBUTES_TO,inventory,inventory,inventory_channel,positive,medium,0.95,True,explicit,[87],explicit_segment,261375d13f67e5d81be9d606,FY2019_Q3,Forecast/Guidance,0.0035989717223650387,5,True,False,persistent,full_mainpanel,semi_infra_tooling,07fa10bf793d0932fe5507d7fd958c694b1eaa95966320950d9d4f901375ca8e,161,included_in_public_release,author_created_derived_post_extraction_card,not_included_mixed_public_or_provider_access,not_redistributed_no_rights_grant,withheld_hash_locator_only
66819d97b30abf28344e,MU,FY2019_Q2,FY2019_Q3,10159925ba0c4e7198e50d08,ef1832563a12bbf4b99722e3,ledger_forward+shock_forward,claim,Micron Technology::All Other,CONTRIBUTES_TO,supply,supply,supply_capacity,positive,high,0.95,True,explicit,[94],explicit_segment,0883277a15e6d5dd8b75afda,FY2019_Q3,Forecast/Guidance,0.0035989717223650387,5,True,False,persistent,full_mainpanel,semi_infra_tooling,c1cea79d0c01f1f6eeeb1c5955d352b1d89fc02b951a236e993b7504f5eecf9c,165,included_in_public_release,author_created_derived_post_extraction_card,not_included_mixed_public_or_provider_access,not_redistributed_no_rights_grant,withheld_hash_locator_only
d9e0da20376e3a170730,MU,FY2019_Q2,FY2019_Q3,1084e562f8a024ae37294fbb,10a796113a25c9e91d505dbe,ledger_forward+shock_forward,event,Micron Technology::Cnbu,LIMITS_REVENUE_OF,supply,supply,supply_capacity,negative,medium,1.0,True,,[92],explicit_tail,4b333168f8fca9ce1186ba86,FY2019_Q3,Forecast/Guidance,0.40822622107969153,1,True,False,persistent,full_mainpanel,semi_infra_tooling,f32c3112cb4bb16c199117e292c108bb7d7d7c83054f668c27d8572951531428,122,included_in_public_release,author_created_derived_post_extraction_card,not_included_mixed_public_or_provider_access,not_redistributed_no_rights_grant,withheld_hash_locator_only
b8db03c1ab5535a9137a,MU,FY2019_Q2,FY2019_Q3,c5db940acb6eb813e06e39bf,dd874d5c92e8e1274a426bd7,ledger_forward+shock_forward,event,Micron Technology::Sbu,LIMITS_REVENUE_OF,supply,supply,supply_capacity,negative,medium,1.0,True,,[101],explicit_tail,df61a29927bda3a82da35179,FY2019_Q3,Forecast/Guidance,0.17514995715509854,3,True,False,persistent,full_mainpanel,semi_infra_tooling,7c84a832ed477bac6bcfe8ff75d570734f2e256a23ec6b4b715f82eb32979110,111,included_in_public_release,author_created_derived_post_extraction_card,not_included_mixed_public_or_provider_access,not_redistributed_no_rights_grant,withheld_hash_locator_only
b02bca7145ee8a8ab029,MU,FY2019_Q3,FY2019_Q4,85eebc05599c8641c44630f8,2c5ae0df19c547e5dfb713e4,ledger_forward+shock_forward,claim,Micron Technology::All Other,CONSTRAINS_PRODUCTION_OF,supply,supply,supply_capacity,negative,high,0.95,True,explicit,[22],explicit_segment,05c66878d05626ac076e48c3,FY2019_Q4,Forecast/Guidance,0.004594820384294068,5,True,False,persistent,full_mainpanel,semi_infra_tooling,37c030483e65f246e9ad925bbb975836edc02b62f913850a2873c5e6e9f2f440,254,included_in_public_release,author_created_derived_post_extraction_card,not_included_mixed_public_or_provider_access,not_redistributed_no_rights_grant,withheld_hash_locator_only
7d791889f969b8f59c8e,MU,FY2019_Q3,FY2019_Q4,e41ddc6afe9e27714bffbfe4,61f60b1d7ecf8ae1899462ab,ledger_forward+shock_forward,claim,Micron Technology::Mbu,BOOSTS_REVENUE_OF,product_transition,product_transition,product_transition,positive,medium,0.9,True,explicit,[16],explicit_segment,c3916ac73dae23833e89f8f4,FY2019_Q4,Forecast/Guidance,0.24519632414369255,2,True,False,persistent,full_mainpanel,semi_infra_tooling,068a19bf9ef0d9f9d94a093b01bd8587c280ed0f0d23fa14a66b4c1f5f67cde8,188,included_in_public_release,author_created_derived_post_extraction_card,not_included_mixed_public_or_provider_access,not_redistributed_no_rights_grant,withheld_hash_locator_only
7fa42287eea51543461a,MU,FY2019_Q3,FY2019_Q4,fa97565ec9136af8b279ecb7,66005b787f44f5ae891ee0d3,ledger_forward+shock_forward,claim,Micron Technology::Sbu,BOOSTS_REVENUE_OF,product_transition,product_transition,product_transition,positive,medium,0.9,True,explicit,[17],explicit_segment,c4d5e0aedb4fdec40d130720,FY2019_Q4,Forecast/Guidance,0.16979949874686717,3,True,False,persistent,full_mainpanel,semi_infra_tooling,10af85cc643c9f31b81a2ba678a7c04496ec20b67e91e8df8f0eeadcd081ef25,115,included_in_public_release,author_created_derived_post_extraction_card,not_included_mixed_public_or_provider_access,not_redistributed_no_rights_grant,withheld_hash_locator_only
c99b8a8b453872c38c20,MU,FY2019_Q3,FY2019_Q4,723c3c10b6872495dd4338da,492316731eba53d6559ca068,ledger_forward+shock_forward,event,Micron Technology::Cnbu,LIMITS_REVENUE_OF,regulation,regulation,regulation_macro,negative,high,1.0,True,,[103],explicit_tail,4b333168f8fca9ce1186ba86,FY2019_Q4,Forecast/Guidance,0.4342105263157895,1,True,False,persistent,full_mainpanel,semi_infra_tooling,aeb3fccec2c661f6fae23a4c20f3fb23c39ee800dc51ff4b8644c1666e4db10c,160,included_in_public_release,author_created_derived_post_extraction_card,not_included_mixed_public_or_provider_access,not_redistributed_no_rights_grant,withheld_hash_locator_only
fb4abab841550f261213,MU,FY2019_Q3,FY2019_Q4,56177a50aebbfae0725aa8a0,da0bcfcd15a4d1715c8b037f,ledger_forward+shock_forward,event,Micron Technology::All Other,LIMITS_REVENUE_OF,regulation,regulation,regulation_macro,negative,high,0.8,True,,[103],explicit_tail,241b9274f4d304b6d305e7c3,FY2019_Q4,Forecast/Guidance,0.004594820384294068,5,True,False,persistent,full_mainpanel,semi_infra_tooling,aeb3fccec2c661f6fae23a4c20f3fb23c39ee800dc51ff4b8644c1666e4db10c,160,included_in_public_release,author_created_derived_post_extraction_card,not_included_mixed_public_or_provider_access,not_redistributed_no_rights_grant,withheld_hash_locator_only
564c8ca304829da562e9,MU,FY2019_Q3,FY2019_Q4,0a4d42df39641c5d2e2ddc1e,d492823093e84a5f35a802e0,ledger_forward,event,UNKNOWN,LIMITS_REVENUE_OF,supply,supply,supply_capacity,negative,high,1.0,True,,[31],unresolved,dc04cd2888bcbbe3b9772858,FY2019_Q4,Forecast/Guidance,,0,True,False,persistent,full_mainpanel,semi_infra_tooling,37c030483e65f246e9ad925bbb975836edc02b62f913850a2873c5e6e9f2f440,254,included_in_public_release,author_created_derived_post_extraction_card,not_included_mixed_public_or_provider_access,not_redistributed_no_rights_grant,withheld_hash_locator_only
1d72ad0d94d81ef24ad2,MU,FY2019_Q4,FY2020_Q1,00f1b0f904823717118fb488,b68c0c9eb2c4a30d78206416,ledger_forward+shock_forward,claim,Micron Technology::Mbu,DRIVES_DEMAND_FOR,demand,demand,demand,positive,medium,1.0,True,explicit,[26],explicit_segment,0b676dcf53566195d3a0a069,FY2020_Q1,Forecast/Guidance,0.2887063655030801,2,True,False,persistent,full_mainpanel,semi_infra_tooling,cfb38a191acade1eb4b101efeae669cb150c11d8dcf2349b91263ef0ecb8aef8,137,included_in_public_release,author_created_derived_post_extraction_card,not_included_mixed_public_or_provider_access,not_redistributed_no_rights_grant,withheld_hash_locator_only
b077d3815746e87a6719,MU,FY2019_Q4,FY2020_Q1,64f7f69296828395ae27f205,af0b78343a5144f75fa1fdf2,ledger_forward,claim,UNKNOWN,DRIVES_DEMAND_FOR,demand,demand,demand,positive,medium,0.9,True,explicit,[93],unresolved,,FY2020_Q1,Forecast/Guidance,,0,True,False,persistent,full_mainpanel,semi_infra_tooling,4b9dcf144aef197ccc7944117417b7f06bc8419b1b0a6e94cd5e8459b763db10,41,included_in_public_release,author_created_derived_post_extraction_card,not_included_mixed_public_or_provider_access,not_redistributed_no_rights_grant,withheld_hash_locator_only
3bd0b0fe80648c1fdca4,MU,FY2019_Q4,FY2020_Q1,12aeb2c0e748aac5584f7213,5b8b1b2b7ce0f2d811e63ead,ledger_forward,event,UNKNOWN,LIMITS_REVENUE_OF,revenue_limit,other,revenue_boost_limit,negative,medium,1.0,True,,[152],unresolved,da5fa8ea7c99d09b043049fb,FY2020_Q1,Forecast/Guidance,,0,True,False,persistent,full_mainpanel,semi_infra_tooling,e012b01afec1c6d0b3c650bdd8fb6bb571df33a13afc68732416bd6dd6e35bb6,146,included_in_public_release,author_created_derived_post_extraction_card,not_included_mixed_public_or_provider_access,not_redistributed_no_rights_grant,withheld_hash_locator_only
64283b5234c03070c598,MU,FY2019_Q4,FY2020_Q1,a0f715e8d2ec699f8ce5da38,fd5a76b71d51d42de10ac3c8,ledger_forward,event,UNKNOWN,BOOSTS_REVENUE_OF,revenue_boost,other,revenue_boost_limit,positive,medium,1.0,True,,[192],unresolved,da5fa8ea7c99d09b043049fb,FY2020_Q1,Forecast/Guidance,,0,True,False,persistent,full_mainpanel,semi_infra_tooling,a1d01cea0fd270ae09c69fa9ef3c92a64bd6f22c1af99809011191e5a05ac0be,119,included_in_public_release,author_created_derived_post_extraction_card,not_included_mixed_public_or_provider_access,not_redistributed_no_rights_grant,withheld_hash_locator_only
33004064b59cde1df3ec,MU,FY2019_Q4,FY2020_Q1,a474a3c8b51325c3ef85ebbb,2c36c0fc9ec428e17ff5b4d4,ledger_forward,event,UNKNOWN,LIMITS_REVENUE_OF,product_transition,product_transition,product_transition,negative,medium,1.0,True,,[263],unresolved,da5fa8ea7c99d09b043049fb,FY2020_Q1,Forecast/Guidance,,0,True,False,persistent,full_mainpanel,semi_infra_tooling,fad0c06f6ee504145609ab8038469a653c2cd74332da2d8a36db829243303284,96,included_in_public_release,author_created_derived_post_extraction_card,not_included_mixed_public_or_provider_access,not_redistributed_no_rights_grant,withheld_hash_locator_only
f928a4bbcacf7027bcb3,MU,FY2019_Q4,FY2020_Q1,4f9090defaed7782e01589db,9d486266096096ee691ea681,ledger_forward,event,UNKNOWN,LIMITS_REVENUE_OF,supply,supply,supply_capacity,negative,medium,1.0,True,,[199],unresolved,da5fa8ea7c99d09b043049fb,FY2020_Q1,Forecast/Guidance,,0,True,False,persistent,full_mainpanel,semi_infra_tooling,ee0ab954fe44e81c02f2d0ef1810f7a515e10ee8934773b599c3d7a0fdfbaad0,171,included_in_public_release,author_created_derived_post_extraction_card,not_included_mixed_public_or_provider_access,not_redistributed_no_rights_grant,withheld_hash_locator_only
f48bc863769a060e8001,MU,FY2020_Q1,FY2020_Q2,741a1c77ddaa7ab1efc5f37c,263189dd44f6d22f36539cc6,ledger_forward,event,UNKNOWN,LIMITS_REVENUE_OF,supply,supply,supply_capacity,negative,medium,0.95,False,,[174],unresolved,dc04cd2888bcbbe3b9772858,FY2020_Q2,Forecast/Guidance,,0,True,False,unknown,full_mainpanel,semi_infra_tooling,844e176f986ffbc2d1ff081f877775f33a102ba9b5fea433bb247d8e3839dfdf,447,included_in_public_release,author_created_derived_post_extraction_card,not_included_mixed_public_or_provider_access,not_redistributed_no_rights_grant,withheld_hash_locator_only
f0c623f70f6ec855ae40,MU,FY2020_Q1,FY2020_Q2,860efb017c713530a5c2d215,12cc60d9ec4b6ddd90dff681,ledger_forward,event,UNKNOWN,LIMITS_REVENUE_OF,revenue_limit,other,revenue_boost_limit,negative,medium,0.95,False,,[174],unresolved,dc04cd2888bcbbe3b9772858,FY2020_Q2,Forecast/Guidance,,0,True,False,unknown,full_mainpanel,semi_infra_tooling,844e176f986ffbc2d1ff081f877775f33a102ba9b5fea433bb247d8e3839dfdf,447,included_in_public_release,author_created_derived_post_extraction_card,not_included_mixed_public_or_provider_access,not_redistributed_no_rights_grant,withheld_hash_locator_only
3f693f76acedd5c2f320,MU,FY2020_Q1,FY2020_Q2,9d5cf3ad4a1d8b557d5cc351,8a985a6aec5fe63e390fb0a0,ledger_forward,event,UNKNOWN,LIMITS_REVENUE_OF,pricing,pricing,pricing_margin,negative,medium,0.95,False,,[174],unresolved,dc04cd2888bcbbe3b9772858,FY2020_Q2,Forecast/Guidance,,0,True,False,unknown,full_mainpanel,semi_infra_tooling,a2d32d3fad39be29e1321a397437761071bef9b3de8a5b3073819cae16b1fefc,263,included_in_public_release,author_created_derived_post_extraction_card,not_included_mixed_public_or_provider_access,not_redistributed_no_rights_grant,withheld_hash_locator_only
de4e0edf84a22ebd2915,MU,FY2020_Q2,FY2020_Q3,1d8770c9c0e9b651fee3e639,10f33de954ddb51624b1fd54,ledger_forward,claim,Micron Technology::Sbu,DRIVES_DEMAND_FOR,demand,demand,demand,positive,high,0.95,True,explicit,[12],explicit_segment,a8bc05a74c134aeb5287d77a,FY2020_Q3,Realized/Reporting,0.1813633520950594,3,True,False,persistent,full_mainpanel,semi_infra_tooling,423e8a569042623fcdad302de11e0e5b8f5d18d12734bee128385114bd684dba,200,included_in_public_release,author_created_derived_post_extraction_card,not_included_mixed_public_or_provider_access,not_redistributed_no_rights_grant,withheld_hash_locator_only
6c735b0d083e63bc1979,MU,FY2020_Q2,FY2020_Q3,effdbf2609eb1621f059c1db,1889a9161d6354ea09b76545,ledger_forward,event,UNKNOWN,LIMITS_REVENUE_OF,regulation,regulation,regulation_macro,negative,medium,0.95,True,,[46],unresolved,dc04cd2888bcbbe3b9772858,FY2020_Q3,Realized/Reporting,,0,True,False,persistent,full_mainpanel,semi_infra_tooling,cd1c57fe86201d5aabbf9c09bed452c2cdd9c287301b185cce9b1e03d492dccc,161,included_in_public_release,author_created_derived_post_extraction_card,not_included_mixed_public_or_provider_access,not_redistributed_no_rights_grant,withheld_hash_locator_only
a01044846921feceb685,MU,FY2020_Q2,FY2020_Q3,73676de208e890a7b18dda95,c887b6901f0fc48f77cc0015,ledger_forward,event,Micron Technology::Sbu,LIMITS_REVENUE_OF,supply,supply,supply_capacity,negative,medium,0.98,True,,[48],explicit_tail,df61a29927bda3a82da35179,FY2020_Q3,Realized/Reporting,0.1813633520950594,3,True,False,persistent,full_mainpanel,semi_infra_tooling,88bea6526bd23bb5706e6cea24213bdff26102901024489da867068cf9d9e451,233,included_in_public_release,author_created_derived_post_extraction_card,not_included_mixed_public_or_provider_access,not_redistributed_no_rights_grant,withheld_hash_locator_only
5f6876ed6730c9b08e16,MU,FY2020_Q2,FY2020_Q3,47cf414ad09b815f3e9506e7,09c8e881632fee051ba161f7,ledger_forward,event,UNKNOWN,BOOSTS_REVENUE_OF,demand,demand,demand,positive,high,0.95,True,,[55],unresolved,dc04cd2888bcbbe3b9772858,FY2020_Q3,Forecast/Guidance,,0,True,False,persistent,full_mainpanel,semi_infra_tooling,fdef3b671737b40e0d7e0310038f771362126670f05516e2b0ce9b4ea004517c,213,included_in_public_release,author_created_derived_post_extraction_card,not_included_mixed_public_or_provider_access,not_redistributed_no_rights_grant,withheld_hash_locator_only
420792854837461bb6fa,MU,FY2020_Q3,FY2020_Q4,756941cb803a3a610c20d33b,2fe256aac8bb2f45ef9fa9a6,ledger_forward,claim,UNKNOWN,DRIVES_DEMAND_FOR,demand,demand,demand,positive,medium,0.85,True,explicit,[23],unresolved,,FY2020_Q4,Forecast/Guidance,,0,True,False,persistent,full_mainpanel,semi_infra_tooling,b6d7a660480b195ca902edd70e7e563a4899dca2ca13c91df3fb97215dcbd919,180,included_in_public_release,author_created_derived_post_extraction_card,not_included_mixed_public_or_provider_access,not_redistributed_no_rights_grant,withheld_hash_locator_only
116afcc9cd73268a500f,MU,FY2020_Q3,FY2020_Q4,7e4b5801fd94e65671889bf5,cdab7fbe1edf46fa4306a7c6,ledger_forward+shock_forward,claim,Micron Technology::Mbu,DRIVES_DEMAND_FOR,demand,demand,demand,positive,high,0.9,True,explicit,[20],explicit_segment,fd756a422140ff8a6a1fa1f3,FY2020_Q4,Forecast/Guidance,0.28043398308201545,2,True,False,persistent,full_mainpanel,semi_infra_tooling,5165cd0daeb6189d2ef09069402c0da27e851dba659896d381de02b433023e72,150,included_in_public_release,author_created_derived_post_extraction_card,not_included_mixed_public_or_provider_access,not_redistributed_no_rights_grant,withheld_hash_locator_only
0bc87ffdd8a73e3a350c,MU,FY2020_Q3,FY2020_Q4,62b4224044c909cb8c2d88c4,9c6b50af7258284bd3d2cdb5,ledger_forward,claim,Micron Technology::All Other,INCREASES_SPEND_ON,inventory,inventory,inventory_channel,unknown,low,0.8,False,explicit,[38],explicit_segment,dd7fee4f21c18270daaa9033,FY2020_Q4,Condition/External,0.0011033468186833395,5,True,False,unknown,full_mainpanel,semi_infra_tooling,4b3f64e9bd187b5b2537fa14a9dcefe6deb5ea29d5f0638a49fd6a5be3fb5d81,197,included_in_public_release,author_created_derived_post_extraction_card,not_included_mixed_public_or_provider_access,not_redistributed_no_rights_grant,withheld_hash_locator_only
39f856960a6e96312e38,MU,FY2020_Q3,FY2020_Q4,2c46197d3479f4dd6ff61dff,fa2e768177e6400de84953a9,ledger_forward,event,UNKNOWN,LIMITS_REVENUE_OF,regulation,regulation,regulation_macro,negative,medium,0.95,True,,[54],unresolved,dc04cd2888bcbbe3b9772858,FY2020_Q4,Forecast/Guidance,,0,True,False,persistent,full_mainpanel,semi_infra_tooling,07f71ab2db241eb61a38f7f4c924ae3c608d965f5ad1c4b5a257f64b2cc28242,86,included_in_public_release,author_created_derived_post_extraction_card,not_included_mixed_public_or_provider_access,not_redistributed_no_rights_grant,withheld_hash_locator_only
35fa0b90e8455fec3ac8,MU,FY2020_Q4,FY2021_Q1,27ebb8a0aa67daae712d0ef3,c7ffe2632ae86c2b36863319,ledger_forward+shock_forward,claim,Micron Technology::Mbu,SUPPORTS_REVENUE_OF,product_transition,product_transition,product_transition,positive,medium,0.9,True,explicit,[10],explicit_segment_with_path,33036759b92eb9bbe2ae75a6,FY2021_Q1,Forecast/Guidance,0.24141347424042273,2,True,False,persistent,full_mainpanel,semi_infra_tooling,1655b800d1bbb580dd2ee555c337ed7b281a4f3417fffbeb2705568674aa2c40,120,included_in_public_release,author_created_derived_post_extraction_card,not_included_mixed_public_or_provider_access,not_redistributed_no_rights_grant,withheld_hash_locator_only
39aa4c5f2a6c6e10ac9f,MU,FY2020_Q4,FY2021_Q1,16159efdadae26791dc414ca,04743876374922f37c43d1ff,ledger_forward+shock_forward,claim,Micron Technology::Mbu,SUPPORTS_REVENUE_OF,supply,supply,supply_capacity,positive,medium,0.9,True,explicit,[74],explicit_segment,f0e6fa2989663bdb16d1ccf3,FY2021_Q1,Forecast/Guidance,0.24141347424042273,2,True,False,persistent,full_mainpanel,semi_infra_tooling,a188f75bf38545330a955c76ba56c614740a828f451874c35b6fec7a109571ca,150,included_in_public_release,author_created_derived_post_extraction_card,not_included_mixed_public_or_provider_access,not_redistributed_no_rights_grant,withheld_hash_locator_only
45a3c358b7fe430e1a9c,MU,FY2020_Q4,FY2021_Q1,108d76bd16f105b56de3cd90,2b844c79554c5f21b9e27879,ledger_forward,claim,Micron Technology::Mbu,BOOSTS_REVENUE_OF,macro,macro,regulation_macro,positive,medium,0.95,True,explicit,[54],explicit_segment,142bd370080ea946cec304af,FY2021_Q1,Realized/Reporting,0.24141347424042273,2,True,False,persistent,full_mainpanel,semi_infra_tooling,62e455655fd37870e077e112194080cf958e0a0ac45374828605fdd27d167e13,89,included_in_public_release,author_created_derived_post_extraction_card,not_included_mixed_public_or_provider_access,not_redistributed_no_rights_grant,withheld_hash_locator_only
25dbb5be954286cb3a66,MU,FY2020_Q4,FY2021_Q1,3dc6b96b3963a8728461be32,a03a1b0bce1e4fae9cbcdbc6,ledger_forward+shock_forward,claim,Micron Technology::All Other,BOOSTS_REVENUE_OF,demand,demand,demand,positive,medium,0.9,True,explicit,[87],explicit_segment,702c805d16159c8ee2a5a513,FY2021_Q1,Forecast/Guidance,0.001155878467635403,5,True,False,persistent,full_mainpanel,semi_infra_tooling,2330f312af6be490512a4465a0b12e2c31e7be39e3605f77b7bda4fd9444bbeb,175,included_in_public_release,author_created_derived_post_extraction_card,not_included_mixed_public_or_provider_access,not_redistributed_no_rights_grant,withheld_hash_locator_only
f8e7c2607819caadac1e,MU,FY2020_Q4,FY2021_Q1,971c6a370e398217b9b8383e,ac96118e9fca7b8c63935d04,ledger_forward,event,UNKNOWN,LIMITS_REVENUE_OF,regulation,regulation,regulation_macro,negative,high,1.0,True,,[85],unresolved,dc04cd2888bcbbe3b9772858,FY2021_Q1,Forecast/Guidance,,0,True,False,persistent,full_mainpanel,semi_infra_tooling,f03224859b58d67dc72d1fb61adeee5f8fb5d0bd62d082824f4045e2e450c6de,124,included_in_public_release,author_created_derived_post_extraction_card,not_included_mixed_public_or_provider_access,not_redistributed_no_rights_grant,withheld_hash_locator_only
257e956682d88fe1ce62,MU,FY2020_Q4,FY2021_Q1,d052e546f60510887a6c01e6,bb509af9aaeb21924797b107,ledger_forward,event,UNKNOWN,LIMITS_REVENUE_OF,supply,supply,supply_capacity,negative,high,1.0,True,,[87],unresolved,dc04cd2888bcbbe3b9772858,FY2021_Q1,Forecast/Guidance,,0,True,False,persistent,full_mainpanel,semi_infra_tooling,8b5d486dd6d61338b9b84eea27c3bb2bcf2b186111415fca53a3a054dcc4dd47,126,included_in_public_release,author_created_derived_post_extraction_card,not_included_mixed_public_or_provider_access,not_redistributed_no_rights_grant,withheld_hash_locator_only
05d407dde2d43bf847fc,MU,FY2021_Q1,FY2021_Q2,285b95947bd0836317aa5150,3083a431e2562f7b03294108,ledger_forward+shock_forward,claim,Micron Technology::Mbu,DRIVES_DEMAND_FOR,demand,demand,demand,positive,high,1.0,True,explicit,[14],explicit_segment,e6b62d695698ba356fa9fb1c,FY2021_Q2,Forecast/Guidance,0.26000346440325656,2,True,False,persistent,full_mainpanel,semi_infra_tooling,5bd92d166de9da2e4323afef56e5fd5f8e1d13491ac87005dbcc8ffcb7b61d30,256,included_in_public_release,author_created_derived_post_extraction_card,not_included_mixed_public_or_provider_access,not_redistributed_no_rights_grant,withheld_hash_locator_only
c15c7450b812d3d2d5fc,MU,FY2021_Q1,FY2021_Q2,b2dae3c95e85f15c4717ab07,4c78d9833e15e93f6a7bd864,ledger_forward+shock_forward,claim,Micron Technology::Mbu,BOOSTS_REVENUE_OF,product_transition,product_transition,product_transition,positive,medium,1.0,False,explicit,[13],explicit_segment,72af644aa4dc24e5c30c24a5,FY2021_Q2,Forecast/Guidance,0.26000346440325656,2,True,False,unknown,full_mainpanel,semi_infra_tooling,45ce258545be167b94ba91f4cdec46c2e7597965ebf90cd4eef861536ca093b7,121,included_in_public_release,author_created_derived_post_extraction_card,not_included_mixed_public_or_provider_access,not_redistributed_no_rights_grant,withheld_hash_locator_only
a4e205c142c1248fbd1c,MU,FY2021_Q1,FY2021_Q2,5e128778501e58535d8e545a,a5a4d30df8aba002b3e6e247,ledger_forward+shock_forward,claim,Micron Technology::Cnbu,DRIVES_DEMAND_FOR,demand,demand,demand,positive,high,1.0,True,explicit,[39],explicit_segment,97178a4597a086873f753983,FY2021_Q2,Forecast/Guidance,0.44101853455742246,1,True,False,persistent,full_mainpanel,semi_infra_tooling,ad5484fc9578afa2714c3b58b56f0a749b606e7783d8904ece73be14f075ccb1,205,included_in_public_release,author_created_derived_post_extraction_card,not_included_mixed_public_or_provider_access,not_redistributed_no_rights_grant,withheld_hash_locator_only
777f199c618dd5637c18,MU,FY2021_Q1,FY2021_Q2,8e8e66771e9ab4135da4c2b9,9f095af43708fc34dfbc1607,ledger_forward+shock_forward,event,Micron Technology::Mbu,LIMITS_REVENUE_OF,supply,supply,supply_capacity,negative,medium,1.0,True,,[31],explicit_tail,c923f83fab2487127f431694,FY2021_Q2,Forecast/Guidance,0.26000346440325656,2,True,False,persistent,full_mainpanel,semi_infra_tooling,62bf5d9eaf10a7e47105eb75576016084d9e7baedbff482f123e045b3227ad30,209,included_in_public_release,author_created_derived_post_extraction_card,not_included_mixed_public_or_provider_access,not_redistributed_no_rights_grant,withheld_hash_locator_only
378cefe0d4fd56048e79,MU,FY2021_Q2,FY2021_Q3,872c82549c72dbfd12bdec09,ff59f5771c5679a76efb61a5,ledger_forward+shock_forward,claim,Micron Technology::All Other,DRIVES_DEMAND_FOR,demand,demand,demand,positive,high,1.0,True,explicit,[13],explicit_segment,41c5ca0a88843f748e745fe3,FY2021_Q3,Forecast/Guidance,0.0006414368184733803,5,True,False,persistent,full_mainpanel,semi_infra_tooling,a6bde84ca570255ce6fc9f49aa12435d668fb597112b685ec73b35cab6b61cde,169,included_in_public_release,author_created_derived_post_extraction_card,not_included_mixed_public_or_provider_access,not_redistributed_no_rights_grant,withheld_hash_locator_only
2aad48487a25dbbf1835,MU,FY2021_Q2,FY2021_Q3,bd576a2ea24389c51c16ba14,de4e0c3563c9fea36c6a5d99,ledger_forward+shock_forward,claim,Micron Technology::Cnbu,DRIVES_DEMAND_FOR,demand,demand,demand,positive,high,1.0,False,explicit,[12],explicit_segment,6e5b89c2997ce968e6554e0f,FY2021_Q3,Forecast/Guidance,0.4227068633739577,1,True,False,unknown,full_mainpanel,semi_infra_tooling,bbe47a3867d5189cbe7b27c03ce61ee5c3f02bd675e48a3aee709abf4b5cf472,176,included_in_public_release,author_created_derived_post_extraction_card,not_included_mixed_public_or_provider_access,not_redistributed_no_rights_grant,withheld_hash_locator_only
ea66b457caaa76e395a9,MU,FY2021_Q2,FY2021_Q3,01f620d6c305b5482f37caa0,84c4207ada90e1168f1dda19,ledger_forward+shock_forward,event,Micron Technology::All Other,BOOSTS_REVENUE_OF,revenue_boost,other,revenue_boost_limit,positive,medium,0.95,True,,[111],explicit_tail,241b9274f4d304b6d305e7c3,FY2021_Q3,Forecast/Guidance,0.0006414368184733803,5,True,False,persistent,full_mainpanel,semi_infra_tooling,3bfa4693992ec9c2f80db838ae66f2a8d7269ba7ac24cf822c36e7fbbfaf7c68,287,included_in_public_release,author_created_derived_post_extraction_card,not_included_mixed_public_or_provider_access,not_redistributed_no_rights_grant,withheld_hash_locator_only
0277e41964d5048df5ac,MU,FY2021_Q2,FY2021_Q3,4da22c8da797150b830c5980,0d57c0d218297449dc244687,ledger_forward,event,UNKNOWN,LIMITS_REVENUE_OF,macro,macro,regulation_macro,negative,medium,0.9,True,,[165],unresolved,dc04cd2888bcbbe3b9772858,FY2021_Q3,Forecast/Guidance,,0,True,False,persistent,full_mainpanel,semi_infra_tooling,509dbe5df255f1748f80fe36fbb5b9127db87a9476791a040d98bff80301df7a,196,included_in_public_release,author_created_derived_post_extraction_card,not_included_mixed_public_or_provider_access,not_redistributed_no_rights_grant,withheld_hash_locator_only
29ef277f0661886d6e6d,MU,FY2021_Q3,FY2021_Q4,f25fd8e89fe44b5828563932,103e3dd50f35394a01de9920,ledger_forward+shock_forward,claim,Micron Technology::Mbu,SUPPORTS_REVENUE_OF,product_transition,product_transition,product_transition,positive,medium,0.95,False,explicit,[23],explicit_segment_with_path,a7ad041ede104bbc938b719f,FY2021_Q4,Forecast/Guidance,0.26933441120991647,2,True,False,unknown,full_mainpanel,semi_infra_tooling,12e0c8bb22f6536fbb533febd0d98826d49aab45222de58a18f53240b955ae22,123,included_in_public_release,author_created_derived_post_extraction_card,not_included_mixed_public_or_provider_access,not_redistributed_no_rights_grant,withheld_hash_locator_only
4fc58a05f1267a6f324b,MU,FY2021_Q3,FY2021_Q4,c720ecccb78177f306edc82e,eb4006c2afdf8b9aae52b66f,ledger_forward+shock_forward,claim,Micron Technology::Mbu,DRIVES_DEMAND_FOR,demand,demand,demand,positive,high,0.95,True,explicit,[30],explicit_segment,e53d9f24c6fd923f0f64ddfb,FY2021_Q4,Forecast/Guidance,0.26933441120991647,2,True,False,persistent,full_mainpanel,semi_infra_tooling,7b7b53b5e35611e63c9a585dd08494f3b58f1904228b0e8625e79d0a30d0863f,198,included_in_public_release,author_created_derived_post_extraction_card,not_included_mixed_public_or_provider_access,not_redistributed_no_rights_grant,withheld_hash_locator_only
8bf673a86f2d7c79f2ba,MU,FY2021_Q3,FY2021_Q4,9725fe3acbe07127bcc4d88c,a354b6fd961d7726ae04243a,ledger_forward+shock_forward,claim,Micron Technology::Aebu,DRIVES_DEMAND_FOR,demand,demand,demand,positive,high,0.95,True,explicit,[31],explicit_segment,09c9e3589ed0e97bcabd3c3b,FY2021_Q4,Forecast/Guidance,,0,True,False,persistent,full_mainpanel,semi_infra_tooling,4295b413448773c0f3cda0cac5e470bb497ea5d43fb00957cc3d52e72bcd3241,66,included_in_public_release,author_created_derived_post_extraction_card,not_included_mixed_public_or_provider_access,not_redistributed_no_rights_grant,withheld_hash_locator_only
51d18464a14aa3c5298c,MU,FY2021_Q3,FY2021_Q4,12ebf2308236dc009020f3f2,a9e73b7cc60b1b256f51c641,ledger_forward+shock_forward,claim,Micron Technology::Aebu,CONSTRAINS_PRODUCTION_OF,supply,supply,supply_capacity,negative,medium,0.95,True,explicit,[32],explicit_segment,ead40ea010d368f056099e5b,FY2021_Q4,Forecast/Guidance,,0,True,False,persistent,full_mainpanel,semi_infra_tooling,a55b8c537b1349f3a66cb1aebf0402c81d0b75c863944ec9223b86939cd050c5,166,included_in_public_release,author_created_derived_post_extraction_card,not_included_mixed_public_or_provider_access,not_redistributed_no_rights_grant,withheld_hash_locator_only
3a88ff516250341af13b,MU,FY2021_Q3,FY2021_Q4,f9ef834ee6a936e7858d9ecb,d5b4c5653b1f85f08860131e,ledger_forward+shock_forward,claim,Micron Technology::Mbu,CONSTRAINS_PRODUCTION_OF,supply,product_transition,supply_capacity,negative,high,0.95,False,explicit,[26],explicit_segment,5d5fa926c64606d4a330bce9,FY2021_Q4,Forecast/Guidance,0.26933441120991647,2,True,False,unknown,full_mainpanel,semi_infra_tooling,a138c88c20962e2a84a0cf8e1686992122630fe95e82568b691695134e3df7d4,166,included_in_public_release,author_created_derived_post_extraction_card,not_included_mixed_public_or_provider_access,not_redistributed_no_rights_grant,withheld_hash_locator_only
ee04b5540cd3105cad91,MU,FY2021_Q3,FY2021_Q4,1b5ecff3b8010a5e9b56496a,700f612ef96db472eabfece2,ledger_forward,event,UNKNOWN,SUPPORTS_REVENUE_OF,product_transition,product_transition,product_transition,positive,medium,0.95,True,,[177],unresolved,da5fa8ea7c99d09b043049fb,FY2021_Q4,Forecast/Guidance,,0,True,False,persistent,full_mainpanel,semi_infra_tooling,f1ec01ae2bf9332f65d216bec09a098662c7213c9ce3ce713e0a4b2ae775c235,76,included_in_public_release,author_created_derived_post_extraction_card,not_included_mixed_public_or_provider_access,not_redistributed_no_rights_grant,withheld_hash_locator_only
f58d7052dbe77cb6d9b6,MU,FY2021_Q3,FY2021_Q4,5f1adcba318117998b889e6d,64093ce9c4301e1f5a086e66,ledger_forward,event,UNKNOWN,LIMITS_REVENUE_OF,supply,supply,supply_capacity,negative,medium,0.9,True,,[179],unresolved,da5fa8ea7c99d09b043049fb,FY2021_Q4,Forecast/Guidance,,0,True,False,persistent,full_mainpanel,semi_infra_tooling,aee1d4d07952d44d8b8c5590c4a24e768885fbeefc2bb9e53babe25b51b89379,82,included_in_public_release,author_created_derived_post_extraction_card,not_included_mixed_public_or_provider_access,not_redistributed_no_rights_grant,withheld_hash_locator_only
c755f2dd12a9a37ca963,MU,FY2021_Q3,FY2021_Q4,4063e8abb1f115d19493b216,c20df5f414afb89978acdef6,ledger_forward,event,UNKNOWN,BOOSTS_REVENUE_OF,pricing,pricing,pricing_margin,positive,high,0.95,True,,[176],unresolved,da5fa8ea7c99d09b043049fb,FY2021_Q4,Forecast/Guidance,,0,True,False,persistent,full_mainpanel,semi_infra_tooling,d9ee6a341088cc2619bc7528a64c096485444a1b639fa6b2515e3055b05f2846,116,included_in_public_release,author_created_derived_post_extraction_card,not_included_mixed_public_or_provider_access,not_redistributed_no_rights_grant,withheld_hash_locator_only
84b293f0bba90e3d70cd,MU,FY2021_Q4,FY2022_Q1,c6ac0f07de0fd882ab3cafec,b888aea650de5f71af877ed8,ledger_forward+shock_forward,claim,Micron Technology::All Other,CONSTRAINS_PRODUCTION_OF,supply,supply,supply_capacity,negative,medium,0.95,False,explicit,[79],explicit_segment,2704234e858125beac83ae70,FY2022_Q1,Forecast/Guidance,0.003021513173797438,5,True,False,unknown,full_mainpanel,semi_infra_tooling,1fa68100bec9d174b7623fe9ed389bc1afdaf41e77ba8ee0ceebb054ffc90533,143,included_in_public_release,author_created_derived_post_extraction_card,not_included_mixed_public_or_provider_access,not_redistributed_no_rights_grant,withheld_hash_locator_only
bffb454ba8fb1217af37,MU,FY2021_Q4,FY2022_Q1,2bce7882330772ae98d3c2fd,2a61428f7bfe2c9116799f5a,ledger_forward+shock_forward,claim,Micron Technology::Cnbu,BOOSTS_REVENUE_OF,product_transition,product_transition,product_transition,positive,medium,0.9,True,explicit,[26],explicit_segment,2ac8723d662604cf0f765302,FY2022_Q1,Forecast/Guidance,0.45854483925549916,1,True,False,persistent,full_mainpanel,semi_infra_tooling,94f8e5c667ab852c3cff47b62061e7a8ceaca6a36539ab7096f7239fbe3501e8,182,included_in_public_release,author_created_derived_post_extraction_card,not_included_mixed_public_or_provider_access,not_redistributed_no_rights_grant,withheld_hash_locator_only
cb8d10decc4bb7344435,MU,FY2021_Q4,FY2022_Q1,f32fc63e6d0e8fe88d3cbcb9,d615c98332466f195e8ecea6,ledger_forward+shock_forward,claim,Micron Technology::Mbu,DRIVES_DEMAND_FOR,demand,demand,demand,positive,high,0.95,True,explicit,[30],explicit_segment,b12f030b0419a6658ba36634,FY2022_Q1,Forecast/Guidance,0.22866811699299008,2,True,False,persistent,full_mainpanel,semi_infra_tooling,e5ff66d91938f85ff4b7f51650de1bb24f3138a1ac4c365e827a328c5b309ad3,228,included_in_public_release,author_created_derived_post_extraction_card,not_included_mixed_public_or_provider_access,not_redistributed_no_rights_grant,withheld_hash_locator_only
3b98b8a873b1e0d1dd6b,MU,FY2021_Q4,FY2022_Q1,fe99c430bc6f862342d1ac83,361526620cbae10bef7e9010,ledger_forward+shock_forward,event,Micron Technology::Cnbu,LIMITS_REVENUE_OF,supply,supply,supply_capacity,negative,medium,1.0,True,,[96],explicit_tail,4b333168f8fca9ce1186ba86,FY2022_Q1,Forecast/Guidance,0.45854483925549916,1,True,False,persistent,full_mainpanel,semi_infra_tooling,7436badb8dd65a88078c2916ef7df57b5858e440e72fd10d77fe25fe4df636a1,146,included_in_public_release,author_created_derived_post_extraction_card,not_included_mixed_public_or_provider_access,not_redistributed_no_rights_grant,withheld_hash_locator_only
5b3a1723c6ad90ca55bb,MU,FY2021_Q4,FY2022_Q1,94862499b0dcf52df6bb1718,b7b7bad6e4032ad896fa7db7,ledger_forward,event,UNKNOWN,LIMITS_REVENUE_OF,supply,supply,supply_capacity,negative,medium,1.0,True,,[233],unresolved,dc04cd2888bcbbe3b9772858,FY2022_Q1,Forecast/Guidance,,0,True,False,persistent,full_mainpanel,semi_infra_tooling,98a7fd9a2e687263514a94065575831461fa761a3fca0e43c0d631b714fece26,189,included_in_public_release,author_created_derived_post_extraction_card,not_included_mixed_public_or_provider_access,not_redistributed_no_rights_grant,withheld_hash_locator_only
a2af7d25e1e2ae0fb9bb,MU,FY2022_Q1,FY2022_Q2,1467d0d67c5c7b6ba4ca092e,6cb30efac19512034af4f3f1,ledger_forward+shock_forward,claim,Micron Technology::Sbu,BOOSTS_REVENUE_OF,demand,demand,demand,positive,medium,0.95,False,explicit,[38],explicit_segment,7acb32e0c098674c717ee200,FY2022_Q2,Forecast/Guidance,0.149603226226096,4,True,False,unknown,full_mainpanel,semi_infra_tooling,e72eb52ebad7155f9b8cfa697c421b55f175886d4b700e94e8de99ebcc8bb592,129,included_in_public_release,author_created_derived_post_extraction_card,not_included_mixed_public_or_provider_access,not_redistributed_no_rights_grant,withheld_hash_locator_only
789544c3f44b7349d18b,MU,FY2022_Q1,FY2022_Q2,485a271cf404f140a6d9177b,cb19fa35ab927cb56e34a191,ledger_forward+shock_forward,claim,Micron Technology::All Other,SUPPORTS_REVENUE_OF,supply,supply,supply_capacity,positive,medium,0.95,True,explicit,[57],explicit_segment,672442f3f97d42f37586155e,FY2022_Q2,Forecast/Guidance,0.0005203590477429426,5,True,False,persistent,full_mainpanel,semi_infra_tooling,1854ec407ef8b5d3dee5e218b992dfa04912070f6dad844bc8fb60ee46e33f17,137,included_in_public_release,author_created_derived_post_extraction_card,not_included_mixed_public_or_provider_access,not_redistributed_no_rights_grant,withheld_hash_locator_only
c1f5105180dc1c6fb88a,MU,FY2022_Q1,FY2022_Q2,45f5e503ca237c60e95ebc60,615e252b869a31bc3e22a839,ledger_forward+shock_forward,event,Micron Technology::Cnbu,LIMITS_REVENUE_OF,supply,supply,supply_capacity,negative,high,1.0,True,,[56],explicit_tail,4b333168f8fca9ce1186ba86,FY2022_Q2,Forecast/Guidance,0.44308572915311567,1,True,False,persistent,full_mainpanel,semi_infra_tooling,419fcb13ecae027510b71c60854cf1a13c6700c7d55d1225de19f77342ce2b5f,223,included_in_public_release,author_created_derived_post_extraction_card,not_included_mixed_public_or_provider_access,not_redistributed_no_rights_grant,withheld_hash_locator_only
b8fa85384ed65a9c342d,MU,FY2022_Q1,FY2022_Q2,35631a4e72d1a93249381807,0673122356da14f8f2a7a9f3,ledger_forward+shock_forward,event,Micron Technology::Cnbu,LIMITS_REVENUE_OF,inventory,inventory,inventory_channel,negative,medium,1.0,True,,[56],explicit_tail,4b333168f8fca9ce1186ba86,FY2022_Q2,Forecast/Guidance,0.44308572915311567,1,True,False,persistent,full_mainpanel,semi_infra_tooling,419fcb13ecae027510b71c60854cf1a13c6700c7d55d1225de19f77342ce2b5f,223,included_in_public_release,author_created_derived_post_extraction_card,not_included_mixed_public_or_provider_access,not_redistributed_no_rights_grant,withheld_hash_locator_only
260e54ee4aa0af3b6f30,MU,FY2022_Q1,FY2022_Q2,a5b7cd861f8813f971c640bc,b57e036c079dcbdb6177e7c7,ledger_forward,event,UNKNOWN,BOOSTS_REVENUE_OF,supply,supply,supply_capacity,positive,high,1.0,True,,[94],unresolved,da5fa8ea7c99d09b043049fb,FY2022_Q2,Forecast/Guidance,,0,True,False,persistent,full_mainpanel,semi_infra_tooling,b6ee8f2c5431134c7b3a33f418621093f3dec699c7f9a17909ca144f320c208d,248,included_in_public_release,author_created_derived_post_extraction_card,not_included_mixed_public_or_provider_access,not_redistributed_no_rights_grant,withheld_hash_locator_only
2311724d389793b70aeb,MU,FY2022_Q2,FY2022_Q3,7a76ac8a5aabbbcd5942a30f,9af1fe05a166679af6e511c8,ledger_forward+shock_forward,claim,Micron Technology::All Other,DRIVES_DEMAND_FOR,demand,demand,demand,positive,high,0.9,True,explicit,[3],explicit_segment,72b161f96e0f2e2bc59a3a86,FY2022_Q3,Forecast/Guidance,0.00025687130747495504,5,True,False,persistent,full_mainpanel,semi_infra_tooling,ac0b1371c72c134a5cdc46b4bfc8a1fe1230463689cd2d5e712749ee9c1b3ea1,194,included_in_public_release,author_created_derived_post_extraction_card,not_included_mixed_public_or_provider_access,not_redistributed_no_rights_grant,withheld_hash_locator_only
9c89137a9f30ed1ad326,MU,FY2022_Q2,FY2022_Q3,de65961126ebae42d42f4c2b,b386217b85bfc3615d77afd7,ledger_forward+shock_forward,claim,Micron Technology::All Other,BOOSTS_REVENUE_OF,product_transition,product_transition,product_transition,positive,high,0.95,True,explicit,[3],explicit_segment,cfe59fe0ee0693fc8215b23a,FY2022_Q3,Forecast/Guidance,0.00025687130747495504,5,True,False,persistent,full_mainpanel,semi_infra_tooling,3dc5d33a3a89056208f52a3c6c7df2e26af1eeb2dc27cb7782f8979bb5ee0aee,250,included_in_public_release,author_created_derived_post_extraction_card,not_included_mixed_public_or_provider_access,not_redistributed_no_rights_grant,withheld_hash_locator_only
fd558024b557db0ea9de,MU,FY2022_Q2,FY2022_Q3,f396777e4051bb406bcf8cca,560cbc07b873e9b2efcba4cd,ledger_forward+shock_forward,claim,Micron Technology::Aebu,DRIVES_DEMAND_FOR,demand,demand,demand,positive,high,0.95,True,explicit,[3],explicit_segment,bb7eaddda2941859ac6eac4b,FY2022_Q3,Forecast/Guidance,,0,True,False,persistent,full_mainpanel,semi_infra_tooling,9b0e892599f39272db1858fb2019663c526924b704180585154c4324e3fa991f,126,included_in_public_release,author_created_derived_post_extraction_card,not_included_mixed_public_or_provider_access,not_redistributed_no_rights_grant,withheld_hash_locator_only
4fed07dfee1d5d274a5c,MU,FY2022_Q2,FY2022_Q3,903d1c04f03284a2362b77f5,b48471e9c3084f712f139558,ledger_forward+shock_forward,event,Micron Technology::All Other,LIMITS_REVENUE_OF,macro,macro,regulation_macro,negative,medium,1.0,True,,[147],explicit_tail,241b9274f4d304b6d305e7c3,FY2022_Q3,Forecast/Guidance,0.00025687130747495504,5,True,False,persistent,full_mainpanel,semi_infra_tooling,2ebbb3f035f2273d217f1a9257a9ea7991e8f814e4ae3755046cf2db4641a2c7,157,included_in_public_release,author_created_derived_post_extraction_card,not_included_mixed_public_or_provider_access,not_redistributed_no_rights_grant,withheld_hash_locator_only
85de7b934214e09f6641,MU,FY2022_Q2,FY2022_Q3,e2359c1a41c17069700125cf,db066d641126981c3e91ae01,ledger_forward+shock_forward,event,Micron Technology::All Other,LIMITS_REVENUE_OF,supply,supply,supply_capacity,negative,medium,1.0,True,,[147],explicit_tail,241b9274f4d304b6d305e7c3,FY2022_Q3,Forecast/Guidance,0.00025687130747495504,5,True,False,persistent,full_mainpanel,semi_infra_tooling,2ebbb3f035f2273d217f1a9257a9ea7991e8f814e4ae3755046cf2db4641a2c7,157,included_in_public_release,author_created_derived_post_extraction_card,not_included_mixed_public_or_provider_access,not_redistributed_no_rights_grant,withheld_hash_locator_only
0f01231f1736c6ec09d1,MU,FY2022_Q2,FY2022_Q3,6dba4b4cf0567151da6471c1,b5a183c0c36c02291df0b2d2,ledger_forward+shock_forward,event,Micron Technology::All Other,LIMITS_REVENUE_OF,product_transition,product_transition,product_transition,negative,low,1.0,True,,[189],explicit_tail,241b9274f4d304b6d305e7c3,FY2022_Q3,Forecast/Guidance,0.00025687130747495504,5,True,False,persistent,full_mainpanel,semi_infra_tooling,118c551ee61fb2b5998d0d58ccefabd9f98bf1c6b50983f0fab0f187001f1ae3,169,included_in_public_release,author_created_derived_post_extraction_card,not_included_mixed_public_or_provider_access,not_redistributed_no_rights_grant,withheld_hash_locator_only
c52c25ef4159be071cf4,MU,FY2022_Q3,FY2022_Q4,3f00aa89016324161eb22115,e4013822932b85689233fe39,ledger_forward+shock_forward,claim,Micron Technology::All Other,CONSTRAINS_PRODUCTION_OF,supply,demand,demand,negative,medium,1.0,True,explicit,[15],explicit_segment,7ea30e125e86d009d569edf5,FY2022_Q4,Forecast/Guidance,0.0004628558204119417,5,True,False,persistent,full_mainpanel,semi_infra_tooling,d368a5a81dbb2fcb217c0d4e510ef83b29838d279c8af9fecb9998e695e45ec2,120,included_in_public_release,author_created_derived_post_extraction_card,not_included_mixed_public_or_provider_access,not_redistributed_no_rights_grant,withheld_hash_locator_only
aa5b96b20ee638005123,MU,FY2022_Q3,FY2022_Q4,47c8787dd60278e8b0503f53,7472191887834a6bf5ffd381,ledger_forward+shock_forward,claim,Micron Technology::Cnbu,BOOSTS_REVENUE_OF,product_transition,product_transition,product_transition,positive,medium,1.0,True,explicit,[13],explicit_segment,64d527f46dcc85bc41e6717b,FY2022_Q4,Forecast/Guidance,0.4507058551261282,1,True,False,persistent,full_mainpanel,semi_infra_tooling,4f8efec08105ca6cf4a7598e49cecaaf4a07ab242b73c70666cbe79497ade076,118,included_in_public_release,author_created_derived_post_extraction_card,not_included_mixed_public_or_provider_access,not_redistributed_no_rights_grant,withheld_hash_locator_only
7d4213b45b17b5edb8b2,MU,FY2022_Q3,FY2022_Q4,f5c384d74080b54104aa913f,c2b86a665b9c49334b4e73d2,ledger_forward+shock_forward,claim,Micron Technology::All Other,CONSTRAINS_PRODUCTION_OF,supply,inventory,supply_capacity,negative,high,1.0,True,explicit,[31],explicit_segment,cc9441f5d7dd8505fac46323,FY2022_Q4,Forecast/Guidance,0.0004628558204119417,5,True,False,persistent,full_mainpanel,semi_infra_tooling,c5a31220016ab8b1f88ab603e42af9ca72a9574ab6c37d86d14905e5a54e922d,314,included_in_public_release,author_created_derived_post_extraction_card,not_included_mixed_public_or_provider_access,not_redistributed_no_rights_grant,withheld_hash_locator_only
4718d45e9f3414f67b8c,MU,FY2022_Q3,FY2022_Q4,a0077a511d5d4207e895f324,702fc4f195f17bcb61038de4,ledger_forward+shock_forward,claim,Micron Technology::Unallocated,INCREASES_SPEND_ON,supply,supply,supply_capacity,negative,medium,1.0,True,explicit,[35],explicit_segment,08e9aa00282e62993bc5c945,FY2022_Q4,Forecast/Guidance,,0,True,False,persistent,full_mainpanel,semi_infra_tooling,c1eb9b116e1694d9b06b108e787b0fbe17b57a9647f71ea0fe8dcc19b3cb0e1d,196,included_in_public_release,author_created_derived_post_extraction_card,not_included_mixed_public_or_provider_access,not_redistributed_no_rights_grant,withheld_hash_locator_only
58bbc2912930c814eb6e,MU,FY2022_Q3,FY2022_Q4,1fadc4353b48689d21f19e22,79c1c4ee9c4739cceb61a2c7,ledger_forward+shock_forward,claim,Micron Technology::All Other,SUPPORTS_REVENUE_OF,inventory,inventory,inventory_channel,positive,medium,1.0,True,explicit,[34],explicit_segment,147fa9aa892ad3a212310761,FY2022_Q4,Forecast/Guidance,0.0004628558204119417,5,True,False,persistent,full_mainpanel,semi_infra_tooling,3fd7a64e3c65403ab131c0b5566e7b3fe118933eed828187da9d7127aa1ca1b2,173,included_in_public_release,author_created_derived_post_extraction_card,not_included_mixed_public_or_provider_access,not_redistributed_no_rights_grant,withheld_hash_locator_only
1048781af9021559c60e,MU,FY2022_Q3,FY2022_Q4,e059e7c0397d1626be6cb55b,7ff3fa4558956f7f716d8c82,ledger_forward,event,UNKNOWN,LIMITS_REVENUE_OF,supply,supply,supply_capacity,negative,medium,1.0,True,,[87],unresolved,da5fa8ea7c99d09b043049fb,FY2022_Q4,Forecast/Guidance,,0,True,False,persistent,full_mainpanel,semi_infra_tooling,77ec587625cff1bad32cd9e2277bdcad497902fc4d49d9ec6249045964b5f6d2,186,included_in_public_release,author_created_derived_post_extraction_card,not_included_mixed_public_or_provider_access,not_redistributed_no_rights_grant,withheld_hash_locator_only
cdc7cbf15c38c00d8a07,MU,FY2022_Q3,FY2022_Q4,914064452f3459bceafd7d30,a44111631f1a06a71abe03e7,ledger_forward,event,UNKNOWN,LIMITS_REVENUE_OF,demand,demand,demand,negative,medium,1.0,True,,[24],unresolved,da5fa8ea7c99d09b043049fb,FY2022_Q4,Forecast/Guidance,,0,True,False,persistent,full_mainpanel,semi_infra_tooling,d368a5a81dbb2fcb217c0d4e510ef83b29838d279c8af9fecb9998e695e45ec2,120,included_in_public_release,author_created_derived_post_extraction_card,not_included_mixed_public_or_provider_access,not_redistributed_no_rights_grant,withheld_hash_locator_only
51ca62f4ac9afbe49160,MU,FY2022_Q3,FY2022_Q4,73680c8eda993be893cf2dc9,46f2c019e463a4469b63c3fc,ledger_forward,event,UNKNOWN,LIMITS_REVENUE_OF,macro,macro,regulation_macro,negative,high,1.0,True,,[258],unresolved,da5fa8ea7c99d09b043049fb,FY2022_Q4,Forecast/Guidance,,0,True,False,persistent,full_mainpanel,semi_infra_tooling,51d6ba454dad619e040fcc1a568c20da559b358ed8f8d2dacfebca98715733db,166,included_in_public_release,author_created_derived_post_extraction_card,not_included_mixed_public_or_provider_access,not_redistributed_no_rights_grant,withheld_hash_locator_only
8eb3791ed554b97b474b,MU,FY2022_Q4,FY2023_Q1,541727da1ab82d02e8e67f50,930cfefb1311378a38c91d03,ledger_forward+shock_forward,claim,Micron Technology::All Other,BOOSTS_REVENUE_OF,product_transition,product_transition,product_transition,positive,high,0.9,True,explicit,[19],explicit_segment,d4400076fb4eb6453fe7c838,FY2023_Q1,Forecast/Guidance,0.001053740779768177,5,True,False,persistent,full_mainpanel,semi_infra_tooling,d3acf6675f8a4eed56cd9ad7500f8430a09684cc48133534e8a33aa2152b2cfa,123,included_in_public_release,author_created_derived_post_extraction_card,not_included_mixed_public_or_provider_access,not_redistributed_no_rights_grant,withheld_hash_locator_only
4df00d0498c21d1223e9,MU,FY2022_Q4,FY2023_Q1,1f6e3770492e872dd70fe2f0,d1e88a7905500a55cfc87fe0,ledger_forward+shock_forward,claim,Micron Technology::Mbu,INCREASES_SPEND_ON,other,other,other,positive,high,0.85,True,explicit,[23],explicit_segment,af6163211cc9b0a9125180d6,FY2023_Q1,Forecast/Guidance,0.2274574740328165,2,True,False,persistent,full_mainpanel,semi_infra_tooling,3574d7f55750fc98b9df7946fcbd0ac49c19fdb00137dd4cbc71f6ab0f28099b,89,included_in_public_release,author_created_derived_post_extraction_card,not_included_mixed_public_or_provider_access,not_redistributed_no_rights_grant,withheld_hash_locator_only
4def81cee3154cb38fda,MU,FY2022_Q4,FY2023_Q1,27b4c18f20d1165d3fed410e,f02b073605c23df3bcad9b15,ledger_forward+shock_forward,claim,Micron Technology::All Other,CONSTRAINS_PRODUCTION_OF,supply,supply,supply_capacity,negative,high,0.95,True,explicit,[14],explicit_segment,39fd7c36b5199f5870fba6f2,FY2023_Q1,Forecast/Guidance,0.001053740779768177,5,True,False,persistent,full_mainpanel,semi_infra_tooling,8b3b1408129934039fe853f7796defb162d2b04cf1ec2ec273c135fd1b22660d,169,included_in_public_release,author_created_derived_post_extraction_card,not_included_mixed_public_or_provider_access,not_redistributed_no_rights_grant,withheld_hash_locator_only
b285e03a8e540e4fdae4,MU,FY2022_Q4,FY2023_Q1,8a3b00e5d21e1321add54acc,1eecda40f4bb9e5eac36fee6,ledger_forward,event,UNKNOWN,LIMITS_REVENUE_OF,supply,supply,supply_capacity,negative,medium,1.0,True,,[208],unresolved,681fd97b9392c5811a8cd490,FY2023_Q1,Forecast/Guidance,,0,True,False,persistent,full_mainpanel,semi_infra_tooling,2bcc1c74326235683e4f0683ad873c0aba6e07a74f3f4b35b4a7a4229c39afbd,119,included_in_public_release,author_created_derived_post_extraction_card,not_included_mixed_public_or_provider_access,not_redistributed_no_rights_grant,withheld_hash_locator_only
000759e3bdb34ec1295a,MU,FY2022_Q4,FY2023_Q1,adddd356773336078ef0403b,fd564c7b28c865a0d6ea3bc5,ledger_forward,event,UNKNOWN,LIMITS_REVENUE_OF,macro,macro,regulation_macro,negative,medium,1.0,True,,[166],unresolved,681fd97b9392c5811a8cd490,FY2023_Q1,Forecast/Guidance,,0,True,False,persistent,full_mainpanel,semi_infra_tooling,28d452f6422289bfeb9183995f44920fecb2f96cf46b5222e25e3a2295252990,99,included_in_public_release,author_created_derived_post_extraction_card,not_included_mixed_public_or_provider_access,not_redistributed_no_rights_grant,withheld_hash_locator_only
fbb549210a14ae5ac0ac,MU,FY2022_Q4,FY2023_Q1,fcdec0560ba86926db0c5201,3742333e943e2ecf7c5a71c3,ledger_forward,event,UNKNOWN,LIMITS_REVENUE_OF,demand,demand,demand,negative,high,1.0,True,,[165],unresolved,681fd97b9392c5811a8cd490,FY2023_Q1,Forecast/Guidance,,0,True,False,persistent,full_mainpanel,semi_infra_tooling,36333962147fe8af1c7daf14a55a35ce48bd9bacd18856bc0360f4173074b075,145,included_in_public_release,author_created_derived_post_extraction_card,not_included_mixed_public_or_provider_access,not_redistributed_no_rights_grant,withheld_hash_locator_only
5f98be3a2d4d3d7b439d,MU,FY2023_Q1,FY2023_Q2,7b19ec573182b72915eab570,f9821d3346f051e0d0b5235b,ledger_forward+shock_forward,claim,Micron Technology::All Other,DRIVES_DEMAND_FOR,demand,inventory,demand,negative,medium,1.0,True,explicit,[9],explicit_segment,f45cfd5bde8224617a0cb1d4,FY2023_Q2,Forecast/Guidance,0.0009791921664626683,5,True,False,persistent,full_mainpanel,semi_infra_tooling,90861415c0bdd7a7c61beeae83d185a384769f60c33b50505b6850d4688c1489,197,included_in_public_release,author_created_derived_post_extraction_card,not_included_mixed_public_or_provider_access,not_redistributed_no_rights_grant,withheld_hash_locator_only
dea1389fe37e1916b030,MU,FY2023_Q1,FY2023_Q2,c74fa05040e5c4160d36ff06,41d9ed8039856d0581298e38,ledger_forward+shock_forward,claim,Micron Technology::Ebu,DRIVES_DEMAND_FOR,demand,demand,demand,positive,medium,1.0,True,explicit,[9],explicit_segment,958afff3f1485ec4d3a136be,FY2023_Q2,Forecast/Guidance,0.24479804161566707,2,True,False,persistent,full_mainpanel,semi_infra_tooling,513e7d906ff8052ce1c18088dc2da6899194329b750c4d7ca0c0c713601a8e5b,228,included_in_public_release,author_created_derived_post_extraction_card,not_included_mixed_public_or_provider_access,not_redistributed_no_rights_grant,withheld_hash_locator_only
d0e77386b0e8162f2f30,MU,FY2023_Q1,FY2023_Q2,a48330c626c110a59fa32b56,02264d776ee7502ec203b4b5,ledger_forward,event,UNKNOWN,BOOSTS_REVENUE_OF,revenue_boost,other,revenue_boost_limit,positive,medium,1.0,False,,[146],unresolved,da5fa8ea7c99d09b043049fb,FY2023_Q2,Forecast/Guidance,,0,True,False,unknown,full_mainpanel,semi_infra_tooling,7f26a158f0d1ac0abe4843df96199949dd12322d64bae2eac619d861e6f43bc1,144,included_in_public_release,author_created_derived_post_extraction_card,not_included_mixed_public_or_provider_access,not_redistributed_no_rights_grant,withheld_hash_locator_only
1319e01df501e0ec9e44,MU,FY2023_Q1,FY2023_Q2,42e9b25daf37f8b48e102495,0c3916c9af600ea86e825d03,ledger_forward,event,UNKNOWN,LIMITS_REVENUE_OF,supply,supply,supply_capacity,negative,high,1.0,False,,[149],unresolved,da5fa8ea7c99d09b043049fb,FY2023_Q2,Forecast/Guidance,,0,True,False,unknown,full_mainpanel,semi_infra_tooling,d9df4f41371ac789c7c2843afe63dfcb81abf7fe1d9cb4809e4c51224c151e76,190,included_in_public_release,author_created_derived_post_extraction_card,not_included_mixed_public_or_provider_access,not_redistributed_no_rights_grant,withheld_hash_locator_only
1c18f73fb0d366f2427b,MU,FY2023_Q2,FY2023_Q3,e86749766273e70ec3269399,7ae4515c0614411f730fb2cf,ledger_forward+shock_forward,claim,Micron Technology::All Other,LIMITS_REVENUE_OF,supply,supply,supply_capacity,negative,medium,0.9,True,explicit,[44],explicit_segment,05c66878d05626ac076e48c3,FY2023_Q3,Forecast/Guidance,0.00027078256160303275,5,True,False,persistent,full_mainpanel,semi_infra_tooling,6696fa9f1de00cede8f4612829c7f26d5e7b68a28eecbbf8a0ca3a66df9808c7,112,included_in_public_release,author_created_derived_post_extraction_card,not_included_mixed_public_or_provider_access,not_redistributed_no_rights_grant,withheld_hash_locator_only
f60bff2d8182a05c42e1,MU,FY2023_Q2,FY2023_Q3,1a84d449de58ff1526e9dfc1,fb9e934ee04466a6843de189,ledger_forward+shock_forward,claim,Micron Technology::All Other,SUPPORTS_REVENUE_OF,inventory,inventory,inventory_channel,positive,medium,0.95,True,explicit,[44],explicit_segment,5ddee08ac7679aeee0609cc1,FY2023_Q3,Forecast/Guidance,0.00027078256160303275,5,True,False,persistent,full_mainpanel,semi_infra_tooling,a616554e383ba858b32bdf7380167b39d4fc99ccf88bb6abab33d06aeb5d83fb,55,included_in_public_release,author_created_derived_post_extraction_card,not_included_mixed_public_or_provider_access,not_redistributed_no_rights_grant,withheld_hash_locator_only
62e65a8eb64502702d53,MU,FY2023_Q2,FY2023_Q3,1f351e0293f865c4add0527a,9e2c804721c889f678b095e5,ledger_forward+shock_forward,claim,Micron Technology::Cnbu,DRIVES_DEMAND_FOR,demand,demand,demand,positive,high,0.95,True,explicit,[20],explicit_segment,4489431909a6d677a845a2c0,FY2023_Q3,Forecast/Guidance,0.37232602220417005,1,True,False,persistent,full_mainpanel,semi_infra_tooling,c4b959133ad0bc05932b644e5a65ea837d1c0791a2aac521a5f62098503d5fec,128,included_in_public_release,author_created_derived_post_extraction_card,not_included_mixed_public_or_provider_access,not_redistributed_no_rights_grant,withheld_hash_locator_only
fe019b40686ba744c76e,MU,FY2023_Q2,FY2023_Q3,8eab3720016ceeb5bc780164,36fa2a4e96b6c1177e3e4979,ledger_forward,event,UNKNOWN,BOOSTS_REVENUE_OF,supply,supply,supply_capacity,positive,high,0.95,True,,[194],unresolved,dc04cd2888bcbbe3b9772858,FY2023_Q3,Forecast/Guidance,,0,True,False,persistent,full_mainpanel,semi_infra_tooling,f3b22cb93eb19746d43bab06d192a06a9a7e9cb2deabf2b66e6cce22e3d39f6c,222,included_in_public_release,author_created_derived_post_extraction_card,not_included_mixed_public_or_provider_access,not_redistributed_no_rights_grant,withheld_hash_locator_only
ab50bc00cd38f8912a48,MU,FY2023_Q2,FY2023_Q3,78a541fac675adffa8e1bd03,f10c7cc723ba9830108368e5,ledger_forward+shock_forward,event,Micron Technology::Cnbu,BOOSTS_REVENUE_OF,inventory,inventory,inventory_channel,positive,high,0.98,True,,[44],explicit_tail,4b333168f8fca9ce1186ba86,FY2023_Q3,Forecast/Guidance,0.37232602220417005,1,True,False,persistent,full_mainpanel,semi_infra_tooling,5ec518ba37b335c3012e4f465bed4b0eb65548133246e933dd264a819d7452f5,217,included_in_public_release,author_created_derived_post_extraction_card,not_included_mixed_public_or_provider_access,not_redistributed_no_rights_grant,withheld_hash_locator_only
529e36b41e2f7d8390aa,MU,FY2023_Q2,FY2023_Q3,a3c822da1f7cc3e88982b8a7,9eb02ebd275dd2afd0ca0864,ledger_forward,event,UNKNOWN,LIMITS_REVENUE_OF,inventory,inventory,inventory_channel,negative,high,0.98,True,,[153],unresolved,dc04cd2888bcbbe3b9772858,FY2023_Q3,Forecast/Guidance,,0,True,False,persistent,full_mainpanel,semi_infra_tooling,350c4bb0253680e912b9326bd42eb3c1f8092e7e1d5237e2c0eddfb5ea9c98fc,151,included_in_public_release,author_created_derived_post_extraction_card,not_included_mixed_public_or_provider_access,not_redistributed_no_rights_grant,withheld_hash_locator_only
41e98e4f7d56e913cadf,MU,FY2023_Q2,FY2023_Q3,e6dc48206a2f7b9d3bde4048,7a730697582099aa1f3d4837,ledger_forward,event,UNKNOWN,LIMITS_REVENUE_OF,pricing,pricing,pricing_margin,negative,high,0.95,True,,[153],unresolved,dc04cd2888bcbbe3b9772858,FY2023_Q3,Forecast/Guidance,,0,True,False,persistent,full_mainpanel,semi_infra_tooling,350c4bb0253680e912b9326bd42eb3c1f8092e7e1d5237e2c0eddfb5ea9c98fc,151,included_in_public_release,author_created_derived_post_extraction_card,not_included_mixed_public_or_provider_access,not_redistributed_no_rights_grant,withheld_hash_locator_only
a71398ecd00e674016ab,MU,FY2023_Q2,FY2023_Q3,0d4f281e348a4d7920865a19,a118f9f9d34427dce5f6edae,ledger_forward,event,UNKNOWN,LIMITS_REVENUE_OF,supply,supply,supply_capacity,negative,high,0.95,True,,[153],unresolved,dc04cd2888bcbbe3b9772858,FY2023_Q3,Forecast/Guidance,,0,True,False,persistent,full_mainpanel,semi_infra_tooling,350c4bb0253680e912b9326bd42eb3c1f8092e7e1d5237e2c0eddfb5ea9c98fc,151,included_in_public_release,author_created_derived_post_extraction_card,not_included_mixed_public_or_provider_access,not_redistributed_no_rights_grant,withheld_hash_locator_only
79da5f332fef28af424e,MU,FY2023_Q3,FY2023_Q4,03d75ad7a4be1a8308515aab,d1e1affda2b343da6a677b7f,ledger_forward+shock_forward,claim,Micron Technology::Sbu,BOOSTS_REVENUE_OF,demand,demand,demand,positive,high,0.95,True,explicit,[18],explicit_segment,f6bcfcde1c54f74ca87b87fa,FY2023_Q4,Forecast/Guidance,0.16711087420042645,4,True,False,persistent,full_mainpanel,semi_infra_tooling,91e218ac6e522b32c7a4bf405bca9ceb7e3fa3995c77c8fa2997e23033402be6,145,included_in_public_release,author_created_derived_post_extraction_card,not_included_mixed_public_or_provider_access,not_redistributed_no_rights_grant,withheld_hash_locator_only
d3c78d349561b40a3edb,MU,FY2023_Q3,FY2023_Q4,ce79c0f3895bd2432073983e,9e19580bc34d09f102e2c0fa,ledger_forward,event,UNKNOWN,LIMITS_REVENUE_OF,regulation,regulation,regulation_macro,negative,high,1.0,True,,[157],unresolved,da5fa8ea7c99d09b043049fb,FY2023_Q4,Forecast/Guidance,,0,True,False,persistent,full_mainpanel,semi_infra_tooling,ee626651707a7a238991ee4cc3c8faffff9c3b6416036b2d771daae6942520ab,94,included_in_public_release,author_created_derived_post_extraction_card,not_included_mixed_public_or_provider_access,not_redistributed_no_rights_grant,withheld_hash_locator_only
f9ead7526e4aa5622c15,MU,FY2023_Q3,FY2023_Q4,f04adc92e3ab32ce52240290,890242f2007698aa0871c81c,ledger_forward,event,UNKNOWN,BOOSTS_REVENUE_OF,demand,demand,demand,positive,medium,1.0,True,,[160],unresolved,da5fa8ea7c99d09b043049fb,FY2023_Q4,Forecast/Guidance,,0,True,False,persistent,full_mainpanel,semi_infra_tooling,4aaf68a7fd407b0f2423f07f57add7c977bc27e8a81f3e8713cdbc1f8fea3178,155,included_in_public_release,author_created_derived_post_extraction_card,not_included_mixed_public_or_provider_access,not_redistributed_no_rights_grant,withheld_hash_locator_only
6f4365adaa1685299b82,MU,FY2023_Q3,FY2023_Q4,99a7ae96e896604e4d3974c9,def1e084cb8f268dc5eda41b,ledger_forward,event,UNKNOWN,LIMITS_REVENUE_OF,supply,supply,supply_capacity,negative,medium,1.0,True,,[161],unresolved,da5fa8ea7c99d09b043049fb,FY2023_Q4,Forecast/Guidance,,0,True,False,persistent,full_mainpanel,semi_infra_tooling,3547570666a24131917b2bce9cdb24ddf2354451887c0ebac0f50f1051cfff2d,108,included_in_public_release,author_created_derived_post_extraction_card,not_included_mixed_public_or_provider_access,not_redistributed_no_rights_grant,withheld_hash_locator_only
1997bc9294315a142523,MU,FY2023_Q3,FY2023_Q4,2a74adb81fef3a1b97145438,1d2b9d3fa756b80014d731ac,ledger_forward,event,UNKNOWN,LIMITS_REVENUE_OF,pricing,pricing,pricing_margin,negative,high,1.0,True,,[161],unresolved,da5fa8ea7c99d09b043049fb,FY2023_Q4,Forecast/Guidance,,0,True,False,persistent,full_mainpanel,semi_infra_tooling,3547570666a24131917b2bce9cdb24ddf2354451887c0ebac0f50f1051cfff2d,108,included_in_public_release,author_created_derived_post_extraction_card,not_included_mixed_public_or_provider_access,not_redistributed_no_rights_grant,withheld_hash_locator_only
5ddf76aefefaf9da9613,MU,FY2023_Q3,FY2023_Q4,06fad6e6f84e41b3a29f3442,ace18ad13a5f73fe40355c02,ledger_forward,event,UNKNOWN,LIMITS_REVENUE_OF,revenue_limit,other,revenue_boost_limit,negative,medium,1.0,True,,[161],unresolved,da5fa8ea7c99d09b043049fb,FY2023_Q4,Forecast/Guidance,,0,True,False,persistent,full_mainpanel,semi_infra_tooling,3547570666a24131917b2bce9cdb24ddf2354451887c0ebac0f50f1051cfff2d,108,included_in_public_release,author_created_derived_post_extraction_card,not_included_mixed_public_or_provider_access,not_redistributed_no_rights_grant,withheld_hash_locator_only
6b4c1e10cb57cf29288a,MU,FY2023_Q3,FY2023_Q4,ed26a5d2fe2dd320edd2e369,a8e30eda538e5525aff639f0,ledger_forward+shock_forward,event,Micron Technology::Mbu,BOOSTS_REVENUE_OF,demand,demand,demand,positive,medium,1.0,True,,[134],explicit_tail,c923f83fab2487127f431694,FY2023_Q4,Forecast/Guidance,0.21828358208955223,3,True,False,persistent,full_mainpanel,semi_infra_tooling,574eef01022932f7c803583b594058a63ec8892b4519bade6c5e19c5aafec94c,70,included_in_public_release,author_created_derived_post_extraction_card,not_included_mixed_public_or_provider_access,not_redistributed_no_rights_grant,withheld_hash_locator_only
24267bf8e88a6d6fdb1e,MU,FY2023_Q4,FY2024_Q1,30e6c7d757d8aa975fac10b3,301419f0fea75b37f4ec2cfc,ledger_forward+shock_forward,claim,Micron Technology::All Other,BOOSTS_REVENUE_OF,demand,demand,demand,positive,medium,0.9,True,explicit,[9],explicit_segment,f173a53ae2b3d859bff73552,FY2024_Q1,Forecast/Guidance,0.0,5,True,False,persistent,full_mainpanel,semi_infra_tooling,896c321fba73505a1f30e6e0af5ec9e90cc1d1d0430cb3bcc809af240f725140,204,included_in_public_release,author_created_derived_post_extraction_card,not_included_mixed_public_or_provider_access,not_redistributed_no_rights_grant,withheld_hash_locator_only
a47be9c2afa7d83d00cf,MU,FY2023_Q4,FY2024_Q1,73d276f7f9312c3dbff80e5c,1a2b2272a4b1ddf2e18f281b,ledger_forward+shock_forward,claim,Micron Technology::All Other,BOOSTS_REVENUE_OF,supply,supply,supply_capacity,positive,medium,0.9,True,explicit,[9],explicit_segment,d6818d4f24c35779edc6b83e,FY2024_Q1,Forecast/Guidance,0.0,5,True,False,persistent,full_mainpanel,semi_infra_tooling,896c321fba73505a1f30e6e0af5ec9e90cc1d1d0430cb3bcc809af240f725140,204,included_in_public_release,author_created_derived_post_extraction_card,not_included_mixed_public_or_provider_access,not_redistributed_no_rights_grant,withheld_hash_locator_only
2d1d29fce58e0684412b,MU,FY2023_Q4,FY2024_Q1,951adbd0ac9f70798add4c29,bb5d1b227ffd98f947e7872f,ledger_forward+shock_forward,event,Micron Technology::Cnbu,LIMITS_REVENUE_OF,regulation,regulation,regulation_macro,negative,high,0.95,True,,[159],explicit_tail,4b333168f8fca9ce1186ba86,FY2024_Q1,Forecast/Guidance,0.29925187032418954,2,True,False,persistent,full_mainpanel,semi_infra_tooling,82ff1c8eae723685a8ba546f14b85dad92fd7269ae6cc8052d70b526bd56db55,4433,included_in_public_release,author_created_derived_post_extraction_card,not_included_mixed_public_or_provider_access,not_redistributed_no_rights_grant,withheld_hash_locator_only
c245657b86fd89f1d67f,MU,FY2023_Q4,FY2024_Q1,a0a0e56a4cebc962e9e32b93,7fb5848ab839a2364c56dd6f,ledger_forward,event,Micron Technology::Mbu,BOOSTS_REVENUE_OF,demand,demand,demand,positive,medium,0.9,False,,[160],explicit_tail,c923f83fab2487127f431694,FY2024_Q1,Realized/Reporting,0.30199501246882793,1,True,False,unknown,full_mainpanel,semi_infra_tooling,aa76815d9ba69ba0438d6860d0b8cef371522ea094d052b3a5daee60d3180ece,123,included_in_public_release,author_created_derived_post_extraction_card,not_included_mixed_public_or_provider_access,not_redistributed_no_rights_grant,withheld_hash_locator_only
3ee31fd31f8be5623fce,MU,FY2024_Q1,FY2024_Q2,84af6b96871081f9cd93bae3,23bf80d69c38e6abd3cc5141,ledger_forward+shock_forward,claim,Micron Technology::Mbu,DRIVES_DEMAND_FOR,demand,demand,demand,positive,medium,1.0,True,explicit,[25],explicit_segment,c81a2c2827a2aa08512229dc,FY2024_Q2,Forecast/Guidance,0.2735928903935675,2,True,False,persistent,full_mainpanel,semi_infra_tooling,a69757e97dba03fa0728d8640db05abd640bce2ceeaf9391ed0dcfd64181b9e7,134,included_in_public_release,author_created_derived_post_extraction_card,not_included_mixed_public_or_provider_access,not_redistributed_no_rights_grant,withheld_hash_locator_only
fbe42d2b2d5dedcc4638,MU,FY2024_Q1,FY2024_Q2,25121b30b839c340c2a010be,5cd65cfc17a1cd5507b701ae,ledger_forward+shock_forward,claim,Micron Technology::All Other,BOOSTS_REVENUE_OF,pricing,pricing,pricing_margin,positive,medium,1.0,True,explicit,[8],explicit_segment,bb766e63cb97fcfa24cd4e63,FY2024_Q2,Forecast/Guidance,0.0012695725772323319,5,True,False,persistent,full_mainpanel,semi_infra_tooling,efdddbacc61d7f7556f28f96a0b2cbab29adbaa03ecd7e4bfc2eba26ff27a0fe,80,included_in_public_release,author_created_derived_post_extraction_card,not_included_mixed_public_or_provider_access,not_redistributed_no_rights_grant,withheld_hash_locator_only
629e376f105ddf1d2085,MU,FY2024_Q1,FY2024_Q2,30fadcf5f29eed3ce44941dc,d75b63a8584477ef58ffe882,ledger_forward,event,UNKNOWN,BOOSTS_REVENUE_OF,supply,supply,supply_capacity,positive,high,1.0,True,,[197],unresolved,dc04cd2888bcbbe3b9772858,FY2024_Q2,Forecast/Guidance,,0,True,False,persistent,full_mainpanel,semi_infra_tooling,87ac1bbb05156cd3de179b350e0948da19320fba846508b2d25ed693c2ed6bd6,84,included_in_public_release,author_created_derived_post_extraction_card,not_included_mixed_public_or_provider_access,not_redistributed_no_rights_grant,withheld_hash_locator_only
45080f74cce5187e7083,MU,FY2024_Q1,FY2024_Q2,bd7daac313c14f4be7d549fe,c871e89bbb3df83c689c4107,ledger_forward,event,UNKNOWN,BOOSTS_REVENUE_OF,inventory,inventory,inventory_channel,positive,high,1.0,True,,[198],unresolved,dc04cd2888bcbbe3b9772858,FY2024_Q2,Forecast/Guidance,,0,True,False,persistent,full_mainpanel,semi_infra_tooling,f71bb9e373c3b2b99125d0bc2ad36e00dba2ccad85d0ecbba0c488ace73af79f,126,included_in_public_release,author_created_derived_post_extraction_card,not_included_mixed_public_or_provider_access,not_redistributed_no_rights_grant,withheld_hash_locator_only
2866eb8276e544c2222c,MU,FY2024_Q1,FY2024_Q2,5d6c2a3fceeb20447d700604,70184b6d707b1bed67351cf7,ledger_forward,event,UNKNOWN,BOOSTS_REVENUE_OF,pricing,pricing,pricing_margin,positive,high,1.0,True,,[160],unresolved,dc04cd2888bcbbe3b9772858,FY2024_Q2,Forecast/Guidance,,0,True,False,persistent,full_mainpanel,semi_infra_tooling,302fb17de670a49d8b0e658f7e8b37464ab50b05d23add1237ee1dd51a925992,121,included_in_public_release,author_created_derived_post_extraction_card,not_included_mixed_public_or_provider_access,not_redistributed_no_rights_grant,withheld_hash_locator_only
a15786147c2845bc9272,MU,FY2024_Q2,FY2024_Q3,3fa059ab96eac7b45bc4f9e9,eaa0dff4213508d4ca3e25d7,ledger_forward+shock_forward,claim,Micron Technology::Mbu,DRIVES_DEMAND_FOR,demand,demand,demand,positive,high,1.0,True,explicit,[75],explicit_segment,d4e9a111cbd13a85af1d24c0,FY2024_Q3,Forecast/Guidance,0.27438186813186816,2,True,False,persistent,full_mainpanel,semi_infra_tooling,f314ab9896e70dc7321121f03f268cbf5a2e56b3134ec15a21b21f542bc14abb,183,included_in_public_release,author_created_derived_post_extraction_card,not_included_mixed_public_or_provider_access,not_redistributed_no_rights_grant,withheld_hash_locator_only
83329b8d0b8a3ab3bf1f,MU,FY2024_Q2,FY2024_Q3,1683f806c354153b79f357d6,5faf874bbd8238dd74025989,ledger_forward+shock_forward,event,Micron Technology::Mbu,BOOSTS_REVENUE_OF,product_transition,product_transition,product_transition,positive,high,0.95,True,,[56],explicit_tail,c923f83fab2487127f431694,FY2024_Q3,Forecast/Guidance,0.27438186813186816,2,True,False,persistent,full_mainpanel,semi_infra_tooling,895e28d3fadbadd114478bf6f547ac888a823b58806ff48fabd99f8e8c3c0044,157,included_in_public_release,author_created_derived_post_extraction_card,not_included_mixed_public_or_provider_access,not_redistributed_no_rights_grant,withheld_hash_locator_only
f99e2864bab5c9247e99,MU,FY2024_Q3,FY2024_Q4,4c68427c2b8fe1a1552bb1b9,7c5797bee331054208c4e35e,ledger_forward+shock_forward,claim,Micron Technology::Sbu,SUPPORTS_REVENUE_OF,regulation,regulation,regulation_macro,positive,medium,0.9,True,explicit,[13],explicit_segment,3b76316e7f514c23288f13e4,FY2024_Q4,Forecast/Guidance,0.19864924387020996,3,True,False,persistent,full_mainpanel,semi_infra_tooling,f1482719a986dd6bf0087c8eb1fd6bd34539cd3a662f816ee9dd78bcb3199af4,194,included_in_public_release,author_created_derived_post_extraction_card,not_included_mixed_public_or_provider_access,not_redistributed_no_rights_grant,withheld_hash_locator_only
864f2b36db236530370b,MU,FY2024_Q3,FY2024_Q4,c7623fde6a3d7fe5748aa86e,5d3ee32a0f5700fe0de1de21,ledger_forward+shock_forward,claim,Micron Technology::Sbu,BOOSTS_REVENUE_OF,demand,demand,demand,positive,high,0.95,True,explicit,[11],explicit_segment,e1137a818b59080330678043,FY2024_Q4,Forecast/Guidance,0.19864924387020996,3,True,False,persistent,full_mainpanel,semi_infra_tooling,9e72f37b5a21e8ba74019889a4e6d2f7e6e15952d66dc3ae15433c0bc1a17120,182,included_in_public_release,author_created_derived_post_extraction_card,not_included_mixed_public_or_provider_access,not_redistributed_no_rights_grant,withheld_hash_locator_only
7eff169036c0842739dc,MU,FY2024_Q3,FY2024_Q4,305bccc7166aa28f6a7c7c5a,94e9046a7fa5079c250ae5a2,ledger_forward+shock_forward,claim,Micron Technology::Sbu,CONSTRAINS_PRODUCTION_OF,supply,demand,demand,positive,high,0.95,True,explicit,[23],explicit_segment,75228453ff4fa44fbf89a2c5,FY2024_Q4,Forecast/Guidance,0.19864924387020996,3,True,False,persistent,full_mainpanel,semi_infra_tooling,cbc7e5215bdd91a127e0d1996230ad836cce67d23794b68f85b8dee764ad30ec,178,included_in_public_release,author_created_derived_post_extraction_card,not_included_mixed_public_or_provider_access,not_redistributed_no_rights_grant,withheld_hash_locator_only
d405e289fbe71288dbdb,MU,FY2024_Q3,FY2024_Q4,9d683a6e3718333b37aed3f1,a7074535157480f414ae3f99,ledger_forward+shock_forward,claim,Micron Technology::Sbu,CONSTRAINS_PRODUCTION_OF,supply,supply,supply_capacity,negative,high,0.95,True,explicit,[23],explicit_segment,19a75df45787afb8ee3f7180,FY2024_Q4,Forecast/Guidance,0.19864924387020996,3,True,False,persistent,full_mainpanel,semi_infra_tooling,f54c2629e6c1be36f75c79037ebbea79c4f162900ecfa5845d1077e58db7e3d7,109,included_in_public_release,author_created_derived_post_extraction_card,not_included_mixed_public_or_provider_access,not_redistributed_no_rights_grant,withheld_hash_locator_only
7355174ecc7b010b75fa,MU,FY2024_Q3,FY2024_Q4,efa92b3ab08de68a44688816,d92bc143f4d669f10f2e80f1,ledger_forward+shock_forward,claim,Micron Technology::Sbu,BOOSTS_REVENUE_OF,product_transition,product_transition,product_transition,positive,high,0.95,True,explicit,[40],explicit_segment,511f445e94f643269b3ebda8,FY2024_Q4,Forecast/Guidance,0.19864924387020996,3,True,False,persistent,full_mainpanel,semi_infra_tooling,48454b2f802cdb9d7ac4ada554b5afe96652cdc967b926162e525fc6e61aff6a,166,included_in_public_release,author_created_derived_post_extraction_card,not_included_mixed_public_or_provider_access,not_redistributed_no_rights_grant,withheld_hash_locator_only
999f70301aa7c46adbe2,MU,FY2024_Q3,FY2024_Q4,d5ba10377f90ec84f64219e7,3d2eb6840eba886730634f2a,ledger_forward,event,UNKNOWN,SUPPORTS_REVENUE_OF,supply,supply,supply_capacity,positive,medium,0.95,True,,[49],unresolved,dc04cd2888bcbbe3b9772858,FY2024_Q4,Forecast/Guidance,,0,True,False,persistent,full_mainpanel,semi_infra_tooling,d81cafbedd5fb41eae31a7970610d051994f85b1258407f5961dbb6e18a4fe2e,207,included_in_public_release,author_created_derived_post_extraction_card,not_included_mixed_public_or_provider_access,not_redistributed_no_rights_grant,withheld_hash_locator_only
a830d947129d03ab7fad,MU,FY2024_Q3,FY2024_Q4,d59aed3a4255f1a7d8079b20,cdf93102143c54962c490a3a,ledger_forward,event,UNKNOWN,LIMITS_REVENUE_OF,revenue_limit,other,revenue_boost_limit,negative,low,0.9,False,,[157],unresolved,dc04cd2888bcbbe3b9772858,FY2024_Q4,Forecast/Guidance,,0,True,False,unknown,full_mainpanel,semi_infra_tooling,b3fda8d6681840a2c34ad9660a8652f276d0e788add85e1084f5e5fc16616327,198,included_in_public_release,author_created_derived_post_extraction_card,not_included_mixed_public_or_provider_access,not_redistributed_no_rights_grant,withheld_hash_locator_only
10bf8e882023c2404f19,MU,FY2024_Q4,FY2025_Q1,0bda23e5dad5a91a7c2abe72,df267fb1deba24ce0ba3641f,ledger_forward+shock_forward,claim,Micron Technology::Sbu,DRIVES_DEMAND_FOR,demand,demand,demand,positive,medium,0.9,True,explicit,[20],explicit_segment,36d70730ff5e0e038355627e,FY2025_Q1,Forecast/Guidance,0.2169032258064516,3,True,False,persistent,full_mainpanel,semi_infra_tooling,8057393b22ddf7f0e6a0b982258afe93d7729dff7e4d55b419a61365e4dcdfa7,183,included_in_public_release,author_created_derived_post_extraction_card,not_included_mixed_public_or_provider_access,not_redistributed_no_rights_grant,withheld_hash_locator_only
3b71a96e9a9082bffaea,MU,FY2024_Q4,FY2025_Q1,31c8b83330157f4ea6cb484d,6a37c13641c32732f19d3d22,ledger_forward,event,UNKNOWN,BOOSTS_REVENUE_OF,pricing,pricing,pricing_margin,positive,high,0.95,True,,[172],unresolved,da5fa8ea7c99d09b043049fb,FY2025_Q1,Forecast/Guidance,,0,True,False,persistent,full_mainpanel,semi_infra_tooling,bbeab4093584da2424d99f488d237d0861c7663365431673a5c280103ae0afc3,106,included_in_public_release,author_created_derived_post_extraction_card,not_included_mixed_public_or_provider_access,not_redistributed_no_rights_grant,withheld_hash_locator_only
498725597443b64fb21f,MU,FY2024_Q4,FY2025_Q1,d633fe23df3bdc73cb0e0c0b,bc3439f5fcaaeccede152377,ledger_forward,event,UNKNOWN,BOOSTS_REVENUE_OF,product_transition,product_transition,product_transition,positive,medium,0.95,True,,[172],unresolved,da5fa8ea7c99d09b043049fb,FY2025_Q1,Forecast/Guidance,,0,True,False,persistent,full_mainpanel,semi_infra_tooling,bbeab4093584da2424d99f488d237d0861c7663365431673a5c280103ae0afc3,106,included_in_public_release,author_created_derived_post_extraction_card,not_included_mixed_public_or_provider_access,not_redistributed_no_rights_grant,withheld_hash_locator_only
f76f96194a49d243469b,MU,FY2025_Q1,FY2025_Q2,26a65cf0763dc3e9469016eb,ac32b9aac9ff5fa8a3221ce6,ledger_forward,claim,Micron Technology::Mbu,CONSTRAINS_PRODUCTION_OF,supply,macro,supply_capacity,negative,medium,0.9,False,explicit,[9],explicit_segment,4b9d347614bf03dc93787771,FY2025_Q2,Condition/External,0.17533585945573546,3,True,False,unknown,full_mainpanel,semi_infra_tooling,136b4c48d4f2e8f70d738ec24d77a07f28bc56ed034191a5b2e0f493a9ade944,315,included_in_public_release,author_created_derived_post_extraction_card,not_included_mixed_public_or_provider_access,not_redistributed_no_rights_grant,withheld_hash_locator_only
53ae5e998fcee1f0699e,MU,FY2025_Q1,FY2025_Q2,4c27922d23462fdf69d9bd1c,684223f60ab89fea2f182491,ledger_forward+shock_forward,claim,Micron Technology::Mbu,BOOSTS_REVENUE_OF,demand,demand,demand,positive,medium,0.9,True,explicit,[16],explicit_segment,e88f2b1d1572b11b7f00df61,FY2025_Q2,Forecast/Guidance,0.17533585945573546,3,True,False,persistent,full_mainpanel,semi_infra_tooling,57f4adb8451d8f712bf61432132a7a02d8d0a458dc9a2ffed15952550422b220,135,included_in_public_release,author_created_derived_post_extraction_card,not_included_mixed_public_or_provider_access,not_redistributed_no_rights_grant,withheld_hash_locator_only
c7924b2ff240a26c5310,MU,FY2025_Q1,FY2025_Q2,fc8837035e4ab76866dc6cb0,0e0a16f8b952935a02b0e92f,ledger_forward+shock_forward,claim,Micron Technology::Mbu,BOOSTS_REVENUE_OF,pricing,pricing,pricing_margin,positive,medium,0.9,True,explicit,[15],explicit_segment,cbaac4087933f3cab499ebfe,FY2025_Q2,Forecast/Guidance,0.17533585945573546,3,True,False,persistent,full_mainpanel,semi_infra_tooling,63efaceaa6117a231abad69f68038471c3aaf71db5fe82e2999146fa6b5ff2ec,296,included_in_public_release,author_created_derived_post_extraction_card,not_included_mixed_public_or_provider_access,not_redistributed_no_rights_grant,withheld_hash_locator_only
65b7ab5ee6dd464c15c4,MU,FY2025_Q1,FY2025_Q2,4bc5fb5e977f10fb24a65523,8be3ad66b16694c1e43e5683,ledger_forward+shock_forward,claim,Micron Technology::Mbu,BOOSTS_REVENUE_OF,supply,supply,supply_capacity,positive,medium,0.9,True,explicit,[85],explicit_segment,cf2c61e0ceace9ffc672c83a,FY2025_Q2,Forecast/Guidance,0.17533585945573546,3,True,False,persistent,full_mainpanel,semi_infra_tooling,98b9b7b1515d260a40f0d6a0a194e2bfad893608cd34f7e511a10365b794dfcf,398,included_in_public_release,author_created_derived_post_extraction_card,not_included_mixed_public_or_provider_access,not_redistributed_no_rights_grant,withheld_hash_locator_only
90037556739329a2bfcc,MU,FY2025_Q1,FY2025_Q2,72bf10eb6a952f5a8b9e0b84,1be2af6e353072e837567e92,ledger_forward,event,UNKNOWN,LIMITS_REVENUE_OF,demand,demand,demand,negative,high,0.95,True,,[73],unresolved,dc04cd2888bcbbe3b9772858,FY2025_Q2,Forecast/Guidance,,0,True,False,persistent,full_mainpanel,semi_infra_tooling,318c5e26e2166d8b2eecef920c4059933ac638437fc0d031431571ef04591138,151,included_in_public_release,author_created_derived_post_extraction_card,not_included_mixed_public_or_provider_access,not_redistributed_no_rights_grant,withheld_hash_locator_only
dea935ed865465fe44d4,MU,FY2025_Q1,FY2025_Q2,181120b0eba7f19cdae0a51a,238c83db0bdd8fb6c35c9f2b,ledger_forward,event,UNKNOWN,LIMITS_REVENUE_OF,revenue_limit,other,revenue_boost_limit,negative,medium,0.9,True,,[74],unresolved,dc04cd2888bcbbe3b9772858,FY2025_Q2,Forecast/Guidance,,0,True,False,persistent,full_mainpanel,semi_infra_tooling,8d2da8518a511e65103a6862f2abeb8b300b9b3f12a1dd48cfa92436d565994e,175,included_in_public_release,author_created_derived_post_extraction_card,not_included_mixed_public_or_provider_access,not_redistributed_no_rights_grant,withheld_hash_locator_only
e0341832b86f307b1ad6,MU,FY2025_Q2,FY2025_Q3,20440866e284be6a4502903a,265a0fc57ed64d4258bb62c3,ledger_forward+shock_forward,claim,Micron Technology::Mbu,CONSTRAINS_PRODUCTION_OF,supply,demand,demand,negative,high,1.0,True,explicit,[15],explicit_segment,676beaa68e4d4512d96a98bd,FY2025_Q3,Forecast/Guidance,0.13262138333540296,3,True,False,persistent,full_mainpanel,semi_infra_tooling,5d0ca13850e409f7a643cfa926ad930ba3d731f5930a20533c9a01ea4605d504,182,included_in_public_release,author_created_derived_post_extraction_card,not_included_mixed_public_or_provider_access,not_redistributed_no_rights_grant,withheld_hash_locator_only
bcece01d4bb5e1b0f676,MU,FY2025_Q3,FY2025_Q4,4e55ae4e0b2c5c426078e573,cf9e9ef002981fb68fbeb2d3,ledger_forward+shock_forward,claim,Micron Technology::Mbu,DRIVES_DEMAND_FOR,demand,demand,demand,positive,high,0.9,True,explicit,[27],explicit_segment,477e60560cacbf4c51d2fba1,FY2025_Q4,Forecast/Guidance,0.16675626276744437,2,True,False,persistent,full_mainpanel,semi_infra_tooling,1953c05e84e9cdd22133a8dc9225b348eb27bb12259a7dfe87d75f6fe080af4e,71,included_in_public_release,author_created_derived_post_extraction_card,not_included_mixed_public_or_provider_access,not_redistributed_no_rights_grant,withheld_hash_locator_only
961d5f2d199c45361b17,MU,FY2025_Q3,FY2025_Q4,e860dec58d3aa159d3846fe0,0636fb066459463e4c8e7700,ledger_forward+shock_forward,claim,Micron Technology::Mbu,BOOSTS_REVENUE_OF,product_transition,product_transition,product_transition,positive,high,0.95,True,explicit,[14],explicit_segment,30b952691d022f5921078dfe,FY2025_Q4,Forecast/Guidance,0.16675626276744437,2,True,False,persistent,full_mainpanel,semi_infra_tooling,bc8c245175756159f97de87d8eb53eec6c0e3269e41fb1ee6436f0292b0dd15f,109,included_in_public_release,author_created_derived_post_extraction_card,not_included_mixed_public_or_provider_access,not_redistributed_no_rights_grant,withheld_hash_locator_only
148151a2f499dc86087f,MU,FY2025_Q3,FY2025_Q4,d68b11a1899aa3059cad24a3,a5353a80a42861d364880aad,ledger_forward+shock_forward,claim,Micron Technology::All Other,SUPPORTS_REVENUE_OF,supply,supply,supply_capacity,positive,medium,0.9,True,explicit,[15],explicit_segment,b77a7744955414dcdd638390,FY2025_Q4,Forecast/Guidance,0.00032254596279969894,5,True,False,persistent,full_mainpanel,semi_infra_tooling,92f00dabb2a3e657bb0a1c4d46f651162e646958918c7e08bf7d516fd9ae8a8c,118,included_in_public_release,author_created_derived_post_extraction_card,not_included_mixed_public_or_provider_access,not_redistributed_no_rights_grant,withheld_hash_locator_only
96dd4ed34b24d6d371ec,MU,FY2025_Q3,FY2025_Q4,5f545046570958c1d9c1b61d,f894e32155c0fb5ed737b52b,ledger_forward+shock_forward,claim,Micron Technology::Cnbu,DRIVES_DEMAND_FOR,demand,demand,demand,positive,high,0.95,False,explicit,[37],explicit_segment,bc2261fcc684113cfa436314,FY2025_Q4,Forecast/Guidance,0.544995161810558,1,True,False,unknown,full_mainpanel,semi_infra_tooling,a84b3582956ac365b99a0c58f117aab6615ac1b56ed4fc3a4a53971b140de552,147,included_in_public_release,author_created_derived_post_extraction_card,not_included_mixed_public_or_provider_access,not_redistributed_no_rights_grant,withheld_hash_locator_only
bf3a8ea2b5f2c10428b6,MU,FY2025_Q3,FY2025_Q4,308d5f8a4ec96fa211263f2f,93a69a66a01eca8aea07ac06,ledger_forward+shock_forward,claim,Micron Technology::Aebu,DRIVES_DEMAND_FOR,demand,demand,demand,positive,medium,0.9,False,explicit,[61],explicit_segment,fa66ee29c76663d78024ebe7,FY2025_Q4,Forecast/Guidance,,0,True,False,unknown,full_mainpanel,semi_infra_tooling,334bae25f8ec6c341ebfc0a14b6bf6589af149d3d3e1fbb3de0062c714e6bcf1,189,included_in_public_release,author_created_derived_post_extraction_card,not_included_mixed_public_or_provider_access,not_redistributed_no_rights_grant,withheld_hash_locator_only
cfce07b7b5f43e4da952,MU,FY2025_Q3,FY2025_Q4,3f2aea4829ef7081e2a34799,b7be7d8b6a21f6b04cdd7e64,ledger_forward,event,UNKNOWN,BOOSTS_REVENUE_OF,demand,demand,demand,positive,medium,0.9,True,,[201],unresolved,681fd97b9392c5811a8cd490,FY2025_Q4,Forecast/Guidance,,0,True,False,persistent,full_mainpanel,semi_infra_tooling,86703f8d9ef9c70d91eb206fc4de82fa540ff50e4901f356e6585d059e1565ce,117,included_in_public_release,author_created_derived_post_extraction_card,not_included_mixed_public_or_provider_access,not_redistributed_no_rights_grant,withheld_hash_locator_only
47ad36fc019f0330e449,MU,FY2025_Q3,FY2025_Q4,8ceb73601331dcd41d4c4646,427e3d3332d7932e5d9ee738,ledger_forward,event,UNKNOWN,BOOSTS_REVENUE_OF,demand,demand,demand,positive,high,1.0,True,,[27],unresolved,dc04cd2888bcbbe3b9772858,FY2025_Q4,Forecast/Guidance,,0,True,False,persistent,full_mainpanel,semi_infra_tooling,9d192a248c92865672c46e1d715af45b7804eaaa95745f2dd1bc997d39222bbe,157,included_in_public_release,author_created_derived_post_extraction_card,not_included_mixed_public_or_provider_access,not_redistributed_no_rights_grant,withheld_hash_locator_only
9720e961ff3ee97a8062,NVDA,FY2018_Q4,FY2019_Q1,d7369f7f4fc943a313a61a66,f8caf928644f6d3b21aaad1d,ledger_forward+shock_forward,claim,NVIDIA::Automotive,BOOSTS_REVENUE_OF,product_transition,product_transition,product_transition,positive,high,0.9,False,explicit,[59],explicit_segment,621b757a31ba6935fa8068ca,FY2019_Q1,Forecast/Guidance,0.04534524218481621,5,True,False,unknown,full_mainpanel,semi_infra_tooling,41a663c848b96423b7ad4cc33c0d72f7c7f1680167b6a3c47363d33e52734445,197,included_in_public_release,author_created_derived_post_extraction_card,not_included_mixed_public_or_provider_access,not_redistributed_no_rights_grant,withheld_hash_locator_only
15a67ad46805e0d76423,NVDA,FY2018_Q4,FY2019_Q1,8eb60fe6ca1ea94217441575,afc424ea145fa8bfa9fb46d2,ledger_forward+shock_forward,event,NVIDIA::Gaming,BOOSTS_REVENUE_OF,demand,demand,demand,positive,medium,0.95,True,,[144],explicit_tail,7632712e843328e384ebe0a3,FY2019_Q1,Forecast/Guidance,0.597389213328753,1,True,False,persistent,full_mainpanel,semi_infra_tooling,edb717673d945311d4bccda2a3896140e0e434d99d0703a57c753df66579eb95,64,included_in_public_release,author_created_derived_post_extraction_card,not_included_mixed_public_or_provider_access,not_redistributed_no_rights_grant,withheld_hash_locator_only
631815e918a366e076c5,NVDA,FY2019_Q1,FY2019_Q2,b3a13f26fb4f9b2beb7b6205,5ae43e892ef60c8fc90aa196,ledger_forward+shock_forward,claim,NVIDIA::Gaming,DRIVES_DEMAND_FOR,demand,product_transition,demand,positive,medium,0.9,True,explicit,[22],explicit_segment_with_path,aad355738dec00ed5ca5137c,FY2019_Q2,Forecast/Guidance,0.5372622388525101,1,True,False,persistent,full_mainpanel,semi_infra_tooling,dcc85448d2782d523eaa5dca93712e16f045bf6c439110ebc6088c80a4b187a7,146,included_in_public_release,author_created_derived_post_extraction_card,not_included_mixed_public_or_provider_access,not_redistributed_no_rights_grant,withheld_hash_locator_only
38a7c9c9ba96807be2c2,NVDA,FY2019_Q1,FY2019_Q2,226f7e28945c75aeaf9d1be3,d6dcd1de9c26c10ff0f8f072,ledger_forward+shock_forward,claim,NVIDIA::Data Center,DRIVES_DEMAND_FOR,demand,product_transition,demand,positive,high,0.9,True,explicit,[35],explicit_segment,9a81244f4a538e78c6b55856,FY2019_Q2,Forecast/Guidance,0.21858434674150296,2,True,False,persistent,full_mainpanel,semi_infra_tooling,3a6e4c3d3f211f467d910abcead10127a8c836872c15186650eebe4893cc9368,180,included_in_public_release,author_created_derived_post_extraction_card,not_included_mixed_public_or_provider_access,not_redistributed_no_rights_grant,withheld_hash_locator_only
291ec282bcf7fd064f95,NVDA,FY2019_Q1,FY2019_Q2,c310c01b3627d8dffcad3251,73ee26766040935e104d928c,ledger_forward+shock_forward,claim,NVIDIA::Automotive,DRIVES_DEMAND_FOR,demand,product_transition,demand,positive,medium,0.9,True,explicit,[43],explicit_segment,127f42e18d70aa28dbe1dd8e,FY2019_Q2,Forecast/Guidance,0.045213595260367945,5,True,False,persistent,full_mainpanel,semi_infra_tooling,235497dd79de0286b55fe376d58f74fcbf0a76ccdb45f99da4626cae0c7414b4,270,included_in_public_release,author_created_derived_post_extraction_card,not_included_mixed_public_or_provider_access,not_redistributed_no_rights_grant,withheld_hash_locator_only
01b1189be8490a50efba,NVDA,FY2019_Q1,FY2019_Q2,b3c1a48e6d1c17344e289ac7,52049a779c3d95de9c5a07c8,ledger_forward+shock_forward,event,NVIDIA::OEM and Other,LIMITS_REVENUE_OF,demand,demand,demand,negative,high,1.0,False,,[63],explicit_tail,a3abc9fb27d4678b20131393,FY2019_Q2,Forecast/Guidance,0.12067352666043031,3,True,False,unknown,full_mainpanel,semi_infra_tooling,90e056550e086c76215316519329313c6232af11fad51db805b209ef011a69ef,89,included_in_public_release,author_created_derived_post_extraction_card,not_included_mixed_public_or_provider_access,not_redistributed_no_rights_grant,withheld_hash_locator_only
16bca06126e53149ce19,NVDA,FY2019_Q2,FY2019_Q3,95a17647977bb21b8648b0a7,de78506e1fd2b2811b5e60ba,ledger_forward+shock_forward,claim,NVIDIA::Professional Visualization,DRIVES_DEMAND_FOR,demand,product_transition,demand,positive,high,0.95,True,explicit,[49],explicit_segment,784c90c31574169c04cb9b0a,FY2019_Q3,Forecast/Guidance,0.08997758565481909,3,True,False,persistent,full_mainpanel,semi_infra_tooling,9edfcb3a43e2949d86e603524f792c89b08b1d6aecf5128996f956ba1c4ee7d9,193,included_in_public_release,author_created_derived_post_extraction_card,not_included_mixed_public_or_provider_access,not_redistributed_no_rights_grant,withheld_hash_locator_only
25e8d3438dd50ad540f9,NVDA,FY2019_Q2,FY2019_Q3,a739b16613e55e3e44080ae9,1036f1b52ddb13eb2b5b4c4a,ledger_forward+shock_forward,claim,NVIDIA::Automotive,DRIVES_DEMAND_FOR,demand,demand,demand,positive,high,0.95,True,explicit,[56],explicit_segment,7013778dedd34bc8ef40a3bb,FY2019_Q3,Forecast/Guidance,0.05155299391610631,4,True,False,persistent,full_mainpanel,semi_infra_tooling,e6b95af9a59bfeb6868f2451f7ca4eb296a1d16e9d104655a9bd069232e17381,113,included_in_public_release,author_created_derived_post_extraction_card,not_included_mixed_public_or_provider_access,not_redistributed_no_rights_grant,withheld_hash_locator_only
66778b6d903aae03eacb,NVDA,FY2019_Q2,FY2019_Q3,9d943b3f63d6b20863f3ab9b,1222aeee7c9d83395dc15cc1,ledger_forward+shock_forward,event,NVIDIA::Gaming,BOOSTS_REVENUE_OF,inventory,inventory,inventory_channel,positive,medium,0.9,True,,[203],explicit_tail,7632712e843328e384ebe0a3,FY2019_Q3,Forecast/Guidance,0.5779699007364714,1,True,False,persistent,full_mainpanel,semi_infra_tooling,90eb6881dd084fde13736fbe914c4a7f7b2211cf1899000493b80c160a0c67ae,359,included_in_public_release,author_created_derived_post_extraction_card,not_included_mixed_public_or_provider_access,not_redistributed_no_rights_grant,withheld_hash_locator_only
69c91b6bfc1b89932e79,NVDA,FY2019_Q2,FY2019_Q3,a8172bec763e0a5adc41f79a,d7b9447a3d0553f8a6b12c6d,ledger_forward+shock_forward,event,NVIDIA::Data Center,BOOSTS_REVENUE_OF,inventory,inventory,inventory_channel,positive,medium,0.9,True,,[203],explicit_tail,d8b5463b0a671c1dd9b3e582,FY2019_Q3,Forecast/Guidance,0.24335574767851426,2,True,False,persistent,full_mainpanel,semi_infra_tooling,90eb6881dd084fde13736fbe914c4a7f7b2211cf1899000493b80c160a0c67ae,359,included_in_public_release,author_created_derived_post_extraction_card,not_included_mixed_public_or_provider_access,not_redistributed_no_rights_grant,withheld_hash_locator_only
bd5a05a68e009cbe1a1a,NVDA,FY2019_Q3,FY2019_Q4,a6e94288543fceaff0085367,cb6a93eed0c6e9e2056b804d,ledger_forward+shock_forward,claim,NVIDIA::Gaming,CONSTRAINS_PRODUCTION_OF,supply,inventory,supply_capacity,negative,high,0.9,True,explicit,[10],explicit_segment,d84f260d6c27bff506df1c71,FY2019_Q4,Forecast/Guidance,0.5545425966677145,1,True,False,persistent,full_mainpanel,semi_infra_tooling,4b0ad9a58a54b9d15807f6fe85d70edcf38ba8ffe4712e29156a66c786cd44b6,128,included_in_public_release,author_created_derived_post_extraction_card,not_included_mixed_public_or_provider_access,not_redistributed_no_rights_grant,withheld_hash_locator_only
ded679277b3be2f0dcb2,NVDA,FY2019_Q3,FY2019_Q4,67bbfe37557bfdc47270c24a,3c7a42cd199eb0486baac557,ledger_forward+shock_forward,event,NVIDIA::Gaming,LIMITS_REVENUE_OF,inventory,inventory,inventory_channel,negative,high,1.0,True,,[117],explicit_tail,7632712e843328e384ebe0a3,FY2019_Q4,Forecast/Guidance,0.5545425966677145,1,True,False,persistent,full_mainpanel,semi_infra_tooling,0ae948fd9aa4254a70e8d8f3fefd62d641318336cc7c7b0b84edcca01f0f525d,132,included_in_public_release,author_created_derived_post_extraction_card,not_included_mixed_public_or_provider_access,not_redistributed_no_rights_grant,withheld_hash_locator_only
ebba66e0b7cbdc2f8cd6,NVDA,FY2019_Q3,FY2019_Q4,eee5a12ad41c506656761bb3,5967730ab5b28c530dbcdd1d,ledger_forward+shock_forward,event,NVIDIA::Gaming,LIMITS_REVENUE_OF,demand,demand,demand,negative,medium,1.0,True,,[118],explicit_tail,7632712e843328e384ebe0a3,FY2019_Q4,Forecast/Guidance,0.5545425966677145,1,True,False,persistent,full_mainpanel,semi_infra_tooling,6b71d5eaf97335fa64dafbd47fd61670f3337b2b5ca18d795842ab24fe08c58c,93,included_in_public_release,author_created_derived_post_extraction_card,not_included_mixed_public_or_provider_access,not_redistributed_no_rights_grant,withheld_hash_locator_only
355eb4c4ad5e72f2d9b7,NVDA,FY2019_Q4,FY2020_Q1,2afed1a6b69432e438b8e48e,29c3b88d80bc5f177cb43f75,ledger_forward+shock_forward,claim,NVIDIA::Gaming,BOOSTS_REVENUE_OF,product_transition,product_transition,product_transition,positive,medium,1.0,True,explicit,[46],explicit_segment,3cb73aee348568a26c29916a,FY2020_Q1,Forecast/Guidance,0.4326530612244898,1,True,False,persistent,full_mainpanel,semi_infra_tooling,4571763aa2e1e74783efa55ec252adf8f7d197ec3fcdebbe6ebe5bb6e8f37051,151,included_in_public_release,author_created_derived_post_extraction_card,not_included_mixed_public_or_provider_access,not_redistributed_no_rights_grant,withheld_hash_locator_only
9d577df60fcf4f1250f4,NVDA,FY2019_Q4,FY2020_Q1,55df0f2b6922db3fd60b6eb2,7986ef42032eff9e77e4b2d4,ledger_forward+shock_forward,claim,NVIDIA::Gaming,BOOSTS_REVENUE_OF,demand,demand,demand,positive,medium,1.0,True,explicit,[53],explicit_segment,bff0eeb1c44442960338aac8,FY2020_Q1,Forecast/Guidance,0.4326530612244898,1,True,False,persistent,full_mainpanel,semi_infra_tooling,25bf0c6096e10136f1c10cf9845b536ce3c022d6ab0d71ef3282cb8a593dcc36,64,included_in_public_release,author_created_derived_post_extraction_card,not_included_mixed_public_or_provider_access,not_redistributed_no_rights_grant,withheld_hash_locator_only
8d20c1debffb37bca882,NVDA,FY2019_Q4,FY2020_Q1,0d2f22205b2ffdda8cf55c8e,9ec7e1bffb57c409ada0a222,ledger_forward+shock_forward,event,NVIDIA::Gaming,LIMITS_REVENUE_OF,inventory,inventory,inventory_channel,negative,high,1.0,True,,[30],explicit_tail,7632712e843328e384ebe0a3,FY2020_Q1,Forecast/Guidance,0.4326530612244898,1,True,False,persistent,full_mainpanel,semi_infra_tooling,d53533d04db8c0d62ba0ecf51d1b4433b26fb10746c566f8fa606a63f2f67245,134,included_in_public_release,author_created_derived_post_extraction_card,not_included_mixed_public_or_provider_access,not_redistributed_no_rights_grant,withheld_hash_locator_only
e23d619938c4ba468a61,NVDA,FY2019_Q4,FY2020_Q1,5661d241f72ee9f7461f313c,764735ecc11d94c832ff0194,ledger_forward,event,NVIDIA::Gaming,LIMITS_REVENUE_OF,macro,macro,regulation_macro,negative,medium,1.0,True,,[31],explicit_tail,7632712e843328e384ebe0a3,FY2020_Q1,Realized/Reporting,0.4326530612244898,1,True,False,persistent,full_mainpanel,semi_infra_tooling,b0916b0c766c74716f3f161a6f9ca31c835a9e2dd0000cec883325dc94bdebae,110,included_in_public_release,author_created_derived_post_extraction_card,not_included_mixed_public_or_provider_access,not_redistributed_no_rights_grant,withheld_hash_locator_only
28dd8478cab9a34a4664,NVDA,FY2019_Q4,FY2020_Q1,0c45527cd7fce4e514bd9092,274e031f94aa1d939bd8f28d,ledger_forward,event,NVIDIA::Gaming,LIMITS_REVENUE_OF,demand,demand,demand,negative,medium,1.0,True,,[31],explicit_tail,7632712e843328e384ebe0a3,FY2020_Q1,Realized/Reporting,0.4326530612244898,1,True,False,persistent,full_mainpanel,semi_infra_tooling,495c31684896fac0d5245ea9aee614162f3ba5074919a322887cde3afed1c343,178,included_in_public_release,author_created_derived_post_extraction_card,not_included_mixed_public_or_provider_access,not_redistributed_no_rights_grant,withheld_hash_locator_only
d429d3f1d5bef0e191cd,NVDA,FY2020_Q1,FY2020_Q2,9c08ddf967221d77697931e0,44786a73249d7372325fdca9,ledger_forward+shock_forward,claim,NVIDIA::Gaming,BOOSTS_REVENUE_OF,demand,demand,demand,positive,medium,0.96,True,explicit,[43],explicit_segment,9ff80eb44829ed04a3baf378,FY2020_Q2,Forecast/Guidance,0.4752252252252252,1,True,False,persistent,full_mainpanel,semi_infra_tooling,912aa0c5d32d464c222f68c528539f01f4114f8264a571103a8be1b98c02f093,138,included_in_public_release,author_created_derived_post_extraction_card,not_included_mixed_public_or_provider_access,not_redistributed_no_rights_grant,withheld_hash_locator_only
32cf29a0dd341646b6d4,NVDA,FY2020_Q1,FY2020_Q2,1d3f8b49491478bc7ced2a5b,e0663b85fb66708b54bd689b,ledger_forward+shock_forward,event,NVIDIA::Data Center,LIMITS_REVENUE_OF,demand,demand,demand,negative,high,0.95,True,,[95],explicit_tail,d8b5463b0a671c1dd9b3e582,FY2020_Q2,Forecast/Guidance,0.2855855855855856,2,True,False,persistent,full_mainpanel,semi_infra_tooling,2f31c33b0f531e03076b737fe6b6994baac163ce9e806b0e779d90ec262f8324,117,included_in_public_release,author_created_derived_post_extraction_card,not_included_mixed_public_or_provider_access,not_redistributed_no_rights_grant,withheld_hash_locator_only
dd4c97071f80cc00d2b9,NVDA,FY2020_Q1,FY2020_Q2,1779b3ce36a447f5988433b1,f48558a0f0415e8992bde4e7,ledger_forward+shock_forward,event,NVIDIA::Gaming,LIMITS_REVENUE_OF,supply,supply,supply_capacity,negative,medium,0.95,True,,[96],explicit_tail,7632712e843328e384ebe0a3,FY2020_Q2,Forecast/Guidance,0.4752252252252252,1,True,False,persistent,full_mainpanel,semi_infra_tooling,2b6b6e573d6ba6e0431ee8f9d0c63dddcc9c965eec44e86244c8edaabf86c814,97,included_in_public_release,author_created_derived_post_extraction_card,not_included_mixed_public_or_provider_access,not_redistributed_no_rights_grant,withheld_hash_locator_only
40a59919cadc889b34e5,NVDA,FY2020_Q2,FY2020_Q3,6c1fe74b4b9ea6d0e1b5e119,c0bfd390f3f01bdbc8febc4d,ledger_forward+shock_forward,event,NVIDIA::Gaming,BOOSTS_REVENUE_OF,demand,demand,demand,positive,medium,0.95,True,,[119],explicit_tail,7632712e843328e384ebe0a3,FY2020_Q3,Forecast/Guidance,0.5091120589375727,1,True,False,persistent,full_mainpanel,semi_infra_tooling,8710e232660d0851b6aafbd29c08f287560212c9f878f92b272dad9e939f4743,207,included_in_public_release,author_created_derived_post_extraction_card,not_included_mixed_public_or_provider_access,not_redistributed_no_rights_grant,withheld_hash_locator_only
755bf98d0eb2da64c3c4,NVDA,FY2020_Q2,FY2020_Q3,3df20ed647993d0485079850,40b1e14088d02545473006cb,ledger_forward+shock_forward,claim,NVIDIA::Data Center,BOOSTS_REVENUE_OF,demand,demand,demand,positive,high,0.9,True,explicit,[95],explicit_segment,e5cfc2082d9e9d384b4e3650,FY2020_Q3,Forecast/Guidance,0.25397440868553706,2,True,False,persistent,full_mainpanel,semi_infra_tooling,f4d6cd50e0a5b93fade648adc1eb3bb306e9ce736c95f424a820398ef79e9afd,121,included_in_public_release,author_created_derived_post_extraction_card,not_included_mixed_public_or_provider_access,not_redistributed_no_rights_grant,withheld_hash_locator_only
0f2dd13bc6c9f4f17270,NVDA,FY2020_Q3,FY2020_Q4,3f9dc1a210e4360144e9ff34,e9b93fbe3c69b4d872d08e0f,ledger_forward+shock_forward,claim,NVIDIA::Gaming,BOOSTS_REVENUE_OF,product_transition,product_transition,product_transition,positive,high,0.9,True,explicit,[71],explicit_segment,4f382bd74ca14dc092dde7ba,FY2020_Q4,Forecast/Guidance,0.5504313205043132,1,True,False,persistent,full_mainpanel,semi_infra_tooling,816151bc8493ae5b59d17507238c95d4cb571c9f589097b3c0f3935d943812cd,57,included_in_public_release,author_created_derived_post_extraction_card,not_included_mixed_public_or_provider_access,not_redistributed_no_rights_grant,withheld_hash_locator_only
974819fc471ea1ad665e,NVDA,FY2020_Q3,FY2020_Q4,d9271a21c03b94a715fd9a15,b98b37c845c1cf1d5cde2e85,ledger_forward+shock_forward,event,NVIDIA::Gaming,LIMITS_REVENUE_OF,demand,demand,demand,negative,medium,1.0,False,,[105],explicit_tail,7632712e843328e384ebe0a3,FY2020_Q4,Forecast/Guidance,0.5504313205043132,1,True,False,unknown,full_mainpanel,semi_infra_tooling,6f22f32c4679f6ff50f7e8b2bf7845308e33a74b5f65546ac9216a42c1b2de35,156,included_in_public_release,author_created_derived_post_extraction_card,not_included_mixed_public_or_provider_access,not_redistributed_no_rights_grant,withheld_hash_locator_only
29a7bb5e832b5dd614f9,NVDA,FY2020_Q3,FY2020_Q4,48235c97f90a43e3cadb89eb,6b80c77de2cac576af96bb7a,ledger_forward+shock_forward,event,NVIDIA::Data Center,BOOSTS_REVENUE_OF,demand,demand,demand,positive,high,1.0,False,,[104],explicit_tail,d8b5463b0a671c1dd9b3e582,FY2020_Q4,Forecast/Guidance,0.24087591240875914,2,True,False,unknown,full_mainpanel,semi_infra_tooling,c9f7006d702b86dd72ee2eef06cde93bc96144c4c42af6c091716303887e240f,213,included_in_public_release,author_created_derived_post_extraction_card,not_included_mixed_public_or_provider_access,not_redistributed_no_rights_grant,withheld_hash_locator_only
16e589115d8efb190dca,NVDA,FY2021_Q1,FY2021_Q2,0674b4147765426366734526,0ec005330a91896c9778b2e0,ledger_forward+shock_forward,claim,NVIDIA::Automotive,LIMITS_REVENUE_OF,macro,macro,regulation_macro,negative,high,1.0,False,explicit,[47],explicit_segment,2de65e30904b4310f89b45ee,FY2021_Q2,Forecast/Guidance,0.05032467532467533,4,True,False,unknown,full_mainpanel,semi_infra_tooling,93e0306a3b1d8c1bb4030ff9b70f979ca3305435d4e1d8119303b9053b8d9c5a,181,included_in_public_release,author_created_derived_post_extraction_card,not_included_mixed_public_or_provider_access,not_redistributed_no_rights_grant,withheld_hash_locator_only
647407529c30a0f7687f,NVDA,FY2021_Q1,FY2021_Q2,569b0b998539431a45aea608,0c41aa94efe9669a41a5f92b,ledger_forward+shock_forward,event,NVIDIA::Automotive,LIMITS_REVENUE_OF,demand,demand,demand,negative,high,0.95,False,,[159],explicit_tail,0c1e0638f72009a52bc57234,FY2021_Q2,Forecast/Guidance,0.05032467532467533,4,True,False,unknown,full_mainpanel,semi_infra_tooling,f9373432f7cffa0e96b603259ac5352184ca68fda69065d7fe50de171a50ce42,113,included_in_public_release,author_created_derived_post_extraction_card,not_included_mixed_public_or_provider_access,not_redistributed_no_rights_grant,withheld_hash_locator_only
d0006737057a5c29c826,NVDA,FY2021_Q1,FY2021_Q2,85ea3f43a2904c46f0159693,1bd589149cca1c44be5b533d,ledger_forward+shock_forward,event,NVIDIA::Professional Visualization,LIMITS_REVENUE_OF,demand,demand,demand,negative,medium,0.9,False,,[159],explicit_tail,8ce243d8a4258418e5d6a70a,FY2021_Q2,Forecast/Guidance,0.09967532467532468,3,True,False,unknown,full_mainpanel,semi_infra_tooling,f9373432f7cffa0e96b603259ac5352184ca68fda69065d7fe50de171a50ce42,113,included_in_public_release,author_created_derived_post_extraction_card,not_included_mixed_public_or_provider_access,not_redistributed_no_rights_grant,withheld_hash_locator_only
03f5569fa53012ff777e,NVDA,FY2021_Q1,FY2021_Q2,c1268f97f0b0e2e23e8d8672,61d39abe38f78a1ec6068ea2,ledger_forward+shock_forward,event,NVIDIA::Gaming,SUPPORTS_REVENUE_OF,demand,demand,demand,mixed,medium,0.9,False,,[160],explicit_tail,7632712e843328e384ebe0a3,FY2021_Q2,Forecast/Guidance,0.43474025974025976,1,True,False,unknown,full_mainpanel,semi_infra_tooling,ff2ae2906ed31b0f00a98ec83ae5cd8d893444453cd6ee5c941396177a33759c,175,included_in_public_release,author_created_derived_post_extraction_card,not_included_mixed_public_or_provider_access,not_redistributed_no_rights_grant,withheld_hash_locator_only
b5d772e3b53e11c91b21,NVDA,FY2021_Q2,FY2021_Q3,a45e71aa962f7ad751ecf688,c65d681c279eac36debc45ea,ledger_forward+shock_forward,claim,NVIDIA::Data Center,BOOSTS_REVENUE_OF,product_transition,product_transition,product_transition,positive,medium,0.85,False,explicit,[30],explicit_segment,13de8d1e02ec959a9bb3b1f5,FY2021_Q3,Forecast/Guidance,0.45318158303155714,1,True,False,unknown,full_mainpanel,semi_infra_tooling,f064fd865b808f98328bd8c26a27fe944bbb7f6e4a6dd86614bb25bbb8b4a81f,71,included_in_public_release,author_created_derived_post_extraction_card,not_included_mixed_public_or_provider_access,not_redistributed_no_rights_grant,withheld_hash_locator_only
52f17d488050e9defd5d,NVDA,FY2021_Q2,FY2021_Q3,10ba20c9e4fe22d481420083,f6fedda0a001d27156c5924c,ledger_forward+shock_forward,event,NVIDIA::Gaming,BOOSTS_REVENUE_OF,demand,demand,demand,positive,high,1.0,True,,[122],explicit_tail,7632712e843328e384ebe0a3,FY2021_Q3,Forecast/Guidance,0.42783238489394726,2,True,False,persistent,full_mainpanel,semi_infra_tooling,96f247117557cf7358ae5e869ce8b16cf9eb98ef1a8cc170a4a23aa27fc7e48f,136,included_in_public_release,author_created_derived_post_extraction_card,not_included_mixed_public_or_provider_access,not_redistributed_no_rights_grant,withheld_hash_locator_only
b3fc3718a04343757410,NVDA,FY2021_Q2,FY2021_Q3,71b49e7c57e4e8cc6a9aacfd,abfbff54e2e02acd4e0f4fcc,ledger_forward+shock_forward,event,NVIDIA::Gaming,LIMITS_REVENUE_OF,supply,supply,supply_capacity,negative,medium,1.0,True,,[319],explicit_tail,7632712e843328e384ebe0a3,FY2021_Q3,Forecast/Guidance,0.42783238489394726,2,True,False,persistent,full_mainpanel,semi_infra_tooling,2327e370e2d58068b2d07a6ac92a1d1419cbef5df68e38d9c0d2b42ea6f0dd15,242,included_in_public_release,author_created_derived_post_extraction_card,not_included_mixed_public_or_provider_access,not_redistributed_no_rights_grant,withheld_hash_locator_only
be0f072bcec930352b6e,NVDA,FY2021_Q2,FY2021_Q3,bba665d44269b44f2af8d1c2,159995cfab6a14284886100f,ledger_forward+shock_forward,event,NVIDIA::Data Center,BOOSTS_REVENUE_OF,demand,demand,demand,positive,medium,1.0,True,,[122],explicit_tail,d8b5463b0a671c1dd9b3e582,FY2021_Q3,Forecast/Guidance,0.45318158303155714,1,True,False,persistent,full_mainpanel,semi_infra_tooling,96f247117557cf7358ae5e869ce8b16cf9eb98ef1a8cc170a4a23aa27fc7e48f,136,included_in_public_release,author_created_derived_post_extraction_card,not_included_mixed_public_or_provider_access,not_redistributed_no_rights_grant,withheld_hash_locator_only
4f5267466a04544a4684,NVDA,FY2021_Q3,FY2021_Q4,1e331f32b75d5c60824ec721,bc6b5ac6d158f44eafd84fe0,ledger_forward+shock_forward,event,NVIDIA::Gaming,LIMITS_REVENUE_OF,supply,supply,supply_capacity,negative,high,0.95,True,,[36],explicit_tail,7632712e843328e384ebe0a3,FY2021_Q4,Forecast/Guidance,0.4805332204824376,1,True,False,persistent,full_mainpanel,semi_infra_tooling,94cdb2b9db549c39e6632bf437e3543cf0960ebb43f643ed01784d3ec3557779,142,included_in_public_release,author_created_derived_post_extraction_card,not_included_mixed_public_or_provider_access,not_redistributed_no_rights_grant,withheld_hash_locator_only
f2dfb1eda011538c7b29,NVDA,FY2021_Q3,FY2021_Q4,45efc0e2e62da46d492b1ba8,c3d6261f6e5344be41b8f070,ledger_forward+shock_forward,claim,NVIDIA::Data Center,BOOSTS_REVENUE_OF,demand,demand,demand,positive,medium,0.85,False,explicit,[74],explicit_segment,13c57ef7e08fe099123b7557,FY2021_Q4,Forecast/Guidance,0.40203131612357174,2,True,False,unknown,full_mainpanel,semi_infra_tooling,498560a107f86f413bd56f268fea2e35e3be8a9913de5891b046913eb9ebed04,148,included_in_public_release,author_created_derived_post_extraction_card,not_included_mixed_public_or_provider_access,not_redistributed_no_rights_grant,withheld_hash_locator_only
d192a81aa09d6cb793c3,NVDA,FY2021_Q3,FY2021_Q4,0c9a92b5166f9a57eb1b9115,09ad7045c36805c189f5471f,ledger_forward+shock_forward,event,NVIDIA::Data Center,LIMITS_REVENUE_OF,demand,demand,demand,negative,high,0.95,False,,[177],explicit_tail,d8b5463b0a671c1dd9b3e582,FY2021_Q4,Forecast/Guidance,0.40203131612357174,2,True,False,unknown,full_mainpanel,semi_infra_tooling,1e54b2db228c65c147ad8feca159ff2ebeedc943301756c8da009f2af1bbe8a1,222,included_in_public_release,author_created_derived_post_extraction_card,not_included_mixed_public_or_provider_access,not_redistributed_no_rights_grant,withheld_hash_locator_only
5c5dbe5c99524cf2253e,NVDA,FY2021_Q4,FY2022_Q1,f8f180aae466a6ef2475b0d6,7a4bbc3f18aaf8c3f2643295,ledger_forward+shock_forward,claim,NVIDIA::Data Center,CONTRIBUTES_TO,demand,demand,demand,positive,high,0.9,False,explicit,[41],explicit_segment,c9863abb5f023e4c74f8c1c9,FY2022_Q1,Forecast/Guidance,0.3803717769338397,2,True,False,unknown,full_mainpanel,semi_infra_tooling,e1d35963e16cc1697e6d3540d5b4a63919f4d9929f1f75fdd2c13b38ad11c146,213,included_in_public_release,author_created_derived_post_extraction_card,not_included_mixed_public_or_provider_access,not_redistributed_no_rights_grant,withheld_hash_locator_only
7b8a838903784df226c6,NVDA,FY2021_Q4,FY2022_Q1,3cd49900eda6a8f3a95ae0a2,eece3c284ac68275597869d1,ledger_forward+shock_forward,event,NVIDIA::Gaming,LIMITS_REVENUE_OF,inventory,inventory,inventory_channel,negative,medium,0.95,True,,[29],explicit_tail,7632712e843328e384ebe0a3,FY2022_Q1,Forecast/Guidance,0.49870077953228065,1,True,False,persistent,full_mainpanel,semi_infra_tooling,59b761bbc935b7c6521adaeff96a35ede2aff05058c624b0a32ab4df95b6cec7,92,included_in_public_release,author_created_derived_post_extraction_card,not_included_mixed_public_or_provider_access,not_redistributed_no_rights_grant,withheld_hash_locator_only
b328cc0e212b95ddbd64,NVDA,FY2022_Q1,FY2022_Q2,cea5430f0a0453a55e9a9b67,fd79c60a1a6bfefa2cbbc802,ledger_forward+shock_forward,claim,NVIDIA::Gaming,DRIVES_DEMAND_FOR,demand,demand,demand,positive,high,1.0,True,explicit,[10],explicit_segment,b8b0a27b6ec39cb4bb522c62,FY2022_Q2,Forecast/Guidance,0.48754636989931105,1,True,False,persistent,full_mainpanel,semi_infra_tooling,ab115a61d149f6d10eb089d60f83e2f53563c1e5e110be7c3210309d37aa7a0a,210,included_in_public_release,author_created_derived_post_extraction_card,not_included_mixed_public_or_provider_access,not_redistributed_no_rights_grant,withheld_hash_locator_only
7fabc62ab033518cec33,NVDA,FY2022_Q1,FY2022_Q2,384647f0f3133f89de4c5c4b,429109278426d54c2b09a05e,ledger_forward+shock_forward,claim,NVIDIA::Professional Visualization,BOOSTS_REVENUE_OF,demand,demand,demand,positive,medium,1.0,True,explicit,"[29,30]",explicit_segment_with_path,1b3318d2aa7d40824b1642fd,FY2022_Q2,Forecast/Guidance,0.06571277159512454,3,True,False,persistent,full_mainpanel,semi_infra_tooling,45e9630abb3ad80a50260f4269871304b9209a72a7fb1873465114b79f396faa,205,included_in_public_release,author_created_derived_post_extraction_card,not_included_mixed_public_or_provider_access,not_redistributed_no_rights_grant,withheld_hash_locator_only
b187ca4a2ce6cf577ab8,NVDA,FY2022_Q1,FY2022_Q2,1c877cee3ebeabac231562da,240daad391a0f00ef89cdb21,ledger_forward+shock_forward,claim,NVIDIA::Automotive,BOOSTS_REVENUE_OF,product_transition,product_transition,product_transition,positive,medium,1.0,True,explicit,[33],explicit_segment,903d83e96db887b0064b6801,FY2022_Q2,Forecast/Guidance,0.02720367426249779,5,True,False,persistent,full_mainpanel,semi_infra_tooling,5db3343a2e86ccf107564577d05134bc7d54aa0c7082a2cadb3b62b5aabb5984,106,included_in_public_release,author_created_derived_post_extraction_card,not_included_mixed_public_or_provider_access,not_redistributed_no_rights_grant,withheld_hash_locator_only
abb4a86a368cdab0bbf2,NVDA,FY2022_Q1,FY2022_Q2,62457f8be628dcb3397a7fcb,25148ad71b4345e8bcff5a6b,ledger_forward+shock_forward,claim,NVIDIA::Data Center,BOOSTS_REVENUE_OF,demand,demand,demand,positive,high,1.0,True,explicit,[72],explicit_segment,def0ecf9f03bd85323e9c831,FY2022_Q2,Forecast/Guidance,0.3617735382441265,2,True,False,persistent,full_mainpanel,semi_infra_tooling,53a3a85716bc81c9dec6781a1f81d8d99f506e20ee517fb4bb32a68e43deb614,157,included_in_public_release,author_created_derived_post_extraction_card,not_included_mixed_public_or_provider_access,not_redistributed_no_rights_grant,withheld_hash_locator_only
b0010253272d2960c917,NVDA,FY2022_Q1,FY2022_Q2,948e6fd6ecac50366ef273ed,9f1e5fd10c4ccbc439c54787,ledger_forward+shock_forward,event,NVIDIA::OEM and Other,BOOSTS_REVENUE_OF,demand,demand,demand,positive,high,0.95,True,,[48],explicit_tail,a3abc9fb27d4678b20131393,FY2022_Q2,Forecast/Guidance,0.057763645998940114,4,True,False,persistent,full_mainpanel,semi_infra_tooling,577801c2c693430ff15c7d039d548dfc8657805949f2f6208a5b2a395d100003,49,included_in_public_release,author_created_derived_post_extraction_card,not_included_mixed_public_or_provider_access,not_redistributed_no_rights_grant,withheld_hash_locator_only
bce7790073fb6f714d49,NVDA,FY2022_Q2,FY2022_Q3,3547831566a183da616f8e0d,7c222a2d8eea2a1f4584d266,ledger_forward+shock_forward,claim,NVIDIA::Gaming,BOOSTS_REVENUE_OF,demand,demand,demand,positive,medium,0.9,True,explicit,[76],explicit_segment,73d3cb9602c9799174b18eb3,FY2022_Q3,Forecast/Guidance,0.47041647456585217,1,True,False,persistent,full_mainpanel,semi_infra_tooling,c2b6d696ad36672295ffbf82bea64253800336735497645d7125e0f05ebd7962,122,included_in_public_release,author_created_derived_post_extraction_card,not_included_mixed_public_or_provider_access,not_redistributed_no_rights_grant,withheld_hash_locator_only
1d19135ea3e94f0d2fa4,NVDA,FY2022_Q2,FY2022_Q3,6d068c63b5bd149ed5ae4ab8,c701b45dd6e8202f22caed82,ledger_forward+shock_forward,claim,NVIDIA::Gaming,CONSTRAINS_PRODUCTION_OF,supply,supply,supply_capacity,negative,high,0.95,True,explicit,[73],explicit_segment,7d0cbb118325c5ac4e600160,FY2022_Q3,Forecast/Guidance,0.47041647456585217,1,True,False,persistent,full_mainpanel,semi_infra_tooling,d9ccb1285a0616b03df2ab1275d6b2dab42d248892f7579f6cd0f4bef9521ea6,105,included_in_public_release,author_created_derived_post_extraction_card,not_included_mixed_public_or_provider_access,not_redistributed_no_rights_grant,withheld_hash_locator_only
df0e0b0e555b3ce68315,NVDA,FY2022_Q2,FY2022_Q3,8419f83f4517d24741d8f28f,9e06d61bd012e495ddf60975,ledger_forward+shock_forward,event,NVIDIA::Data Center,BOOSTS_REVENUE_OF,demand,demand,demand,positive,high,1.0,True,,[117],explicit_tail,d8b5463b0a671c1dd9b3e582,FY2022_Q3,Forecast/Guidance,0.36360842169970803,2,True,False,persistent,full_mainpanel,semi_infra_tooling,def3bc6080e434f1f2b65c3b99218949cc694787f92eb1120084b6ac6cf9a3ac,109,included_in_public_release,author_created_derived_post_extraction_card,not_included_mixed_public_or_provider_access,not_redistributed_no_rights_grant,withheld_hash_locator_only
ac47131acebc55f99349,NVDA,FY2022_Q2,FY2022_Q3,b6584bd53198926c5f13fb00,7ef043acba6c3942f869a698,ledger_forward+shock_forward,event,NVIDIA::Gaming,LIMITS_REVENUE_OF,inventory,inventory,inventory_channel,negative,medium,1.0,True,,[119],explicit_tail,7632712e843328e384ebe0a3,FY2022_Q3,Forecast/Guidance,0.47041647456585217,1,True,False,persistent,full_mainpanel,semi_infra_tooling,c2b6d696ad36672295ffbf82bea64253800336735497645d7125e0f05ebd7962,122,included_in_public_release,author_created_derived_post_extraction_card,not_included_mixed_public_or_provider_access,not_redistributed_no_rights_grant,withheld_hash_locator_only
1284af2a7ad5317c1504,NVDA,FY2022_Q2,FY2022_Q3,1a223534e6f00b0b2b7353b7,bd17c8699d2601ea93188ea6,ledger_forward+shock_forward,event,NVIDIA::OEM and Other,LIMITS_REVENUE_OF,demand,demand,demand,negative,medium,1.0,True,,[45],explicit_tail,a3abc9fb27d4678b20131393,FY2022_Q3,Forecast/Guidance,0.06285538650683879,4,True,False,persistent,full_mainpanel,semi_infra_tooling,f0e416c8b841432e5fadc511ee6d027b0c1c24fe8ae4cd9c48752a07bd5fa386,196,included_in_public_release,author_created_derived_post_extraction_card,not_included_mixed_public_or_provider_access,not_redistributed_no_rights_grant,withheld_hash_locator_only
be6dead5ee385ebe9811,NVDA,FY2022_Q3,FY2022_Q4,2d4238faf389d5b5e546f673,62e824aca63d17db5f769081,ledger_forward+shock_forward,claim,NVIDIA::Data Center,DRIVES_DEMAND_FOR,demand,demand,demand,positive,high,1.0,True,explicit,[103],explicit_segment_with_path,127444e45cd833411a0d47bf,FY2022_Q4,Forecast/Guidance,0.4133464733211319,2,True,False,persistent,full_mainpanel,semi_infra_tooling,080f43909ba319f2027cb92035ba4f978c7869907aaba7df52440faa5d13521d,166,included_in_public_release,author_created_derived_post_extraction_card,not_included_mixed_public_or_provider_access,not_redistributed_no_rights_grant,withheld_hash_locator_only
c267e03473b67681635d,NVDA,FY2022_Q3,FY2022_Q4,0cd4ba35ba5500c31d12cf88,1ea8e62dab77140f5fd7a315,ledger_forward+shock_forward,event,NVIDIA::Data Center,SUPPORTS_REVENUE_OF,supply,supply,supply_capacity,positive,high,0.9,True,,[267],explicit_tail,d8b5463b0a671c1dd9b3e582,FY2022_Q4,Forecast/Guidance,0.4133464733211319,2,True,False,persistent,full_mainpanel,semi_infra_tooling,70c76ebf74924a6b68fb58084f1d295622b3f1ff445a372c1152221f15d7a685,126,included_in_public_release,author_created_derived_post_extraction_card,not_included_mixed_public_or_provider_access,not_redistributed_no_rights_grant,withheld_hash_locator_only
ee1ab96401655cdabc30,NVDA,FY2022_Q4,FY2023_Q1,fe5409876e9648a42c4c26e1,e437b47c7db6afe084ab5531,ledger_forward+shock_forward,event,NVIDIA::Data Center,LIMITS_REVENUE_OF,supply,supply,supply_capacity,negative,medium,0.95,True,,[194],explicit_tail,d8b5463b0a671c1dd9b3e582,FY2023_Q1,Forecast/Guidance,0.42692659950281303,2,True,False,persistent,full_mainpanel,semi_infra_tooling,f14277160cafc76a111734e3db34606241e8792282c51b235879b7923e58f100,118,included_in_public_release,author_created_derived_post_extraction_card,not_included_mixed_public_or_provider_access,not_redistributed_no_rights_grant,withheld_hash_locator_only
be4fccd2ca7f7a040811,NVDA,FY2022_Q4,FY2023_Q1,81b955ac2b85aa1d9008134b,16e9732e79f2df1e104c76a9,ledger_forward+shock_forward,event,NVIDIA::Data Center,BOOSTS_REVENUE_OF,supply,supply,supply_capacity,positive,medium,0.9,True,,[196],explicit_tail,d8b5463b0a671c1dd9b3e582,FY2023_Q1,Forecast/Guidance,0.42692659950281303,2,True,False,persistent,full_mainpanel,semi_infra_tooling,f3f79dc6d4652346853800ab1e5922d4f76eb71be81de20c54cc53b95c8e59a9,120,included_in_public_release,author_created_derived_post_extraction_card,not_included_mixed_public_or_provider_access,not_redistributed_no_rights_grant,withheld_hash_locator_only
26f35bbc4c278d68d4a8,NVDA,FY2022_Q4,FY2023_Q1,bda925927a6bc31cc4757242,6c764bf152828e57777d1652,ledger_forward+shock_forward,event,NVIDIA::Gaming,BOOSTS_REVENUE_OF,demand,demand,demand,positive,medium,0.9,True,,[139],explicit_tail,7632712e843328e384ebe0a3,FY2023_Q1,Forecast/Guidance,0.4474682716210912,1,True,False,persistent,full_mainpanel,semi_infra_tooling,c24178dab42f6019c23547a44224cd86f71badccfba6b9b9d10353ade6324ab8,38,included_in_public_release,author_created_derived_post_extraction_card,not_included_mixed_public_or_provider_access,not_redistributed_no_rights_grant,withheld_hash_locator_only
cd1077831bfdec5413dc,NVDA,FY2022_Q4,FY2023_Q1,57276284715ff083d76df86d,2ff81d8c56c05bd8c9d45b71,ledger_forward+shock_forward,event,NVIDIA::Automotive,BOOSTS_REVENUE_OF,demand,demand,demand,positive,medium,0.9,True,,[351],explicit_tail,0c1e0638f72009a52bc57234,FY2023_Q1,Forecast/Guidance,0.01635483448907497,5,True,False,persistent,full_mainpanel,semi_infra_tooling,344e38486570f9715718a296fbb6f4ebf44f00d7a9b2ec1b1b1dad948a7d7521,82,included_in_public_release,author_created_derived_post_extraction_card,not_included_mixed_public_or_provider_access,not_redistributed_no_rights_grant,withheld_hash_locator_only
2ed037faf6128c68626a,NVDA,FY2023_Q1,FY2023_Q2,2265139dd1df4b2e627dc7c2,d6ef73808e89c030e58419c1,ledger_forward+shock_forward,claim,NVIDIA::Automotive,BOOSTS_REVENUE_OF,product_transition,product_transition,product_transition,positive,high,0.9,True,explicit,[27],explicit_segment,e8d76d71282398c007d9421d,FY2023_Q2,Forecast/Guidance,0.016650579150579152,5,True,False,persistent,full_mainpanel,semi_infra_tooling,adf196d493fa78aac03f21ce2e60a5a0749f26e92cd32536c6da1d9009ad3442,121,included_in_public_release,author_created_derived_post_extraction_card,not_included_mixed_public_or_provider_access,not_redistributed_no_rights_grant,withheld_hash_locator_only
6fa086c957fe7eda6e99,NVDA,FY2023_Q1,FY2023_Q2,9a4ab62f186e721482f5cbd6,2487fcfef491aeca0756ce59,ledger_forward+shock_forward,claim,NVIDIA::Gaming,LIMITS_REVENUE_OF,demand,demand,demand,negative,medium,0.95,False,explicit,[48],explicit_segment,00aeb1b9e92aa3ff9c49c02c,FY2023_Q2,Forecast/Guidance,0.43677606177606176,2,True,False,unknown,full_mainpanel,semi_infra_tooling,eda674d3b2257b58427a2e3792179049a57470785927ea9ccaecfd5caa4d1480,127,included_in_public_release,author_created_derived_post_extraction_card,not_included_mixed_public_or_provider_access,not_redistributed_no_rights_grant,withheld_hash_locator_only
a61a9753132650936505,NVDA,FY2023_Q1,FY2023_Q2,62a7470146128bbe191c34e8,4665b1ad3c145d6d469c304f,ledger_forward+shock_forward,event,NVIDIA::Gaming,LIMITS_REVENUE_OF,macro,macro,regulation_macro,negative,high,1.0,False,,[118],explicit_tail,7632712e843328e384ebe0a3,FY2023_Q2,Forecast/Guidance,0.43677606177606176,2,True,False,unknown,full_mainpanel,semi_infra_tooling,3b1046a6296067b1026ed213edad481eeb315f91ef1d8d877471875948e2689e,115,included_in_public_release,author_created_derived_post_extraction_card,not_included_mixed_public_or_provider_access,not_redistributed_no_rights_grant,withheld_hash_locator_only
f1448ff03d4168110854,NVDA,FY2023_Q1,FY2023_Q2,571cc7fe304d9cd0571b6f1a,414c804395e46797ef868e70,ledger_forward+shock_forward,event,NVIDIA::Data Center,LIMITS_REVENUE_OF,macro,macro,regulation_macro,negative,medium,1.0,False,,[120],explicit_tail,d8b5463b0a671c1dd9b3e582,FY2023_Q2,Forecast/Guidance,0.45246138996138996,1,True,False,unknown,full_mainpanel,semi_infra_tooling,6710d75d6c4f2cfc6bae76d6784d3d8ec043c10a7dd064293b6781e9ac625473,94,included_in_public_release,author_created_derived_post_extraction_card,not_included_mixed_public_or_provider_access,not_redistributed_no_rights_grant,withheld_hash_locator_only
a0ddbcc7786480636d63,NVDA,FY2023_Q1,FY2023_Q2,ca11eb8a2acf775fd8abbd92,90a20ab7354a6b5ecfab8218,ledger_forward+shock_forward,event,NVIDIA::Gaming,SUPPORTS_REVENUE_OF,inventory,inventory,inventory_channel,positive,medium,0.8,False,,[36],explicit_tail,7632712e843328e384ebe0a3,FY2023_Q2,Forecast/Guidance,0.43677606177606176,2,True,False,unknown,full_mainpanel,semi_infra_tooling,cc37b54308467cbc90aab50c9e1eee806084e507d9d2c1257691ad9d410cf20c,93,included_in_public_release,author_created_derived_post_extraction_card,not_included_mixed_public_or_provider_access,not_redistributed_no_rights_grant,withheld_hash_locator_only
35764087ea7fcb06e8b9,NVDA,FY2023_Q2,FY2023_Q3,ccb57c39bd3a0f4d684f96bd,abc4c810ce77aa432fa2a93e,ledger_forward+shock_forward,claim,NVIDIA::Gaming,DRIVES_DEMAND_FOR,demand,product_transition,demand,positive,medium,0.8,True,explicit,[37],explicit_segment,a8f66debc7416e4db2490be6,FY2023_Q3,Forecast/Guidance,0.3045942720763723,2,True,False,persistent,full_mainpanel,semi_infra_tooling,9091d815f343f47881a4f55b7c7f34ebb9815f204f4b12b5b5022d0198c27f31,191,included_in_public_release,author_created_derived_post_extraction_card,not_included_mixed_public_or_provider_access,not_redistributed_no_rights_grant,withheld_hash_locator_only
2eb73adac435b9915761,NVDA,FY2023_Q2,FY2023_Q3,87cc916d05e9c0fcc3bc7c20,ac8d0f6633fe3b37cd6c84ef,ledger_forward+shock_forward,event,NVIDIA::Professional Visualization,LIMITS_REVENUE_OF,macro,macro,regulation_macro,negative,medium,0.9,True,,[43],explicit_tail,8ce243d8a4258418e5d6a70a,FY2023_Q3,Forecast/Guidance,0.07398568019093078,3,True,False,persistent,full_mainpanel,semi_infra_tooling,56bc2abbce05a777891c9df8d00c8c2be822cb05460e2292d60b146fc191b369,142,included_in_public_release,author_created_derived_post_extraction_card,not_included_mixed_public_or_provider_access,not_redistributed_no_rights_grant,withheld_hash_locator_only
d1fa61c08476d3b364a1,NVDA,FY2023_Q3,FY2023_Q4,ef7a99603a54f18eae07f084,b79c231350e0e66b36c02224,ledger_forward+shock_forward,claim,NVIDIA::Data Center,CONSTRAINS_PRODUCTION_OF,supply,demand,demand,negative,medium,0.95,True,explicit,[47],explicit_segment,e4050d4b76aacf4a5638a514,FY2023_Q4,Forecast/Guidance,0.6462653852638678,1,True,False,persistent,full_mainpanel,semi_infra_tooling,0fa93c7f9a78661ae20e852f0d59a680dc10cf56764ac64ccd370a42e1c10ea6,123,included_in_public_release,author_created_derived_post_extraction_card,not_included_mixed_public_or_provider_access,not_redistributed_no_rights_grant,withheld_hash_locator_only
e68b115d5851f80909da,NVDA,FY2023_Q3,FY2023_Q4,f93777ceb35a0b6b20b0e8df,d7f3548ec6e897933fad8642,ledger_forward,event,NVIDIA::Gaming,LIMITS_REVENUE_OF,inventory,inventory,inventory_channel,negative,high,0.95,True,,[20],explicit_tail,7632712e843328e384ebe0a3,FY2023_Q4,Realized/Reporting,0.2653852638678132,2,True,False,persistent,full_mainpanel,semi_infra_tooling,4870f535255315cae6c9a7543cba338abdcb417a5d88a58f7c2a2d777f5bae26,133,included_in_public_release,author_created_derived_post_extraction_card,not_included_mixed_public_or_provider_access,not_redistributed_no_rights_grant,withheld_hash_locator_only
5350b978c713aa55e8ab,NVDA,FY2023_Q3,FY2023_Q4,fbd5de6abab8366377fc327b,c22b84c41e86f5825f5c6041,ledger_forward+shock_forward,event,NVIDIA::Data Center,LIMITS_REVENUE_OF,demand,demand,demand,negative,medium,0.95,True,,[30],explicit_tail,d8b5463b0a671c1dd9b3e582,FY2023_Q4,Forecast/Guidance,0.6462653852638678,1,True,False,persistent,full_mainpanel,semi_infra_tooling,93c7569e574492842f01a6cbe51246580da56abffaafca37eb49ec69c858aa53,108,included_in_public_release,author_created_derived_post_extraction_card,not_included_mixed_public_or_provider_access,not_redistributed_no_rights_grant,withheld_hash_locator_only
af3af038953dbc8e5dcb,NVDA,FY2023_Q3,FY2023_Q4,acf8641497652eda8fac3b1f,20a900182a62b971af7670bf,ledger_forward+shock_forward,event,NVIDIA::Automotive,BOOSTS_REVENUE_OF,demand,demand,demand,positive,medium,0.95,True,,[108],explicit_tail,0c1e0638f72009a52bc57234,FY2023_Q4,Forecast/Guidance,0.04232001348845051,3,True,False,persistent,full_mainpanel,semi_infra_tooling,84113f174d9b7a66c210d12ed662d03d56ffdb241cdeee901e0a10d5c4ca56c3,68,included_in_public_release,author_created_derived_post_extraction_card,not_included_mixed_public_or_provider_access,not_redistributed_no_rights_grant,withheld_hash_locator_only
0924d73cb06801abf61c,NVDA,FY2023_Q4,FY2024_Q1,fb70a40a8db35f25f2c29355,404ee95fcc7d355620fa78d8,ledger_forward+shock_forward,claim,NVIDIA::Data Center,BOOSTS_REVENUE_OF,product_transition,product_transition,product_transition,positive,medium,0.9,True,explicit,[32],explicit_segment,6d8f28964106e29a57492f15,FY2024_Q1,Forecast/Guidance,0.5975871756734424,1,True,False,persistent,full_mainpanel,semi_infra_tooling,654eab800ddf216c25593d32bd73ff9a53480c9868e1b3a0c18a41fc81b76ae2,218,included_in_public_release,author_created_derived_post_extraction_card,not_included_mixed_public_or_provider_access,not_redistributed_no_rights_grant,withheld_hash_locator_only
50d38140a81c9783ab00,NVDA,FY2023_Q4,FY2024_Q1,69598e8aac04dfa788b32b8e,4f058e8a23a01c6273f0ac18,ledger_forward+shock_forward,claim,NVIDIA::Data Center,DRIVES_DEMAND_FOR,demand,product_transition,demand,positive,medium,0.9,True,explicit,[80],explicit_segment,e10adc402f946b1998c21ef3,FY2024_Q1,Forecast/Guidance,0.5975871756734424,1,True,False,persistent,full_mainpanel,semi_infra_tooling,13746a3a377a1ce10d447f5972eb9126e375e1f5baeab8f3ec3ef6b6b21c09ed,271,included_in_public_release,author_created_derived_post_extraction_card,not_included_mixed_public_or_provider_access,not_redistributed_no_rights_grant,withheld_hash_locator_only
6323c6c67d1a87b18a69,NVDA,FY2023_Q4,FY2024_Q1,c3a48a41b69c39e2a7926987,efdb56c80a3da1a19e0a747e,ledger_forward+shock_forward,event,NVIDIA::Data Center,BOOSTS_REVENUE_OF,demand,demand,demand,positive,high,0.95,True,,[394],explicit_tail,d8b5463b0a671c1dd9b3e582,FY2024_Q1,Forecast/Guidance,0.5975871756734424,1,True,False,persistent,full_mainpanel,semi_infra_tooling,2ca5efe9dc24b7c0e09b083d20a16d7838f96061aa2f489f6a38b9b89a81961c,223,included_in_public_release,author_created_derived_post_extraction_card,not_included_mixed_public_or_provider_access,not_redistributed_no_rights_grant,withheld_hash_locator_only
bc56bb72c941b33d5ed4,NVDA,FY2023_Q4,FY2024_Q1,ede287906ddd24c8ca75d85a,45530204b7ef76f1ce39c5ee,ledger_forward+shock_forward,event,NVIDIA::Gaming,LIMITS_REVENUE_OF,inventory,inventory,inventory_channel,negative,medium,0.95,True,,[104],explicit_tail,7632712e843328e384ebe0a3,FY2024_Q1,Forecast/Guidance,0.3025946124607503,2,True,False,persistent,full_mainpanel,semi_infra_tooling,20b3ca07cfae955f7641240d33c8f6b7ae3833c1502bd3d24f18b7c4cfb2ea12,127,included_in_public_release,author_created_derived_post_extraction_card,not_included_mixed_public_or_provider_access,not_redistributed_no_rights_grant,withheld_hash_locator_only
e41dc203cb88c513673f,NVDA,FY2024_Q1,FY2024_Q2,ed3b4f7ac8fccbe6a9316f41,dbf214ee6c1ae1f2c75f596d,ledger_forward+shock_forward,claim,NVIDIA::Professional Visualization,SUPPORTS_REVENUE_OF,product_transition,product_transition,product_transition,positive,medium,0.85,True,explicit,[28],explicit_segment,2e0914deb8d9020614c3279a,FY2024_Q2,Forecast/Guidance,0.04101779755283649,4,True,False,persistent,full_mainpanel,semi_infra_tooling,0ccc869df910a106d29c7c0d00cfaa066d6d11d0ae3ce6ae21e9114783ebcc47,178,included_in_public_release,author_created_derived_post_extraction_card,not_included_mixed_public_or_provider_access,not_redistributed_no_rights_grant,withheld_hash_locator_only
fcac3c35aaa45d6c7e20,NVDA,FY2024_Q1,FY2024_Q2,6cec95f75caa62d834ad043e,bbe18c7b96901a8e0d8a949f,ledger_forward+shock_forward,event,NVIDIA::Data Center,BOOSTS_REVENUE_OF,demand,demand,demand,positive,high,0.95,True,,[147],explicit_tail,d8b5463b0a671c1dd9b3e582,FY2024_Q2,Forecast/Guidance,0.5956618464961068,1,True,False,persistent,full_mainpanel,semi_infra_tooling,f77e0b4170c3e8e13b59e149792a5c04980d81297d59313c1b1d783ebbff50b8,271,included_in_public_release,author_created_derived_post_extraction_card,not_included_mixed_public_or_provider_access,not_redistributed_no_rights_grant,withheld_hash_locator_only
ca4ca5efe926f2039ff9,NVDA,FY2024_Q2,FY2024_Q3,97f8086aabcb0c20d4a505fb,9c2d90d0f3fe4e33e89c39e5,ledger_forward+shock_forward,claim,NVIDIA::Data Center,DRIVES_DEMAND_FOR,demand,demand,demand,positive,high,1.0,True,explicit,[47],explicit_segment,af5c77c02f494511a8965d6d,FY2024_Q3,Forecast/Guidance,0.7642703783223513,1,True,False,persistent,full_mainpanel,semi_infra_tooling,de9a7205d6c31d9d0af7852086a5f8224dea1d6fe8fa8999f235437ef3c50c64,116,included_in_public_release,author_created_derived_post_extraction_card,not_included_mixed_public_or_provider_access,not_redistributed_no_rights_grant,withheld_hash_locator_only
48e83abcadc9d013cba4,NVDA,FY2024_Q2,FY2024_Q3,6532e6326ae41c186a1bee88,254e91013d1f397a983e986e,ledger_forward+shock_forward,claim,NVIDIA::Data Center,BOOSTS_REVENUE_OF,product_transition,product_transition,product_transition,positive,medium,1.0,True,explicit,[144],explicit_segment_with_path,35a5a0489a54c6cc82e69314,FY2024_Q3,Forecast/Guidance,0.7642703783223513,1,True,False,persistent,full_mainpanel,semi_infra_tooling,eaa038ec4ea67d41fa981aff2e8aee281d147b4409ec2fbb0edee0679d32dac2,260,included_in_public_release,author_created_derived_post_extraction_card,not_included_mixed_public_or_provider_access,not_redistributed_no_rights_grant,withheld_hash_locator_only
673ff3dcf95ec2a082cc,NVDA,FY2024_Q2,FY2024_Q3,3ffdd61f95894c40c728bd1b,58cd56b63cbb7faec77a46fa,ledger_forward+shock_forward,event,NVIDIA::Data Center,BOOSTS_REVENUE_OF,supply,supply,supply_capacity,positive,high,0.95,True,,[34],explicit_tail,d8b5463b0a671c1dd9b3e582,FY2024_Q3,Forecast/Guidance,0.7642703783223513,1,True,False,persistent,full_mainpanel,semi_infra_tooling,2fef90723fefd901f5dfdcf9ad48137c1a54227d62e54b60fd018a717b35b3b2,60,included_in_public_release,author_created_derived_post_extraction_card,not_included_mixed_public_or_provider_access,not_redistributed_no_rights_grant,withheld_hash_locator_only
d408de11f95bbee92265,NVDA,FY2024_Q3,FY2024_Q4,2f1ce9600dd81d77c3a8b05e,4272d75b95b36c22c433e77a,ledger_forward+shock_forward,claim,NVIDIA::Data Center,DRIVES_DEMAND_FOR,demand,demand,demand,positive,medium,0.95,True,explicit,[22],explicit_segment,a3e3c02fe340e2c841461c77,FY2024_Q4,Forecast/Guidance,0.8009933774834437,1,True,False,persistent,full_mainpanel,semi_infra_tooling,ca34ec096b08880aede29daf1a5781b81543ef5dff27e10a088280f8dd12a02b,135,included_in_public_release,author_created_derived_post_extraction_card,not_included_mixed_public_or_provider_access,not_redistributed_no_rights_grant,withheld_hash_locator_only
694ff03d601b8adec535,NVDA,FY2024_Q3,FY2024_Q4,be13f6adeda40cdc1b5e3c09,85af3ddf422e7c047bda338e,ledger_forward+shock_forward,claim,NVIDIA::Data Center,SUPPORTS_REVENUE_OF,supply,supply,supply_capacity,positive,high,1.0,True,explicit,[18],explicit_segment,f7037b0fe082eb715978cf58,FY2024_Q4,Forecast/Guidance,0.8009933774834437,1,True,False,persistent,full_mainpanel,semi_infra_tooling,bf7b14b4d878894144bd9b4a1bfa63fb443da460686f8d09c6410c4fa976ec6e,127,included_in_public_release,author_created_derived_post_extraction_card,not_included_mixed_public_or_provider_access,not_redistributed_no_rights_grant,withheld_hash_locator_only
99729dde794afd3ffb90,NVDA,FY2024_Q3,FY2024_Q4,0b9957ef89fa3012f5456aa2,9a219c0915e4a76c4f946bca,ledger_forward+shock_forward,claim,NVIDIA::Data Center,BOOSTS_REVENUE_OF,product_transition,product_transition,product_transition,positive,medium,0.9,False,explicit,[33],explicit_segment,2167a5997720a500df086d52,FY2024_Q4,Forecast/Guidance,0.8009933774834437,1,True,False,unknown,full_mainpanel,semi_infra_tooling,ddbc571ceac47e5663c2115ef4a62a00d1985b521d58ff329a126f991a420afb,185,included_in_public_release,author_created_derived_post_extraction_card,not_included_mixed_public_or_provider_access,not_redistributed_no_rights_grant,withheld_hash_locator_only
bdb147b52c826747a6ae,NVDA,FY2024_Q3,FY2024_Q4,a408f2c285a1180b6e372c3a,a7abb3b8ce6fad7f3a79bfb5,ledger_forward+shock_forward,claim,NVIDIA::Data Center,SUPPORTS_REVENUE_OF,revenue_boost,other,revenue_boost_limit,positive,medium,0.9,False,explicit,[28],explicit_segment,047993e0073d1b92adbea3df,FY2024_Q4,Forecast/Guidance,0.8009933774834437,1,True,False,unknown,full_mainpanel,semi_infra_tooling,db9eda072663db67e2657626b20f6f286d16bff833d72184fe37ee706a3f2723,123,included_in_public_release,author_created_derived_post_extraction_card,not_included_mixed_public_or_provider_access,not_redistributed_no_rights_grant,withheld_hash_locator_only
1cd504e9bb6beba374f6,NVDA,FY2024_Q4,FY2025_Q1,913cb5c601227e97e27e36e7,b7becef38a33286014dc5d72,ledger_forward+shock_forward,claim,NVIDIA::Data Center,BOOSTS_REVENUE_OF,product_transition,product_transition,product_transition,positive,medium,1.0,True,explicit,[70],explicit_segment_with_path,af048d82e4162b888e86bb38,FY2025_Q1,Forecast/Guidance,0.8326471519703208,1,True,False,persistent,full_mainpanel,semi_infra_tooling,3b3c94fa2f3ab85150a48e04383d0bea35add9bc9398c4024b75265d65f93bd0,74,included_in_public_release,author_created_derived_post_extraction_card,not_included_mixed_public_or_provider_access,not_redistributed_no_rights_grant,withheld_hash_locator_only
6df46a8f52218c7fd951,NVDA,FY2024_Q4,FY2025_Q1,89de7fb8d8059780cc1df90b,0efc14d388a93c610d0f8007,ledger_forward+shock_forward,claim,NVIDIA::Automotive,BOOSTS_REVENUE_OF,product_transition,product_transition,product_transition,positive,medium,1.0,True,explicit,[38],explicit_segment,621b757a31ba6935fa8068ca,FY2025_Q1,Forecast/Guidance,0.012713206352078904,4,True,False,persistent,full_mainpanel,semi_infra_tooling,042376c13429ab596af8c2d93c70bdf928e0cdd81b118be65653c8fad8d3e2c1,48,included_in_public_release,author_created_derived_post_extraction_card,not_included_mixed_public_or_provider_access,not_redistributed_no_rights_grant,withheld_hash_locator_only
1c757ce4d9ec90c03dee,NVDA,FY2024_Q4,FY2025_Q1,ad26c50ec2e9ce483c52cf4d,e31fe5f60b46e9e81054a2b8,ledger_forward,event,UNKNOWN,LIMITS_REVENUE_OF,supply,supply,supply_capacity,negative,high,0.95,True,,[35],unresolved,da5fa8ea7c99d09b043049fb,FY2025_Q1,Forecast/Guidance,,0,True,False,persistent,full_mainpanel,semi_infra_tooling,a089876c2bfbe9599347a893b153d27af0aee511abb15d02a4de5b54a2144dca,93,included_in_public_release,author_created_derived_post_extraction_card,not_included_mixed_public_or_provider_access,not_redistributed_no_rights_grant,withheld_hash_locator_only
2ff2df5fa0825de27b23,NVDA,FY2025_Q1,FY2025_Q2,70747b9505a867ddfae44975,f8f4c25a7ec4c9f40a35805e,ledger_forward+shock_forward,claim,NVIDIA::Data Center,DRIVES_DEMAND_FOR,demand,demand,demand,positive,high,1.0,True,explicit,[20],explicit_segment,2f185e3cc5acd520d169f26f,FY2025_Q2,Forecast/Guidance,0.8663415757948087,1,True,False,persistent,full_mainpanel,semi_infra_tooling,73284bcb413997fb36774ece91f52685a29906f840f736de59e5e70257013678,169,included_in_public_release,author_created_derived_post_extraction_card,not_included_mixed_public_or_provider_access,not_redistributed_no_rights_grant,withheld_hash_locator_only
aa245a1b90c9dd42f260,NVDA,FY2025_Q1,FY2025_Q2,582994b0353985708dcc2081,561e9f78625a2763ee45b374,ledger_forward+shock_forward,claim,NVIDIA::Data Center,CONSTRAINS_PRODUCTION_OF,supply,demand,demand,negative,high,1.0,True,explicit,[40],explicit_segment,3ee0aca14daed26fb20881df,FY2025_Q2,Forecast/Guidance,0.8663415757948087,1,True,False,persistent,full_mainpanel,semi_infra_tooling,ab371675cffd851cda9c313ed6ff11ddded652c6f115150cd8e3ddeb8cefbc66,113,included_in_public_release,author_created_derived_post_extraction_card,not_included_mixed_public_or_provider_access,not_redistributed_no_rights_grant,withheld_hash_locator_only
7731b0474c2254e2dcce,NVDA,FY2025_Q1,FY2025_Q2,bb509fa0a4edeb9693e9d64b,bee1d16f5519723e374c921f,ledger_forward,event,NVIDIA::Data Center,BOOSTS_REVENUE_OF,product_transition,product_transition,product_transition,positive,high,1.0,True,,[78],explicit_tail,d8b5463b0a671c1dd9b3e582,FY2025_Q2,Realized/Reporting,0.8663415757948087,1,True,False,persistent,full_mainpanel,semi_infra_tooling,67e0bc5d4693a859edb6ce3b13dca62b7aa309f78ac3f4013dcd0c71832a480f,32,included_in_public_release,author_created_derived_post_extraction_card,not_included_mixed_public_or_provider_access,not_redistributed_no_rights_grant,withheld_hash_locator_only
a38f721fe79e6e5c810c,NVDA,FY2025_Q1,FY2025_Q2,e3a89c410023a760840c3f03,f671c54d0af94674e805ec85,ledger_forward,event,NVIDIA::Data Center,LIMITS_REVENUE_OF,supply,supply,supply_capacity,negative,medium,1.0,True,,[88],explicit_tail,d8b5463b0a671c1dd9b3e582,FY2025_Q2,Realized/Reporting,0.8663415757948087,1,True,False,persistent,full_mainpanel,semi_infra_tooling,3b6b379dc8d2cb4e1aacaa46e29a1faf60bf7a223c46b7e1b1cf3d4c3d93c210,202,included_in_public_release,author_created_derived_post_extraction_card,not_included_mixed_public_or_provider_access,not_redistributed_no_rights_grant,withheld_hash_locator_only
833bd95d9bd5d6173852,NVDA,FY2025_Q2,FY2025_Q3,b6932e4101d7a62fab0df81e,0de79481aae2ff80ff631435,ledger_forward,claim,NVIDIA::Data Center,DRIVES_DEMAND_FOR,demand,demand,demand,positive,high,1.0,True,explicit,[19],explicit_segment,672c744825ab1187eec233ca,FY2025_Q3,Realized/Reporting,0.8745672436750999,1,True,False,persistent,full_mainpanel,semi_infra_tooling,7000f7f621d5132cf6dc469709d4daf35103d89ed2d140cc3a5f150ebc645032,167,included_in_public_release,author_created_derived_post_extraction_card,not_included_mixed_public_or_provider_access,not_redistributed_no_rights_grant,withheld_hash_locator_only
6fadd4b71a54a176c8d9,NVDA,FY2025_Q2,FY2025_Q3,18d1d1bcbf2f795bd3166d82,04183146ed7b2a385e955aa2,ledger_forward,claim,NVIDIA::Data Center,SUPPORTS_REVENUE_OF,supply,supply,supply_capacity,positive,medium,1.0,False,explicit,[24],explicit_segment,d04639df252d10bee89d72e7,FY2025_Q3,Realized/Reporting,0.8745672436750999,1,True,False,unknown,full_mainpanel,semi_infra_tooling,e78afe43ad27b7131134ffde733fb56ce75b952d648008a863da432ae5adda17,44,included_in_public_release,author_created_derived_post_extraction_card,not_included_mixed_public_or_provider_access,not_redistributed_no_rights_grant,withheld_hash_locator_only
d65275ca1652ae20eff3,NVDA,FY2025_Q3,FY2025_Q4,7aaa83e1d2c031b1ff90c811,b009f9e37ad98d1622939fac,ledger_forward+shock_forward,claim,NVIDIA::Data Center,BOOSTS_REVENUE_OF,product_transition,product_transition,product_transition,mixed,medium,0.9,True,explicit,[49],explicit_segment,e073e646bf7d18bbc7c6b62a,FY2025_Q4,Forecast/Guidance,0.8771164699846075,1,True,False,persistent,full_mainpanel,semi_infra_tooling,b23be3197e773e0ae435e9339d9ac904cfe06a5473be66efc71724644a212827,71,included_in_public_release,author_created_derived_post_extraction_card,not_included_mixed_public_or_provider_access,not_redistributed_no_rights_grant,withheld_hash_locator_only
8d570d789602bf26df5f,NVDA,FY2025_Q3,FY2025_Q4,40a4238dc62b3eef4caeb455,8cd7e735dd1bb2c38ed02c20,ledger_forward+shock_forward,claim,NVIDIA::Data Center,DRIVES_DEMAND_FOR,demand,demand,demand,positive,high,0.9,True,explicit,[63],explicit_segment,e90ce0d7878fc75d44cde507,FY2025_Q4,Forecast/Guidance,0.8771164699846075,1,True,False,persistent,full_mainpanel,semi_infra_tooling,2884cbbe59f6adc1d10da68c22deae0cd7bd75346fcccc7ef05a308aa717ce97,98,included_in_public_release,author_created_derived_post_extraction_card,not_included_mixed_public_or_provider_access,not_redistributed_no_rights_grant,withheld_hash_locator_only
adb85f21b2ac5a7cb2cd,NVDA,FY2025_Q3,FY2025_Q4,ac4158ae9faa77cf32ca53e2,8f3127073f9636bdbc45b19a,ledger_forward+shock_forward,event,NVIDIA::Gaming,LIMITS_REVENUE_OF,supply,supply,supply_capacity,negative,medium,1.0,True,,[119],explicit_tail,7632712e843328e384ebe0a3,FY2025_Q4,Forecast/Guidance,0.09346673507781768,2,True,False,persistent,full_mainpanel,semi_infra_tooling,bc7f9d1c5db97da58c9a66cb0d2d9112e48a914b96eff50e65910a2b903bfc24,134,included_in_public_release,author_created_derived_post_extraction_card,not_included_mixed_public_or_provider_access,not_redistributed_no_rights_grant,withheld_hash_locator_only
98d247f9520ad1ce05f3,ORCL,FY2018_Q4,FY2019_Q1,9d9b87c935cbdb5793aed628,92cff8573fe99301d26640ee,ledger_forward,event,UNKNOWN,LIMITS_REVENUE_OF,macro,macro,regulation_macro,negative,high,1.0,True,,[82],unresolved,dc04cd2888bcbbe3b9772858,FY2019_Q1,Forecast/Guidance,,0,True,False,persistent,full_mainpanel,enterprise_software_cloud,932934a1f322d68587d3ddce5f6dcf079dea9e8a9aeee3f9a40328b2b3797519,154,included_in_public_release,author_created_derived_post_extraction_card,not_included_mixed_public_or_provider_access,not_redistributed_no_rights_grant,withheld_hash_locator_only
e983d3f6b15c252910ba,ORCL,FY2019_Q1,FY2019_Q2,aa501aaebd58488000789141,40c86ca7562e2dd26a67ebc8,ledger_forward+shock_forward,claim,Oracle::Cloud license and on-premise license,DRIVES_DEMAND_FOR,demand,competition,demand,positive,medium,0.8,True,inferred,[41],explicit_segment,9c3a53fad5727276d0deffaa,FY2019_Q2,Forecast/Guidance,0.09431088871967802,3,True,False,persistent,full_mainpanel,enterprise_software_cloud,da44e82f375b9954124e9baef49eaf21f1deb869cb919463c4a9143aac84d47a,99,included_in_public_release,author_created_derived_post_extraction_card,not_included_mixed_public_or_provider_access,not_redistributed_no_rights_grant,withheld_hash_locator_only
9258a2a0b43b4993896e,ORCL,FY2019_Q1,FY2019_Q2,2db67bcba99ccb9131eeb0fb,2890a50178273e9527ff4d2e,ledger_forward+shock_forward,event,Oracle::Cloud services and license support,LIMITS_REVENUE_OF,macro,macro,regulation_macro,negative,medium,0.95,True,,[324],explicit_tail,1fe73d85654c885fb77c074c,FY2019_Q2,Forecast/Guidance,0.7189165669531165,1,True,False,persistent,full_mainpanel,enterprise_software_cloud,34cb75a4306619006a229119fc556f69bb3e74320a438035d7f7d5303b3b9be2,210,included_in_public_release,author_created_derived_post_extraction_card,not_included_mixed_public_or_provider_access,not_redistributed_no_rights_grant,withheld_hash_locator_only
d0fda6a6cdfdf8570419,ORCL,FY2019_Q2,FY2019_Q3,21a60fae0027c2fd6b6af7fb,72d8128daf8c314fbe1a727a,ledger_forward+shock_forward,claim,Oracle::Hardware,DRIVES_DEMAND_FOR,demand,demand,demand,positive,high,0.9,True,explicit,[40],explicit_segment,bf4e6d681252e1a74819a1cd,FY2019_Q3,Forecast/Guidance,0.09318134281531061,3,True,False,persistent,full_mainpanel,enterprise_software_cloud,beeb3b0534c5114ca684c98b6f13c11236dd58b59d3082e8765bba174449a5f8,149,included_in_public_release,author_created_derived_post_extraction_card,not_included_mixed_public_or_provider_access,not_redistributed_no_rights_grant,withheld_hash_locator_only
bfd9033e225a23089924,ORCL,FY2019_Q2,FY2019_Q3,da9785313b45b7230bf63be0,fb0f2fdb18376f4ad7278d3d,ledger_forward+shock_forward,event,Oracle::Cloud services and license support,LIMITS_REVENUE_OF,macro,macro,regulation_macro,negative,medium,1.0,True,,[42],explicit_tail,1fe73d85654c885fb77c074c,FY2019_Q3,Forecast/Guidance,0.6941016523739804,1,True,False,persistent,full_mainpanel,enterprise_software_cloud,e05fdf5f0b92ace85ec30de958f6c228b3ff09c93e433f7848b0589ce9c57103,131,included_in_public_release,author_created_derived_post_extraction_card,not_included_mixed_public_or_provider_access,not_redistributed_no_rights_grant,withheld_hash_locator_only
0ee2333620b30142ee5b,ORCL,FY2019_Q3,FY2019_Q4,c2791e68da51797f86d89a58,41627cbe281fddd3c05744b6,ledger_forward+shock_forward,event,Oracle::Cloud services and license support,LIMITS_REVENUE_OF,macro,macro,regulation_macro,negative,medium,1.0,True,,[42],explicit_tail,1fe73d85654c885fb77c074c,FY2019_Q4,Forecast/Guidance,0.6929477844809653,1,True,False,persistent,full_mainpanel,enterprise_software_cloud,eb073a0c07838526167e021fb682a6f4d38608a2a9c565483b47b825ed06bdb6,142,included_in_public_release,author_created_derived_post_extraction_card,not_included_mixed_public_or_provider_access,not_redistributed_no_rights_grant,withheld_hash_locator_only
e89e042f782bf64d5e5e,ORCL,FY2019_Q4,FY2020_Q1,4ded840b54454b4c6bfadffe,5bfc756edade69272a86000f,ledger_forward+shock_forward,claim,Oracle::Cloud license and on-premise license,DRIVES_DEMAND_FOR,demand,demand,demand,positive,high,0.95,True,explicit,[14],explicit_segment_with_path,111e54b812eb413b5b1f07b0,FY2020_Q1,Forecast/Guidance,,0,True,False,persistent,full_mainpanel,enterprise_software_cloud,ea21077b1d91e6ba63a828d1104066bc932d4e855a043a0f8f7c2336bd88c772,163,included_in_public_release,author_created_derived_post_extraction_card,not_included_mixed_public_or_provider_access,not_redistributed_no_rights_grant,withheld_hash_locator_only
65575e420fa4c2c6abc4,ORCL,FY2019_Q4,FY2020_Q1,c722feefaec433a7cfb41e8c,e07acc001ad1c435f29288cb,ledger_forward,event,UNKNOWN,LIMITS_REVENUE_OF,macro,macro,regulation_macro,negative,medium,1.0,True,,[59],unresolved,dc04cd2888bcbbe3b9772858,FY2020_Q1,Forecast/Guidance,,0,True,False,persistent,full_mainpanel,enterprise_software_cloud,fd819fc4a23268bd815710906e9c46a8dfb93d41fec8a31f3bc3a80226828ada,134,included_in_public_release,author_created_derived_post_extraction_card,not_included_mixed_public_or_provider_access,not_redistributed_no_rights_grant,withheld_hash_locator_only
93e8aac228f3fa91fa21,ORCL,FY2019_Q4,FY2020_Q1,e35c13ac7d8eea1c7f0a21ab,c792f81e1d48cce278fb4681,ledger_forward+shock_forward,event,Oracle::Cloud services and license support,LIMITS_REVENUE_OF,macro,macro,regulation_macro,negative,medium,0.9,True,,[59],explicit_tail,1fe73d85654c885fb77c074c,FY2020_Q1,Forecast/Guidance,,0,True,False,persistent,full_mainpanel,enterprise_software_cloud,fd819fc4a23268bd815710906e9c46a8dfb93d41fec8a31f3bc3a80226828ada,134,included_in_public_release,author_created_derived_post_extraction_card,not_included_mixed_public_or_provider_access,not_redistributed_no_rights_grant,withheld_hash_locator_only
1be57584b13697d08a03,ORCL,FY2020_Q1,FY2020_Q2,cad3b6f014b6429db9980302,6e4e934f9a6ae04df12626c3,ledger_forward,event,UNKNOWN,LIMITS_REVENUE_OF,macro,macro,regulation_macro,negative,medium,0.95,True,,[50],unresolved,dc04cd2888bcbbe3b9772858,FY2020_Q2,Forecast/Guidance,,0,True,False,persistent,full_mainpanel,enterprise_software_cloud,e5d7596e9bd3a942c75ad23bf50c8a1abedeb66ea28ecbe070e1e9a8c871de1d,151,included_in_public_release,author_created_derived_post_extraction_card,not_included_mixed_public_or_provider_access,not_redistributed_no_rights_grant,withheld_hash_locator_only
5f248e4807dd064b2e59,ORCL,FY2020_Q2,FY2020_Q3,2d9c0126ee99574bd9a0dac6,7f264efc0780cd778fe0289c,ledger_forward+shock_forward,claim,Oracle::Cloud license and on-premise license,BOOSTS_REVENUE_OF,demand,demand,demand,positive,high,0.95,True,explicit,[202],explicit_segment_with_path,111e54b812eb413b5b1f07b0,FY2020_Q3,Forecast/Guidance,0.11712086540461826,2,True,False,persistent,full_mainpanel,enterprise_software_cloud,6ca63d75e3e84b215809c2959fd43619e8a7ab8266c09aacfd2542ff85ee76bc,128,included_in_public_release,author_created_derived_post_extraction_card,not_included_mixed_public_or_provider_access,not_redistributed_no_rights_grant,withheld_hash_locator_only
57fbb808a34207f3df99,ORCL,FY2020_Q2,FY2020_Q3,076dd80e67aaeaf93b84551c,49f010924d259289a01abbc5,ledger_forward+shock_forward,event,Oracle::Cloud services and license support,BOOSTS_REVENUE_OF,demand,demand,demand,positive,high,0.95,True,,[294],explicit_tail,1fe73d85654c885fb77c074c,FY2020_Q3,Forecast/Guidance,0.7084460162263366,1,True,False,persistent,full_mainpanel,enterprise_software_cloud,dbba9cc64c8903a3cb2affb4a76f761c6a8cb931735114de8af2beca67fc8590,93,included_in_public_release,author_created_derived_post_extraction_card,not_included_mixed_public_or_provider_access,not_redistributed_no_rights_grant,withheld_hash_locator_only
80b069f5514cd0b5ae33,ORCL,FY2020_Q2,FY2020_Q3,375c935d3809d4c836339c84,4f9d8be22cb90b4223965691,ledger_forward+shock_forward,event,Oracle::Cloud services and license support,BOOSTS_REVENUE_OF,product_transition,product_transition,product_transition,positive,high,0.95,True,,[297],explicit_tail,1fe73d85654c885fb77c074c,FY2020_Q3,Forecast/Guidance,0.7084460162263366,1,True,False,persistent,full_mainpanel,enterprise_software_cloud,aedd23e32c872dfbe21e75898259d83e054db771b8a0adb44e40d85812364de6,86,included_in_public_release,author_created_derived_post_extraction_card,not_included_mixed_public_or_provider_access,not_redistributed_no_rights_grant,withheld_hash_locator_only
1e41bdfcaeae963c4bf2,ORCL,FY2020_Q2,FY2020_Q3,98f28268007b7ff54fd2ae34,59dca5d3cc9e8cb678a99892,ledger_forward+shock_forward,event,Oracle::Cloud license and on-premise license,LIMITS_REVENUE_OF,product_transition,product_transition,product_transition,negative,medium,0.9,True,,[317],explicit_tail,0a33f80ab3be73b51e124516,FY2020_Q3,Forecast/Guidance,0.11712086540461826,2,True,False,persistent,full_mainpanel,enterprise_software_cloud,2765a0036011c98687bada8829f7052405391ad0d4eed2932711119e9520f689,154,included_in_public_release,author_created_derived_post_extraction_card,not_included_mixed_public_or_provider_access,not_redistributed_no_rights_grant,withheld_hash_locator_only
1e3e524986a38ffc6372,ORCL,FY2020_Q4,FY2021_Q1,3935ea8f960031aa7433223c,6667e1468229203d3b35564e,ledger_forward+shock_forward,claim,Oracle::Cloud services and license support,DRIVES_DEMAND_FOR,demand,demand,demand,positive,high,0.9,True,explicit,[52],explicit_segment_with_path,9c3a53fad5727276d0deffaa,FY2021_Q1,Forecast/Guidance,,0,True,False,persistent,full_mainpanel,enterprise_software_cloud,d8931aa07976b66451d2a27b30440e197c7f7c1b62c039b8d2e2d220d3cfce93,157,included_in_public_release,author_created_derived_post_extraction_card,not_included_mixed_public_or_provider_access,not_redistributed_no_rights_grant,withheld_hash_locator_only
5076a6e1d0a35fc410a2,ORCL,FY2020_Q4,FY2021_Q1,141cfd03fe7c86f29affcc84,786d31c46905befc7555a78a,ledger_forward+shock_forward,event,Oracle::Cloud license and on-premise license,LIMITS_REVENUE_OF,macro,macro,regulation_macro,negative,medium,1.0,True,,[96],explicit_tail,0a33f80ab3be73b51e124516,FY2021_Q1,Forecast/Guidance,,0,True,False,persistent,full_mainpanel,enterprise_software_cloud,3c8fe5a217649135bd97ff6a8fd1578348389a0c46ce5e020b02a85edfc911b0,107,included_in_public_release,author_created_derived_post_extraction_card,not_included_mixed_public_or_provider_access,not_redistributed_no_rights_grant,withheld_hash_locator_only
d97c57e21606a239818d,ORCL,FY2021_Q1,FY2021_Q2,5236928eb193dfb4d941816e,e4a28adff2255b84f297089e,ledger_forward,event,UNKNOWN,BOOSTS_REVENUE_OF,macro,macro,regulation_macro,positive,low,1.0,True,,[50],unresolved,da5fa8ea7c99d09b043049fb,FY2021_Q2,Forecast/Guidance,,0,True,False,persistent,full_mainpanel,enterprise_software_cloud,b30f541489ef5349b155c488368d10bb5c860830acd657961d1678e77f5a90a1,138,included_in_public_release,author_created_derived_post_extraction_card,not_included_mixed_public_or_provider_access,not_redistributed_no_rights_grant,withheld_hash_locator_only
854f7d3154ff87c96f70,ORCL,FY2021_Q1,FY2021_Q2,a6f36317e1506d1ad90764fd,86b4217ef2897810711e6fbd,ledger_forward,event,UNKNOWN,BOOSTS_REVENUE_OF,demand,demand,demand,positive,high,1.0,True,,[135],unresolved,da5fa8ea7c99d09b043049fb,FY2021_Q2,Forecast/Guidance,,0,True,False,persistent,full_mainpanel,enterprise_software_cloud,d0e4c97fceca6797ad6602bd7239b664d7979b6a39556f03e33a7547b7b2d4de,322,included_in_public_release,author_created_derived_post_extraction_card,not_included_mixed_public_or_provider_access,not_redistributed_no_rights_grant,withheld_hash_locator_only
b20e0e578a2a1e476160,ORCL,FY2021_Q1,FY2021_Q2,c0762d652eaaa831299d467b,1330ad163cf9012328b42cdb,ledger_forward+shock_forward,event,Oracle::Cloud license and on-premise license,BOOSTS_REVENUE_OF,demand,demand,demand,positive,high,1.0,True,,[137],explicit_tail,0a33f80ab3be73b51e124516,FY2021_Q2,Forecast/Guidance,0.09458738123198462,2,True,False,persistent,full_mainpanel,enterprise_software_cloud,ad71be07ef6c229b7d61b6ba998a31d147c506558637d1e0603f4334aee8770a,281,included_in_public_release,author_created_derived_post_extraction_card,not_included_mixed_public_or_provider_access,not_redistributed_no_rights_grant,withheld_hash_locator_only
944bed726a9371a4be32,ORCL,FY2021_Q1,FY2021_Q2,9b6f24aa1897463daf44bcdb,75e0764ba3b37632c8638417,ledger_forward+shock_forward,event,Oracle::Hardware,BOOSTS_REVENUE_OF,demand,demand,demand,positive,high,1.0,True,,[294],explicit_tail,117bb2f87b6f40715d82d170,FY2021_Q2,Forecast/Guidance,0.08690082203480304,3,True,False,persistent,full_mainpanel,enterprise_software_cloud,87c918d42598328359a17dbaf820334e12b9e13abb7597c730f9d7d52db21b71,73,included_in_public_release,author_created_derived_post_extraction_card,not_included_mixed_public_or_provider_access,not_redistributed_no_rights_grant,withheld_hash_locator_only
6e5f9d21f0e1bd4963f2,ORCL,FY2021_Q1,FY2021_Q2,c9e3f0cd75af9b4f5a72fdd0,659bfbd3e498fd71791d24e3,ledger_forward,event,Oracle::Cloud services and license support,BOOSTS_REVENUE_OF,product_transition,product_transition,product_transition,positive,high,1.0,True,,[23],explicit_tail,1fe73d85654c885fb77c074c,FY2021_Q2,Realized/Reporting,0.7416462047613964,1,True,False,persistent,full_mainpanel,enterprise_software_cloud,613837822b0e3cae98786606f1100693e25ffe6d8b0fe27c4ce8444954e8b0bb,153,included_in_public_release,author_created_derived_post_extraction_card,not_included_mixed_public_or_provider_access,not_redistributed_no_rights_grant,withheld_hash_locator_only
5c3b20f03db9e48ba9b8,ORCL,FY2021_Q2,FY2021_Q3,a4b7bd75356cff9e89c7e4d1,0c00824a240984773fe62e97,ledger_forward,event,Oracle::Cloud services and license support,LIMITS_REVENUE_OF,supply,supply,supply_capacity,negative,high,0.95,True,,[70],explicit_tail,1fe73d85654c885fb77c074c,FY2021_Q3,Realized/Reporting,0.7257142857142858,1,True,False,persistent,full_mainpanel,enterprise_software_cloud,5e6b09090a949309f628933ec742eb4af1f937fa4f95477f933312543dd4c7cc,167,included_in_public_release,author_created_derived_post_extraction_card,not_included_mixed_public_or_provider_access,not_redistributed_no_rights_grant,withheld_hash_locator_only
afb164669f897b45f4b0,ORCL,FY2021_Q2,FY2021_Q3,2f12b9f1e8d245169ce43ae6,6b0b91d0aeb320076f2dcc66,ledger_forward,event,UNKNOWN,BOOSTS_REVENUE_OF,macro,macro,regulation_macro,positive,medium,0.9,True,,[63],unresolved,dc04cd2888bcbbe3b9772858,FY2021_Q3,Forecast/Guidance,,0,True,False,persistent,full_mainpanel,enterprise_software_cloud,d1ab038d01ca00cf18e5f8f5afd7e33a48ab8338cfa6a70a1c23a7b5e8b4f3b5,156,included_in_public_release,author_created_derived_post_extraction_card,not_included_mixed_public_or_provider_access,not_redistributed_no_rights_grant,withheld_hash_locator_only
a6e863d36e8846a6fe4c,ORCL,FY2021_Q3,FY2021_Q4,3edbda08b7a05f3035d6d999,88656009afc0cd54a5e4acb1,ledger_forward+shock_forward,claim,Oracle::Cloud services and license support,SUPPORTS_REVENUE_OF,demand,demand,demand,positive,medium,1.0,True,explicit,[21],explicit_segment,08038a5b95ede070fe5b4d84,FY2021_Q4,Forecast/Guidance,0.7190877540902331,1,True,False,persistent,full_mainpanel,enterprise_software_cloud,ce81cd84bc4adf54b6bec09d397d138146176cf5f69df34bcc7e0333d5583ee8,155,included_in_public_release,author_created_derived_post_extraction_card,not_included_mixed_public_or_provider_access,not_redistributed_no_rights_grant,withheld_hash_locator_only
8fda301e9517970ed18c,ORCL,FY2021_Q3,FY2021_Q4,45563262394fbb24d4724d53,f85d938a3c972a08eece9bdf,ledger_forward+shock_forward,event,Oracle::Cloud services and license support,BOOSTS_REVENUE_OF,supply,supply,supply_capacity,positive,medium,1.0,False,,[49],explicit_tail,1fe73d85654c885fb77c074c,FY2021_Q4,Forecast/Guidance,0.7190877540902331,1,True,False,unknown,full_mainpanel,enterprise_software_cloud,dec1a82aa13714e6dcf1702a12c73ad44893a8c937d15f1a1cd6c9dd95566376,132,included_in_public_release,author_created_derived_post_extraction_card,not_included_mixed_public_or_provider_access,not_redistributed_no_rights_grant,withheld_hash_locator_only
c78f1430755fbd795558,ORCL,FY2021_Q3,FY2021_Q4,a874fab10ad0afc56f97a3ec,e94ff2de2c120fc9454e0dc7,ledger_forward,event,UNKNOWN,BOOSTS_REVENUE_OF,macro,macro,regulation_macro,positive,medium,1.0,False,,[55],unresolved,dc04cd2888bcbbe3b9772858,FY2021_Q4,Forecast/Guidance,,0,True,False,unknown,full_mainpanel,enterprise_software_cloud,1dd95bbf280110fc4adc53a44dbfc149c160b156dd2138c3401ee4c76f6a44a0,202,included_in_public_release,author_created_derived_post_extraction_card,not_included_mixed_public_or_provider_access,not_redistributed_no_rights_grant,withheld_hash_locator_only
7eb95519ef676b3ebdf7,ORCL,FY2021_Q4,FY2022_Q1,2b7dd1ff571ffdd16e6d8276,84d439f1b7b174706909ee2f,ledger_forward+shock_forward,event,Oracle::Cloud services and license support,SUPPORTS_REVENUE_OF,revenue_boost,other,revenue_boost_limit,positive,medium,0.9,True,,[76],explicit_tail,1fe73d85654c885fb77c074c,FY2022_Q1,Forecast/Guidance,,0,True,False,persistent,full_mainpanel,enterprise_software_cloud,f7309e040a69584b539440d4a9d6c837f30520b7b4a886b10e5ff9947df8a9c9,152,included_in_public_release,author_created_derived_post_extraction_card,not_included_mixed_public_or_provider_access,not_redistributed_no_rights_grant,withheld_hash_locator_only
c704a7752494c7704ef9,ORCL,FY2022_Q1,FY2022_Q2,39d98d60dd28d9a491e17de3,0d8c6b73566f089b9b5f662a,ledger_forward,event,UNKNOWN,SUPPORTS_REVENUE_OF,macro,macro,regulation_macro,positive,low,0.9,True,,[53],unresolved,dc04cd2888bcbbe3b9772858,FY2022_Q2,Forecast/Guidance,,0,True,False,persistent,full_mainpanel,enterprise_software_cloud,c99054a48760049ff82390bbe80b53abc9b8c6f14f2aa3dc3db76c28dc2d6ee3,147,included_in_public_release,author_created_derived_post_extraction_card,not_included_mixed_public_or_provider_access,not_redistributed_no_rights_grant,withheld_hash_locator_only
a1c153a535d0bd8aeeb8,ORCL,FY2022_Q1,FY2022_Q2,e562fcd9db18abea54c51c7b,99af136d529fdfd3e2282edf,ledger_forward+shock_forward,event,Oracle::Cloud services and license support,BOOSTS_REVENUE_OF,demand,demand,demand,positive,high,0.95,True,,[55],explicit_tail,1fe73d85654c885fb77c074c,FY2022_Q2,Forecast/Guidance,0.7577097039473685,1,True,False,persistent,full_mainpanel,enterprise_software_cloud,0dbec0161955f205dc75a07f017353c3d35beac4bb17e6c9aeae633fe4ed76f3,183,included_in_public_release,author_created_derived_post_extraction_card,not_included_mixed_public_or_provider_access,not_redistributed_no_rights_grant,withheld_hash_locator_only
b4e42cbfb4909edc0b06,ORCL,FY2022_Q2,FY2022_Q3,9948b70bd894845eabac65f6,1b42fafd70a23dd889e3217d,ledger_forward+shock_forward,claim,Oracle::Cloud license and on-premise license,DRIVES_DEMAND_FOR,demand,demand,demand,positive,high,1.0,True,explicit,[43],explicit_segment_with_path,9f0b6713e42ea6ed4a2b61fd,FY2022_Q3,Forecast/Guidance,0.11940154440154441,2,True,False,persistent,full_mainpanel,enterprise_software_cloud,ed16e6adfd442a48003c097da46b439ebf6fa990ddd592c66939928b44030f36,142,included_in_public_release,author_created_derived_post_extraction_card,not_included_mixed_public_or_provider_access,not_redistributed_no_rights_grant,withheld_hash_locator_only
f3ddc0324ad57ffaba09,ORCL,FY2022_Q2,FY2022_Q3,faf7fa10205b021cd8bcd32e,caeafe8a36dc6240465ea8ad,ledger_forward+shock_forward,claim,Oracle::Cloud license and on-premise license,DRIVES_DEMAND_FOR,demand,product_transition,demand,positive,medium,1.0,True,explicit,[61],explicit_segment,f754446d8bc38f57ca9ecd1e,FY2022_Q3,Forecast/Guidance,0.11940154440154441,2,True,False,persistent,full_mainpanel,enterprise_software_cloud,617e9fa6e11c966b0f9d17d1059ad51544dcc520a42324bd5d5a5f58a41a7457,175,included_in_public_release,author_created_derived_post_extraction_card,not_included_mixed_public_or_provider_access,not_redistributed_no_rights_grant,withheld_hash_locator_only
983a07328b2565f5f055,ORCL,FY2022_Q2,FY2022_Q3,0773af7607618f133de72f09,1c425eb6a35b24ccd9d142fe,ledger_forward+shock_forward,claim,Oracle::Cloud services and license support,DRIVES_DEMAND_FOR,demand,product_transition,demand,positive,medium,1.0,True,explicit,[49],explicit_segment_with_path,9c3a53fad5727276d0deffaa,FY2022_Q3,Forecast/Guidance,0.7291505791505791,1,True,False,persistent,full_mainpanel,enterprise_software_cloud,69b3cc619fc0c3cdf9cef91dbca6703b48be309a67e42d78913f5dee7e91081f,93,included_in_public_release,author_created_derived_post_extraction_card,not_included_mixed_public_or_provider_access,not_redistributed_no_rights_grant,withheld_hash_locator_only
e96082bbee2f37e8bb24,ORCL,FY2022_Q2,FY2022_Q3,aa84e6b306f1fd6385262e22,fd2ea4486d1d1a8a50c934b8,ledger_forward+shock_forward,event,Oracle::Cloud services and license support,LIMITS_REVENUE_OF,macro,macro,regulation_macro,negative,high,1.0,True,,[72],explicit_tail,1fe73d85654c885fb77c074c,FY2022_Q3,Forecast/Guidance,0.7291505791505791,1,True,False,persistent,full_mainpanel,enterprise_software_cloud,b986bbf2709d72c5d910be3f33eae68b559acfe8b920be17dbb1df88400c2cdc,196,included_in_public_release,author_created_derived_post_extraction_card,not_included_mixed_public_or_provider_access,not_redistributed_no_rights_grant,withheld_hash_locator_only
99af8eaac5ea7bc392f5,ORCL,FY2022_Q3,FY2022_Q4,4fd4429127f2fc6cdc681c02,573edc73ea6507288e5d0c05,ledger_forward+shock_forward,event,Oracle::Cloud services and license support,LIMITS_REVENUE_OF,macro,macro,regulation_macro,negative,medium,1.0,True,,[70],explicit_tail,1fe73d85654c885fb77c074c,FY2022_Q4,Forecast/Guidance,0.7264339389327499,1,True,False,persistent,full_mainpanel,enterprise_software_cloud,f9abcb6c6adce54762545856e0bdaa364d7a2322d4125974230ebec7dbd986ca,169,included_in_public_release,author_created_derived_post_extraction_card,not_included_mixed_public_or_provider_access,not_redistributed_no_rights_grant,withheld_hash_locator_only
dee87f44ccc1f9000a2f,ORCL,FY2022_Q4,FY2023_Q1,7b2037bf134eda8559d3671c,a8d4dd149c28722c4408e680,ledger_forward+shock_forward,event,Oracle::Cloud services and license support,SUPPORTS_REVENUE_OF,revenue_boost,other,revenue_boost_limit,mixed,medium,0.9,True,,[98],explicit_tail,1fe73d85654c885fb77c074c,FY2023_Q1,Forecast/Guidance,,0,True,False,persistent,full_mainpanel,enterprise_software_cloud,5b72f58bf776df59ce20016236225c9484bdcc373d1ec5aeb8fd61afe87a2c38,117,included_in_public_release,author_created_derived_post_extraction_card,not_included_mixed_public_or_provider_access,not_redistributed_no_rights_grant,withheld_hash_locator_only
eb0b4209852cb76beaa6,ORCL,FY2023_Q1,FY2023_Q2,0db939fca8d27f2322355132,02264d776ee7502ec203b4b5,ledger_forward,event,UNKNOWN,BOOSTS_REVENUE_OF,revenue_boost,other,revenue_boost_limit,positive,medium,0.9,True,,[92],unresolved,da5fa8ea7c99d09b043049fb,FY2023_Q2,Forecast/Guidance,,0,True,False,persistent,full_mainpanel,enterprise_software_cloud,2f0c9f505cf61230256f976a236e763974c352faa6c2eea90207dfae2f126b7d,85,included_in_public_release,author_created_derived_post_extraction_card,not_included_mixed_public_or_provider_access,not_redistributed_no_rights_grant,withheld_hash_locator_only
cd72c98a5b15714c7533,ORCL,FY2023_Q2,FY2023_Q3,ebe19556839790f4f9ba8fb7,5500953407f39b61c78cc7a4,ledger_forward+shock_forward,claim,Oracle::Cloud services and license support,DRIVES_DEMAND_FOR,demand,demand,demand,positive,high,0.95,True,explicit,[46],explicit_segment,50ca09701a3439bef1e04481,FY2023_Q3,Forecast/Guidance,0.7004480651731161,1,True,False,persistent,full_mainpanel,enterprise_software_cloud,3630dbce7e0ad9aada591495e18f80ee81b4276b267f0684ec5eddf9d24d2413,165,included_in_public_release,author_created_derived_post_extraction_card,not_included_mixed_public_or_provider_access,not_redistributed_no_rights_grant,withheld_hash_locator_only
d8a00514b037c9ec6ddf,ORCL,FY2023_Q2,FY2023_Q3,9b7c288f539a087b2766c0b6,b290700979ade994c093ea5d,ledger_forward,event,UNKNOWN,BOOSTS_REVENUE_OF,revenue_boost,other,revenue_boost_limit,positive,medium,1.0,False,,[97],unresolved,da5fa8ea7c99d09b043049fb,FY2023_Q3,Forecast/Guidance,,0,True,False,unknown,full_mainpanel,enterprise_software_cloud,3f4eee991431cc09d4469d27a83aa21207dca07a8fba48c0578d401f5081a546,64,included_in_public_release,author_created_derived_post_extraction_card,not_included_mixed_public_or_provider_access,not_redistributed_no_rights_grant,withheld_hash_locator_only
cc849eee5f4dc2b63504,ORCL,FY2023_Q3,FY2023_Q4,a44664ba25817448eefe6233,77c229898039e247e837f76d,ledger_forward,event,UNKNOWN,LIMITS_REVENUE_OF,macro,macro,regulation_macro,negative,medium,1.0,True,,[99],unresolved,dc04cd2888bcbbe3b9772858,FY2023_Q4,Forecast/Guidance,,0,True,False,persistent,full_mainpanel,enterprise_software_cloud,2eb39e68e21a499e7daeb3f33bfd317ccc43e02a6240abc976c345c71d90f787,182,included_in_public_release,author_created_derived_post_extraction_card,not_included_mixed_public_or_provider_access,not_redistributed_no_rights_grant,withheld_hash_locator_only
b97f21cb00c9b2443838,ORCL,FY2023_Q3,FY2023_Q4,c42a204375d52d4f747edef2,9decd9611a6850eb06e6cb0e,ledger_forward,event,UNKNOWN,BOOSTS_REVENUE_OF,demand,demand,demand,positive,medium,1.0,True,,[115],unresolved,dc04cd2888bcbbe3b9772858,FY2023_Q4,Forecast/Guidance,,0,True,False,persistent,full_mainpanel,enterprise_software_cloud,b09c4777128484ac54df22c7a43e19234ee1f494cc19c74fcd0438d530e8a130,82,included_in_public_release,author_created_derived_post_extraction_card,not_included_mixed_public_or_provider_access,not_redistributed_no_rights_grant,withheld_hash_locator_only
d7d57e802395e979ebb5,ORCL,FY2023_Q3,FY2023_Q4,d319a56e24dfd275767fa06f,5a4e67292805d8796e32e9d5,ledger_forward+shock_forward,event,Oracle::Cloud services and license support,BOOSTS_REVENUE_OF,supply,supply,supply_capacity,positive,medium,1.0,True,,[363],explicit_tail,1fe73d85654c885fb77c074c,FY2023_Q4,Forecast/Guidance,0.7197128569124053,1,True,False,persistent,full_mainpanel,enterprise_software_cloud,e5bbf9f9a97bc56d2dc5b975b8dab55dfbb9d961e0587c7e5b0103327eadced5,163,included_in_public_release,author_created_derived_post_extraction_card,not_included_mixed_public_or_provider_access,not_redistributed_no_rights_grant,withheld_hash_locator_only
7d70fd2125316c1907a2,ORCL,FY2023_Q4,FY2024_Q1,eba4d977ecb56b39c59c676d,afd198c3a927daa807f161ee,ledger_forward,event,UNKNOWN,BOOSTS_REVENUE_OF,macro,macro,regulation_macro,positive,low,0.9,False,,[118],unresolved,dc04cd2888bcbbe3b9772858,FY2024_Q1,Forecast/Guidance,,0,True,False,unknown,full_mainpanel,enterprise_software_cloud,c3323a8eabb7de519bbf9a17925364b4acf1d56a06e89d4cb13a54743068cb6e,156,included_in_public_release,author_created_derived_post_extraction_card,not_included_mixed_public_or_provider_access,not_redistributed_no_rights_grant,withheld_hash_locator_only
9229fd3b740715c706ba,ORCL,FY2023_Q4,FY2024_Q1,97e206e74d42c8a7975623eb,7d58b8f33842bc8b2aff9be9,ledger_forward,event,UNKNOWN,BOOSTS_REVENUE_OF,supply,supply,supply_capacity,positive,medium,0.95,True,,[121],unresolved,dc04cd2888bcbbe3b9772858,FY2024_Q1,Forecast/Guidance,,0,True,False,persistent,full_mainpanel,enterprise_software_cloud,391e8ba0702d9b6a3f2a8d07287e5bd1afb0628ad077537aabcd7f0a701eae94,89,included_in_public_release,author_created_derived_post_extraction_card,not_included_mixed_public_or_provider_access,not_redistributed_no_rights_grant,withheld_hash_locator_only
7f8fe9f54350ba541604,ORCL,FY2024_Q1,FY2024_Q2,cf960040c5d650ad59757522,090b74a5a9c2fce58708d4cf,ledger_forward,event,UNKNOWN,BOOSTS_REVENUE_OF,macro,macro,regulation_macro,positive,medium,1.0,False,,[89],unresolved,da5fa8ea7c99d09b043049fb,FY2024_Q2,Forecast/Guidance,,0,True,False,unknown,full_mainpanel,enterprise_software_cloud,23a568fd7bfd9bb12950eeaa1778df3c6f6a2b12432effda0603dc6478e2f0fe,160,included_in_public_release,author_created_derived_post_extraction_card,not_included_mixed_public_or_provider_access,not_redistributed_no_rights_grant,withheld_hash_locator_only
6ec28edccbb2a7de73e5,ORCL,FY2024_Q1,FY2024_Q2,9384c00c8791c44a76dbe0da,b5c60f3c46d2019ba1328890,ledger_forward,event,UNKNOWN,LIMITS_REVENUE_OF,product_transition,product_transition,product_transition,negative,medium,1.0,False,,[84],unresolved,da5fa8ea7c99d09b043049fb,FY2024_Q2,Forecast/Guidance,,0,True,False,unknown,full_mainpanel,enterprise_software_cloud,acac8a9832913bb95914ac1f71e81eb5925176d5033d05075da07f327579fd9b,267,included_in_public_release,author_created_derived_post_extraction_card,not_included_mixed_public_or_provider_access,not_redistributed_no_rights_grant,withheld_hash_locator_only
1abecde0b91dadac7915,ORCL,FY2024_Q2,FY2024_Q3,e632dfe2ab799a74aa8c10ba,a26388bf8af08092fb357654,ledger_forward+shock_forward,claim,Oracle::Cloud services and license support,DRIVES_DEMAND_FOR,demand,demand,demand,positive,medium,0.95,True,explicit,[11],explicit_segment,ddfe1bf25b57ffce6a3093b1,FY2024_Q3,Forecast/Guidance,0.7448419751178426,1,True,False,persistent,full_mainpanel,enterprise_software_cloud,484cd360c6156867acb4a713280ee22cbcbfe5f3a1f3827ebc0e26f6604ef740,113,included_in_public_release,author_created_derived_post_extraction_card,not_included_mixed_public_or_provider_access,not_redistributed_no_rights_grant,withheld_hash_locator_only
050477707806b226688b,ORCL,FY2024_Q2,FY2024_Q3,30d37b7a0de2c0ba4bfa4d9b,2150ee3cbe982e3a3d6c8412,ledger_forward+shock_forward,claim,Oracle::Cloud services and license support,DRIVES_DEMAND_FOR,supply,supply,demand,positive,medium,1.0,True,explicit,[79],explicit_segment,4eb1068ec68d3702e3c1f826,FY2024_Q3,Forecast/Guidance,0.7448419751178426,1,True,False,persistent,full_mainpanel,enterprise_software_cloud,0914223dc955c35e86f2f808d4a375ea2c811f198fc2aaf274ca8db44c58f8ad,105,included_in_public_release,author_created_derived_post_extraction_card,not_included_mixed_public_or_provider_access,not_redistributed_no_rights_grant,withheld_hash_locator_only
f38d379e4d6fb9da7fa3,ORCL,FY2024_Q2,FY2024_Q3,6ac3d8d2bedc11f2c9970ddf,dbfa504cbb18fa87c39132e9,ledger_forward,claim,UNKNOWN,BOOSTS_REVENUE_OF,demand,demand,demand,positive,medium,1.0,True,explicit,[94],unresolved,,FY2024_Q3,Forecast/Guidance,,0,True,False,persistent,full_mainpanel,enterprise_software_cloud,e96c565bb205784d6fc2e8d16a82657d08f435b6962492a4c870a70242501d97,278,included_in_public_release,author_created_derived_post_extraction_card,not_included_mixed_public_or_provider_access,not_redistributed_no_rights_grant,withheld_hash_locator_only
f161726501d3d3f576b0,ORCL,FY2024_Q2,FY2024_Q3,15d99888f0573329f0522ade,9cc18455464e6bbdfe57dd8a,ledger_forward+shock_forward,event,Oracle::Cloud services and license support,LIMITS_REVENUE_OF,supply,supply,supply_capacity,negative,high,0.95,True,,[131],explicit_tail,1fe73d85654c885fb77c074c,FY2024_Q3,Forecast/Guidance,0.7448419751178426,1,True,False,persistent,full_mainpanel,enterprise_software_cloud,54d3bb599106410be663a22ba8419ea126645e28c830e4f31a748eeff5bd7d7f,111,included_in_public_release,author_created_derived_post_extraction_card,not_included_mixed_public_or_provider_access,not_redistributed_no_rights_grant,withheld_hash_locator_only
6d2bdc9e7156f56007dc,ORCL,FY2024_Q3,FY2024_Q4,1615212037d9bdc55c6d3d41,422dd1b34b6ae74febf1051f,ledger_forward+shock_forward,claim,Oracle::Cloud services and license support,BOOSTS_REVENUE_OF,supply,supply,supply_capacity,positive,high,1.0,True,explicit,[37],explicit_segment,e7c4b8341cdb1cb1ca0c94f2,FY2024_Q4,Forecast/Guidance,0.7502259036144578,1,True,False,persistent,full_mainpanel,enterprise_software_cloud,1a4027b0b82bc37c5ddce15abe1249640a7e2c6d346f6210382cbabed4def06f,272,included_in_public_release,author_created_derived_post_extraction_card,not_included_mixed_public_or_provider_access,not_redistributed_no_rights_grant,withheld_hash_locator_only
04222518db9714d06afe,ORCL,FY2024_Q3,FY2024_Q4,3e6a3597f918cb709737f019,8178a1381eddecb3d43771aa,ledger_forward+shock_forward,claim,Oracle::Cloud services and license support,BOOSTS_REVENUE_OF,demand,demand,demand,positive,medium,1.0,False,explicit,[41],explicit_segment,2557b628f225bb9ff959987b,FY2024_Q4,Forecast/Guidance,0.7502259036144578,1,True,False,unknown,full_mainpanel,enterprise_software_cloud,b4e42a472ac1b6934e203b76192554d54f879adb7b2cb9c2b86185bee51f8b31,176,included_in_public_release,author_created_derived_post_extraction_card,not_included_mixed_public_or_provider_access,not_redistributed_no_rights_grant,withheld_hash_locator_only
1c811dc490a14bd158bf,ORCL,FY2024_Q3,FY2024_Q4,38b38c8989927da238f428bb,3b31f5cc7a7781464137a109,ledger_forward+shock_forward,event,Oracle::Cloud services and license support,LIMITS_REVENUE_OF,supply,supply,supply_capacity,negative,medium,1.0,True,,[48],explicit_tail,1fe73d85654c885fb77c074c,FY2024_Q4,Forecast/Guidance,0.7502259036144578,1,True,False,persistent,full_mainpanel,enterprise_software_cloud,aca77b77755b4008dd26a8ec4676b5485625c813d6d62aecbc8ff0a273a83640,136,included_in_public_release,author_created_derived_post_extraction_card,not_included_mixed_public_or_provider_access,not_redistributed_no_rights_grant,withheld_hash_locator_only
d96137918c96042e75b0,ORCL,FY2024_Q4,FY2025_Q1,62d276f989ccfee48416a3a0,5f7061d477a4db0c2eb0012a,ledger_forward+shock_forward,claim,Oracle::Cloud services and license support,DRIVES_DEMAND_FOR,demand,demand,demand,positive,high,0.95,True,explicit,[62],explicit_segment,1126e1ab7d2acffb4a1cdf8c,FY2025_Q1,Forecast/Guidance,0.7163155316021558,1,True,False,persistent,full_mainpanel,enterprise_software_cloud,32f5df91d92cf3b794a597944dc3185405d85f0276ae4d0fde54237617857bb0,156,included_in_public_release,author_created_derived_post_extraction_card,not_included_mixed_public_or_provider_access,not_redistributed_no_rights_grant,withheld_hash_locator_only
965b84ca063031020afb,ORCL,FY2024_Q4,FY2025_Q1,8d345ced682f7b6f1ddff788,a54df007f56a5519a5d6eec1,ledger_forward+shock_forward,claim,Oracle::Cloud services and license support,BOOSTS_REVENUE_OF,supply,supply,supply_capacity,positive,high,0.95,True,explicit,[60],explicit_segment,65f73fc4d72ba62449ddc090,FY2025_Q1,Forecast/Guidance,0.7163155316021558,1,True,False,persistent,full_mainpanel,enterprise_software_cloud,91bf6e6c3fefcd19bbfeb1e1d8cee666481996a6099607b90a28e44acfca9ece,110,included_in_public_release,author_created_derived_post_extraction_card,not_included_mixed_public_or_provider_access,not_redistributed_no_rights_grant,withheld_hash_locator_only
7f2049f5c224906cceba,ORCL,FY2024_Q4,FY2025_Q1,f33dbae087baca77913a4c58,e56a72efad6f4d65567ba768,ledger_forward+shock_forward,event,Oracle::Cloud services and license support,LIMITS_REVENUE_OF,supply,supply,supply_capacity,negative,high,0.95,True,,[170],explicit_tail,1fe73d85654c885fb77c074c,FY2025_Q1,Forecast/Guidance,0.7163155316021558,1,True,False,persistent,full_mainpanel,enterprise_software_cloud,d750ce3f07d6cd400a93a09eb52000f4b164772e71ab78c9fc6dcf86a229ff5f,150,included_in_public_release,author_created_derived_post_extraction_card,not_included_mixed_public_or_provider_access,not_redistributed_no_rights_grant,withheld_hash_locator_only
99a2437a9ce013b317a5,ORCL,FY2025_Q1,FY2025_Q2,ec22d926fbb891fcbbde8406,6f312a5519db33321c06343e,ledger_forward+shock_forward,claim,Oracle::Cloud services and license support,BOOSTS_REVENUE_OF,product_transition,product_transition,product_transition,positive,medium,0.9,False,explicit,[138],explicit_segment,162176959bfaa6b4fc005578,FY2025_Q2,Forecast/Guidance,0.7904862102652739,1,True,False,unknown,full_mainpanel,enterprise_software_cloud,2a9cfccdbbfc4d365759f950946f5159575bf13b2e883278c070941a3d98c06c,116,included_in_public_release,author_created_derived_post_extraction_card,not_included_mixed_public_or_provider_access,not_redistributed_no_rights_grant,withheld_hash_locator_only
19fc8322307bc6937d0f,ORCL,FY2025_Q2,FY2025_Q3,27b7773ef6d3e72edb62c34a,5fe1ae344c92ed748842ab95,ledger_forward+shock_forward,claim,Oracle::Cloud services and license support,BOOSTS_REVENUE_OF,supply,supply,supply_capacity,positive,medium,1.0,False,explicit,[91],explicit_segment,1e095076f47ce7aebb121231,FY2025_Q3,Forecast/Guidance,0.7686179671384878,1,True,False,unknown,full_mainpanel,enterprise_software_cloud,cdf9f4cff208e0e38149413bccb959bca08173e8e16ece217c73c32bd3745d69,134,included_in_public_release,author_created_derived_post_extraction_card,not_included_mixed_public_or_provider_access,not_redistributed_no_rights_grant,withheld_hash_locator_only
b5d5873d9cb38065661a,ORCL,FY2025_Q2,FY2025_Q3,4e3f69b0fa84795aede36289,6128a57329dffd21647a9d06,ledger_forward+shock_forward,claim,Oracle::Cloud services and license support,BOOSTS_REVENUE_OF,demand,demand,demand,positive,high,1.0,True,explicit,[27],explicit_segment,7b63bd70802406b45a8f5841,FY2025_Q3,Forecast/Guidance,0.7686179671384878,1,True,False,persistent,full_mainpanel,enterprise_software_cloud,ab7141ee5ab1023b20f53b5f92702add86c6ad213e1905f72d0a362fc2d54f26,179,included_in_public_release,author_created_derived_post_extraction_card,not_included_mixed_public_or_provider_access,not_redistributed_no_rights_grant,withheld_hash_locator_only
bd3ed1f0cccb005e3a9f,ORCL,FY2025_Q2,FY2025_Q3,f2875d8e065399025c85073b,463a85efa080beb8a962726a,ledger_forward+shock_forward,event,Oracle::Cloud services and license support,LIMITS_REVENUE_OF,macro,macro,regulation_macro,negative,medium,1.0,True,,[89],explicit_tail,1fe73d85654c885fb77c074c,FY2025_Q3,Forecast/Guidance,0.7686179671384878,1,True,False,persistent,full_mainpanel,enterprise_software_cloud,4d2719ae3bcbe66209a7476f23925dea7d406433f1429e6564a8c0e672e503b8,153,included_in_public_release,author_created_derived_post_extraction_card,not_included_mixed_public_or_provider_access,not_redistributed_no_rights_grant,withheld_hash_locator_only
7d5471446ea3d2505af8,ORCL,FY2025_Q3,FY2025_Q4,cbc8dc30947accf4c9a614f0,a970b208ccaa1e4f941bc133,ledger_forward+shock_forward,claim,Oracle::Cloud services and license support,CONSTRAINS_PRODUCTION_OF,supply,supply,supply_capacity,negative,medium,1.0,True,explicit,[21],explicit_segment,932a5755d9c0b7146031ca0d,FY2025_Q4,Forecast/Guidance,0.7789808917197453,1,True,False,persistent,full_mainpanel,enterprise_software_cloud,61f1d92c27125cf52a5953b666f01f4ac17332d50115f8f70378be137cef096f,95,included_in_public_release,author_created_derived_post_extraction_card,not_included_mixed_public_or_provider_access,not_redistributed_no_rights_grant,withheld_hash_locator_only
ab5eb8d8170855a9c7e1,ORCL,FY2025_Q3,FY2025_Q4,ecae365c26dd0f3676c6c018,9ff3bf97a1d7bc6df39fcebf,ledger_forward,claim,UNKNOWN,CONSTRAINS_PRODUCTION_OF,supply,supply,supply_capacity,negative,medium,1.0,True,explicit,[21],unresolved,,FY2025_Q4,Forecast/Guidance,,0,True,False,persistent,full_mainpanel,enterprise_software_cloud,61f1d92c27125cf52a5953b666f01f4ac17332d50115f8f70378be137cef096f,95,included_in_public_release,author_created_derived_post_extraction_card,not_included_mixed_public_or_provider_access,not_redistributed_no_rights_grant,withheld_hash_locator_only
90a791a5f5c5e895d706,TSLA,FY2018_Q4,FY2019_Q1,3d4bf6f2674a3a1d66dc868a,d3e4cbf3ced9aa95eaef25cb,ledger_forward+shock_forward,claim,Tesla::Services And Other,BOOSTS_REVENUE_OF,demand,demand,demand,positive,medium,0.9,True,explicit,[10],explicit_segment,e1c3949b3964f134201baa31,FY2019_Q1,Forecast/Guidance,0.07350636590091336,2,True,False,persistent,full_mainpanel,auto_retail,9ad80e325d5764e21614cd94fce43dce46b0133d97e7eaac7cea77d47daf2066,290,included_in_public_release,author_created_derived_post_extraction_card,not_included_mixed_public_or_provider_access,not_redistributed_no_rights_grant,withheld_hash_locator_only
d376ed05f7feb4393de4,TSLA,FY2018_Q4,FY2019_Q1,ea202ab1a457a472187c969f,9a3d6b40491bf2cd4b229ed9,ledger_forward+shock_forward,claim,Tesla::Automotive Sales,BOOSTS_REVENUE_OF,supply,supply,supply_capacity,positive,medium,0.9,True,explicit,[25],explicit_segment,b340ba28d8577f6cce97e6d0,FY2019_Q1,Forecast/Guidance,0.8405024910047054,1,True,False,persistent,full_mainpanel,auto_retail,b28a81068acd995c71d6ede723a2588416439da29a1e66bbd0c98933e927443d,114,included_in_public_release,author_created_derived_post_extraction_card,not_included_mixed_public_or_provider_access,not_redistributed_no_rights_grant,withheld_hash_locator_only
d325e7dd7d9a3209ad2c,TSLA,FY2018_Q4,FY2019_Q1,716f30e7f99991920024d9bf,57e030aef6f8ce95ca58fc81,ledger_forward+shock_forward,claim,Tesla::Services And Other,BOOSTS_REVENUE_OF,supply,supply,supply_capacity,positive,medium,0.9,True,explicit,[13],explicit_segment,3f949848dc6b22d3d649d1df,FY2019_Q1,Forecast/Guidance,0.07350636590091336,2,True,False,persistent,full_mainpanel,auto_retail,070e6b91229d9808d77385e6fd94e108adee09403943a80fc9ebe42805933fb6,187,included_in_public_release,author_created_derived_post_extraction_card,not_included_mixed_public_or_provider_access,not_redistributed_no_rights_grant,withheld_hash_locator_only
bffa46de03e979b81355,TSLA,FY2018_Q4,FY2019_Q1,289c7bf5b0cadf380986e45a,3b0ae2a8b7170311d220e497,ledger_forward+shock_forward,event,Tesla::Services And Other,BOOSTS_REVENUE_OF,revenue_boost,other,revenue_boost_limit,positive,medium,0.9,True,,[45],explicit_tail,ea6eec3a4ce80c8d61a969b4,FY2019_Q1,Forecast/Guidance,0.07350636590091336,2,True,False,persistent,full_mainpanel,auto_retail,65f4c8aa8b9a22243965b670ff1220aebe7833e8dd291f98e93737fe281102e3,72,included_in_public_release,author_created_derived_post_extraction_card,not_included_mixed_public_or_provider_access,not_redistributed_no_rights_grant,withheld_hash_locator_only
bc34fed806eca57b92b5,TSLA,FY2018_Q4,FY2019_Q1,77f126b714e7a5fd4f233bca,35112a556fee329225e3cbbd,ledger_forward+shock_forward,event,Tesla::Automotive Sales,BOOSTS_REVENUE_OF,demand,demand,demand,positive,high,0.95,True,,[228],explicit_tail,72f284d6d9a6e8eb360e2440,FY2019_Q1,Forecast/Guidance,0.8405024910047054,1,True,False,persistent,full_mainpanel,auto_retail,a4084d348c141f9ee78e33179e19214ac6dd86664c8ba0131ec8c79844bfd0c9,53,included_in_public_release,author_created_derived_post_extraction_card,not_included_mixed_public_or_provider_access,not_redistributed_no_rights_grant,withheld_hash_locator_only
8548c41df5111ffef02c,TSLA,FY2018_Q4,FY2019_Q1,63d985bcdc17e570baa7fad7,0863bfcafff2dd2cb4ae2368,ledger_forward+shock_forward,event,Tesla::Automotive Leasing,BOOSTS_REVENUE_OF,demand,demand,demand,positive,medium,0.9,True,,[452],explicit_tail,a8b1a2db40731e40564d41c4,FY2019_Q1,Forecast/Guidance,0.03456241350678106,4,True,False,persistent,full_mainpanel,auto_retail,b54594fa33871be3a3617fb3f298b0c01e49c2f5d62456445621e17f68a45ea6,52,included_in_public_release,author_created_derived_post_extraction_card,not_included_mixed_public_or_provider_access,not_redistributed_no_rights_grant,withheld_hash_locator_only
2e58c8afda1c4a3a75d5,TSLA,FY2019_Q1,FY2019_Q2,524c6d2dd9b2c48ac74ba4c2,6563d0d0dae90ac03b2edad9,ledger_forward+shock_forward,claim,Tesla::Energy Generation And Storage,BOOSTS_REVENUE_OF,product_transition,product_transition,product_transition,positive,medium,0.85,True,explicit,[77],explicit_segment,200f8a42ef3207956601d115,FY2019_Q2,Forecast/Guidance,0.07149548557586435,3,True,False,persistent,full_mainpanel,auto_retail,99063dc437c61d8577f925fe9e338fbdf00637269178acb894adf0ddede274ab,163,included_in_public_release,author_created_derived_post_extraction_card,not_included_mixed_public_or_provider_access,not_redistributed_no_rights_grant,withheld_hash_locator_only
5bec716fc5d9f157a135,TSLA,FY2019_Q1,FY2019_Q2,f9ae3ea0703f132bb9bcefd4,7d3b7cbac886ff91bc6501f8,ledger_forward,event,Tesla::Automotive Sales,LIMITS_REVENUE_OF,supply,supply,supply_capacity,negative,high,1.0,True,,[29],explicit_tail,72f284d6d9a6e8eb360e2440,FY2019_Q2,Realized/Reporting,0.7726802466417089,1,True,False,persistent,full_mainpanel,auto_retail,43d60a16af9e27b5d47ce5e497ae8a0db0cebc4c91dc17f5fc4c124c7c75a475,135,included_in_public_release,author_created_derived_post_extraction_card,not_included_mixed_public_or_provider_access,not_redistributed_no_rights_grant,withheld_hash_locator_only
388dc8cbc22635bf32ad,TSLA,FY2019_Q1,FY2019_Q2,cb805d4e19424d515983db95,85340e6d658428e1ecf443e0,ledger_forward+shock_forward,event,Tesla::Automotive Sales,BOOSTS_REVENUE_OF,supply,supply,supply_capacity,positive,medium,0.9,True,,[31],explicit_tail,72f284d6d9a6e8eb360e2440,FY2019_Q2,Forecast/Guidance,0.7726802466417089,1,True,False,persistent,full_mainpanel,auto_retail,08b155e9b3040d191447a11f6ecc570bcce72b90fd2178c79e54671ae520551d,315,included_in_public_release,author_created_derived_post_extraction_card,not_included_mixed_public_or_provider_access,not_redistributed_no_rights_grant,withheld_hash_locator_only
55b1d90c8748d096c18a,TSLA,FY2019_Q1,FY2019_Q2,d02f5af71addab99efa20559,768f46b1dc3b6609798a26e6,ledger_forward+shock_forward,event,Tesla::Automotive Sales,LIMITS_REVENUE_OF,pricing,pricing,pricing_margin,negative,medium,1.0,True,,[237],explicit_tail,72f284d6d9a6e8eb360e2440,FY2019_Q2,Forecast/Guidance,0.7726802466417089,1,True,False,persistent,full_mainpanel,auto_retail,df8281d13a0de9cbeae510bc1d0f090fed71d78fc511e94c82940124d6539fdf,173,included_in_public_release,author_created_derived_post_extraction_card,not_included_mixed_public_or_provider_access,not_redistributed_no_rights_grant,withheld_hash_locator_only
1f1655670330f6a39b65,TSLA,FY2019_Q2,FY2019_Q3,8260e0fce580969191f93113,8936a0e1386a940749eb939e,ledger_forward,claim,Tesla::Automotive Sales,BOOSTS_REVENUE_OF,demand,demand,demand,positive,high,1.0,True,explicit,[9],explicit_segment_with_path,6ed425794656e5ca6ce1e328,FY2019_Q3,Realized/Reporting,0.8138625196850394,1,True,False,persistent,full_mainpanel,auto_retail,2675f78cf4a7adee39bec3dcd9fad9fc30a63360779b2406247247ef6b5865b5,124,included_in_public_release,author_created_derived_post_extraction_card,not_included_mixed_public_or_provider_access,not_redistributed_no_rights_grant,withheld_hash_locator_only
a9747d489fc56932e243,TSLA,FY2019_Q2,FY2019_Q3,beb79b3b40d41613ac629a6e,fa46d62922929e1613ae2b9a,ledger_forward+shock_forward,claim,Tesla::Automotive Sales,INCREASES_SPEND_ON,supply,supply,supply_capacity,positive,medium,1.0,True,explicit,[16],explicit_segment_with_path,ce6cff2469c295d54fb00f2c,FY2019_Q3,Forecast/Guidance,0.8138625196850394,1,True,False,persistent,full_mainpanel,auto_retail,c78d262cee46615e540966e6326bec8188bb04c0d492e809e0106289ea9efb45,144,included_in_public_release,author_created_derived_post_extraction_card,not_included_mixed_public_or_provider_access,not_redistributed_no_rights_grant,withheld_hash_locator_only
8499a975822f75de5f6f,TSLA,FY2019_Q3,FY2019_Q4,1ac7ee126dd6e81e2ba41543,983ec6178109f20b701d328d,ledger_forward+shock_forward,event,Tesla::Automotive Sales,LIMITS_REVENUE_OF,supply,supply,supply_capacity,negative,medium,0.95,True,,[305],explicit_tail,72f284d6d9a6e8eb360e2440,FY2019_Q4,Forecast/Guidance,0.8403934634301127,1,True,False,persistent,full_mainpanel,auto_retail,4caf69552c2c84d8db8390bc1cbc1942db8e947c0d929d42c046d3dcdfb19cc1,232,included_in_public_release,author_created_derived_post_extraction_card,not_included_mixed_public_or_provider_access,not_redistributed_no_rights_grant,withheld_hash_locator_only
142bbda1336b66830920,TSLA,FY2019_Q4,FY2020_Q1,37a910d4d9452d9b7ea20b88,1bc7ddb6441bf2f70cddd580,ledger_forward+shock_forward,claim,Tesla::Automotive Sales,DRIVES_DEMAND_FOR,demand,demand,demand,positive,high,0.95,True,explicit,[12],explicit_segment,f367b8372ead6bc224403fe6,FY2020_Q1,Forecast/Guidance,0.8096197183098589,1,True,False,persistent,full_mainpanel,auto_retail,5e9b943a45ee15310d8cfc20786ad4dcc534d1efae97a11462b1fdd9f629372a,211,included_in_public_release,author_created_derived_post_extraction_card,not_included_mixed_public_or_provider_access,not_redistributed_no_rights_grant,withheld_hash_locator_only
3c6c80f5631c8b16c409,TSLA,FY2019_Q4,FY2020_Q1,0473b611a5d11420feea1291,df70b17293378e6ccbb96b01,ledger_forward+shock_forward,claim,Tesla::Automotive Sales,CONTRIBUTES_TO,supply,supply,supply_capacity,positive,medium,0.9,True,explicit,[34],explicit_segment,149810b96216844d2eb93ef2,FY2020_Q1,Forecast/Guidance,0.8096197183098589,1,True,False,persistent,full_mainpanel,auto_retail,2aa370a70fc59a8def71fa4ccc8bda2e250f1770268dcb8f38ef3f96dbd2f41f,201,included_in_public_release,author_created_derived_post_extraction_card,not_included_mixed_public_or_provider_access,not_redistributed_no_rights_grant,withheld_hash_locator_only
941b4e6c6130d9c7209f,TSLA,FY2019_Q4,FY2020_Q1,c5604c5af551fba4ab7d6ad8,4962859fa8fba2dd3aee78fc,ledger_forward+shock_forward,event,Tesla::Automotive Sales,LIMITS_REVENUE_OF,supply,supply,supply_capacity,negative,medium,1.0,False,,[71],explicit_tail,72f284d6d9a6e8eb360e2440,FY2020_Q1,Forecast/Guidance,0.8096197183098589,1,True,False,unknown,full_mainpanel,auto_retail,d360a79ba9badbdd62327e444ad3122ed0d2283f94f96cbdca20794b0e052e8d,163,included_in_public_release,author_created_derived_post_extraction_card,not_included_mixed_public_or_provider_access,not_redistributed_no_rights_grant,withheld_hash_locator_only
9aea9ddbde9d3eb0c0c8,TSLA,FY2019_Q4,FY2020_Q1,4a8ad31a1b72e2f97f5f87c1,fb4e10603d3c4e629e2d8def,ledger_forward,claim,UNKNOWN,CONTRIBUTES_TO,supply,supply,supply_capacity,positive,medium,0.9,True,explicit,"[62,63]",unresolved,,FY2020_Q1,Forecast/Guidance,,0,True,False,persistent,full_mainpanel,auto_retail,a9e8f8b94dde85ff8461888d3fa997058ace85767bfbce0c00b1a0d078bfc790,437,included_in_public_release,author_created_derived_post_extraction_card,not_included_mixed_public_or_provider_access,not_redistributed_no_rights_grant,withheld_hash_locator_only
5facde595d6c414a1aa3,TSLA,FY2019_Q4,FY2020_Q1,cfebe3c86b8751495ddf5ff3,61456c32c29d017311be007b,ledger_forward+shock_forward,event,Tesla::Automotive Sales,LIMITS_REVENUE_OF,regulation,regulation,regulation_macro,negative,medium,1.0,False,,[73],explicit_tail,72f284d6d9a6e8eb360e2440,FY2020_Q1,Forecast/Guidance,0.8096197183098589,1,True,False,unknown,full_mainpanel,auto_retail,2540df2768f2ff6778a00b86679a6511d670b67be55af77fcc2e2962aa8837ba,137,included_in_public_release,author_created_derived_post_extraction_card,not_included_mixed_public_or_provider_access,not_redistributed_no_rights_grant,withheld_hash_locator_only
6e6b880640cfabb31821,TSLA,FY2019_Q4,FY2020_Q1,206fac0380f2c6fa45ed72dc,48f36a4ec1d30f9bc0265db9,ledger_forward+shock_forward,event,Tesla::Automotive Sales,LIMITS_REVENUE_OF,macro,macro,regulation_macro,negative,medium,1.0,False,,[70],explicit_tail,72f284d6d9a6e8eb360e2440,FY2020_Q1,Forecast/Guidance,0.8096197183098589,1,True,False,unknown,full_mainpanel,auto_retail,638d0f8cf4ad1cc494b31afcc3c247ecf44f5ed2fe61132bc79e732ffd75e39c,80,included_in_public_release,author_created_derived_post_extraction_card,not_included_mixed_public_or_provider_access,not_redistributed_no_rights_grant,withheld_hash_locator_only
c34d1817b5c092f57fc7,TSLA,FY2020_Q1,FY2020_Q2,54ddbd8c6e586f11e7ec940f,3aa689fcdb111b9167b83b78,ledger_forward+shock_forward,claim,Tesla::Automotive Sales,DRIVES_DEMAND_FOR,demand,demand,demand,positive,medium,0.9,False,explicit,[51],explicit_segment,2f75b218dc950d01ed9dcc6a,FY2020_Q2,Forecast/Guidance,0.8175438596491228,1,True,False,unknown,full_mainpanel,auto_retail,dc3d10baf22b2a3324bf1738eaf6c1fd1621cb484cc5b915a261d73a0e916362,120,included_in_public_release,author_created_derived_post_extraction_card,not_included_mixed_public_or_provider_access,not_redistributed_no_rights_grant,withheld_hash_locator_only
4d40f89303a464096dc2,TSLA,FY2020_Q1,FY2020_Q2,f270069307566c729280e579,80f8f4c7336397a7558c9752,ledger_forward+shock_forward,claim,Tesla::Automotive Sales,BOOSTS_REVENUE_OF,pricing,pricing,pricing_margin,positive,medium,0.95,False,explicit,[56],explicit_segment,95290749cc166ac5f7d052a5,FY2020_Q2,Forecast/Guidance,0.8175438596491228,1,True,False,unknown,full_mainpanel,auto_retail,0195f7a4b8ae05b96f98312b2b00393efd08421fc95d6840445711484817caa3,228,included_in_public_release,author_created_derived_post_extraction_card,not_included_mixed_public_or_provider_access,not_redistributed_no_rights_grant,withheld_hash_locator_only
0bdbd09d617a12b234a2,TSLA,FY2020_Q1,FY2020_Q2,72ee49676135dc686a6bfa70,c74fc6b58465e5c7d9a58cce,ledger_forward+shock_forward,event,Tesla::Automotive Sales,LIMITS_REVENUE_OF,supply,supply,supply_capacity,negative,high,0.95,True,,[100],explicit_tail,72f284d6d9a6e8eb360e2440,FY2020_Q2,Forecast/Guidance,0.8175438596491228,1,True,False,persistent,full_mainpanel,auto_retail,fdd5366a3f9d3b82b250f3636a4e69e4af4bb59abd3e1782b1e67a4fea375d5f,408,included_in_public_release,author_created_derived_post_extraction_card,not_included_mixed_public_or_provider_access,not_redistributed_no_rights_grant,withheld_hash_locator_only
a3a8c41e23f5e9bc76bf,TSLA,FY2020_Q1,FY2020_Q2,368d7323b680d71eb743b25b,68c647181e6a11ef6abbb4ba,ledger_forward+shock_forward,event,Tesla::Automotive Sales,BOOSTS_REVENUE_OF,inventory,inventory,inventory_channel,positive,medium,0.95,True,,[98],explicit_tail,72f284d6d9a6e8eb360e2440,FY2020_Q2,Forecast/Guidance,0.8175438596491228,1,True,False,persistent,full_mainpanel,auto_retail,cbd773f593addfb0f026fce40e6423ae6fc22d9cb302fbf0564065499cd8cd78,144,included_in_public_release,author_created_derived_post_extraction_card,not_included_mixed_public_or_provider_access,not_redistributed_no_rights_grant,withheld_hash_locator_only
8221626bb656ec1b8c82,TSLA,FY2020_Q1,FY2020_Q2,8770d50d71d2c98449bdbc04,4a2f32ce9ea385c8cac2fd7b,ledger_forward+shock_forward,event,Tesla::Automotive Sales,BOOSTS_REVENUE_OF,supply,supply,supply_capacity,positive,medium,0.9,True,,[140],explicit_tail,72f284d6d9a6e8eb360e2440,FY2020_Q2,Forecast/Guidance,0.8175438596491228,1,True,False,persistent,full_mainpanel,auto_retail,6d8549bf287a65215194a8ad87035f3da9b1bbc85b6663dea55aa1f000fc2a8d,173,included_in_public_release,author_created_derived_post_extraction_card,not_included_mixed_public_or_provider_access,not_redistributed_no_rights_grant,withheld_hash_locator_only
0c894d4287a817b1e77c,TSLA,FY2020_Q2,FY2020_Q3,b46c205671dba73ffb7639cc,6f1a217d1f97feeabfada2aa,ledger_forward,claim,UNKNOWN,SUPPORTS_REVENUE_OF,product_transition,product_transition,product_transition,positive,medium,0.9,False,explicit,[100],unresolved,,FY2020_Q3,Forecast/Guidance,,0,True,False,unknown,full_mainpanel,auto_retail,590283fa8d3fdb6cdcc9f11c38d61e348f482a89b89dff48bd49f24f6e479d74,121,included_in_public_release,author_created_derived_post_extraction_card,not_included_mixed_public_or_provider_access,not_redistributed_no_rights_grant,withheld_hash_locator_only
32b8147d876085fdfdc1,TSLA,FY2020_Q3,FY2020_Q4,581815869f108215527fe9ca,5eb39bd78b88ec1c7b270eb0,ledger_forward+shock_forward,claim,Tesla::Energy Generation And Storage,DRIVES_DEMAND_FOR,demand,demand,demand,positive,high,0.95,True,explicit,[226],explicit_segment,c5c94e140c0531a6bdb72eec,FY2020_Q4,Forecast/Guidance,0.06601299737772204,3,True,False,persistent,full_mainpanel,auto_retail,56590ad70d16c74a33b169641d3551a9fc6052ce16a5ecf99e7e0dff2e4c5dba,149,included_in_public_release,author_created_derived_post_extraction_card,not_included_mixed_public_or_provider_access,not_redistributed_no_rights_grant,withheld_hash_locator_only
3e750af23969fbc52e67,TSLA,FY2020_Q3,FY2020_Q4,801e52ccb014d24c10929fdd,a798fa71f8fc3538b0c2a704,ledger_forward+shock_forward,claim,Tesla::Automotive Sales,CONSTRAINS_PRODUCTION_OF,supply,supply,supply_capacity,negative,high,0.95,False,explicit,[263],explicit_segment,64da7a6994362476c4ce3ae6,FY2020_Q4,Forecast/Guidance,0.8375327784745183,1,True,False,unknown,full_mainpanel,auto_retail,ac0639f86caafcec3b1a23e8ba9431a3a593ad9a4ed01380849429e01ded379f,100,included_in_public_release,author_created_derived_post_extraction_card,not_included_mixed_public_or_provider_access,not_redistributed_no_rights_grant,withheld_hash_locator_only
962b55fe3cc3c8870134,TSLA,FY2020_Q3,FY2020_Q4,dfaf16be93738f1dfdcc2a1a,34ce60ce3e6adf8db4977311,ledger_forward+shock_forward,event,Tesla::Automotive Sales,BOOSTS_REVENUE_OF,supply,supply,supply_capacity,positive,medium,0.9,True,,[121],explicit_tail,72f284d6d9a6e8eb360e2440,FY2020_Q4,Forecast/Guidance,0.8375327784745183,1,True,False,persistent,full_mainpanel,auto_retail,b54d0918b11031564f1285aba23dd733f4ed44ec42de832f4aaf0c0427d4d60c,365,included_in_public_release,author_created_derived_post_extraction_card,not_included_mixed_public_or_provider_access,not_redistributed_no_rights_grant,withheld_hash_locator_only
f9c457ee893edc15b49a,TSLA,FY2020_Q3,FY2020_Q4,4a841e9760e2524534b39dff,cda7b1a36f02aba60882b1b4,ledger_forward+shock_forward,event,Tesla::Energy Generation And Storage,BOOSTS_REVENUE_OF,supply,supply,supply_capacity,positive,medium,0.9,True,,[121],explicit_tail,4c62470b1127b619ce5e84cc,FY2020_Q4,Forecast/Guidance,0.06601299737772204,3,True,False,persistent,full_mainpanel,auto_retail,b54d0918b11031564f1285aba23dd733f4ed44ec42de832f4aaf0c0427d4d60c,365,included_in_public_release,author_created_derived_post_extraction_card,not_included_mixed_public_or_provider_access,not_redistributed_no_rights_grant,withheld_hash_locator_only
ee74e69a53c5c55bdc16,TSLA,FY2020_Q4,FY2021_Q1,93b924a4bf777fd8ab0cab27,eec0e48e401f97c6dd696d3e,ledger_forward+shock_forward,claim,Tesla::Energy Generation And Storage,SUPPORTS_REVENUE_OF,product_transition,product_transition,product_transition,positive,medium,0.9,True,explicit,[119],explicit_segment,75fe460dc267b65ac1964619,FY2021_Q1,Forecast/Guidance,0.08339538346984364,2,True,False,persistent,full_mainpanel,auto_retail,b26aeb4421c06345fa73aff124358b02baa418abe01a09294ef57af1448b90f6,176,included_in_public_release,author_created_derived_post_extraction_card,not_included_mixed_public_or_provider_access,not_redistributed_no_rights_grant,withheld_hash_locator_only
56eeb663c7110df27a11,TSLA,FY2020_Q4,FY2021_Q1,d272608d1dedc5bab09aaf7d,be14fb51a54e63f00ea2952c,ledger_forward+shock_forward,event,Tesla::Automotive Sales,LIMITS_REVENUE_OF,supply,supply,supply_capacity,negative,medium,0.95,True,,[115],explicit_tail,72f284d6d9a6e8eb360e2440,FY2021_Q1,Forecast/Guidance,0.840096798212956,1,True,False,persistent,full_mainpanel,auto_retail,805113cd99474f6e4b19b084e289da9ff95a695063c1da497c53536be4028038,156,included_in_public_release,author_created_derived_post_extraction_card,not_included_mixed_public_or_provider_access,not_redistributed_no_rights_grant,withheld_hash_locator_only
4e17c9e61b5a94f87d46,TSLA,FY2020_Q4,FY2021_Q1,899fc4cc1d00f6ef7e83eb22,6b7eb7f94f4a3f050bd5e18c,ledger_forward+shock_forward,claim,Tesla::Services And Other,CONTRIBUTES_TO,supply,supply,supply_capacity,positive,medium,0.9,True,explicit,[110],explicit_segment,335be0420719d5e3f1fbebc0,FY2021_Q1,Forecast/Guidance,0.05212211466865227,3,True,False,persistent,full_mainpanel,auto_retail,7784ffc50770344ec8eeddc9de047360c3d449e68f2350be704e0695a79995b3,113,included_in_public_release,author_created_derived_post_extraction_card,not_included_mixed_public_or_provider_access,not_redistributed_no_rights_grant,withheld_hash_locator_only
a54dac7850f322035228,TSLA,FY2020_Q4,FY2021_Q1,94f21377f48d2ea4937d3847,e08f359a99b2d23713d9d875,ledger_forward+shock_forward,event,Tesla::Automotive Sales,LIMITS_REVENUE_OF,product_transition,product_transition,product_transition,negative,medium,0.95,True,,[114],explicit_tail,72f284d6d9a6e8eb360e2440,FY2021_Q1,Forecast/Guidance,0.840096798212956,1,True,False,persistent,full_mainpanel,auto_retail,49716a2112ee4d5d4405c560635deeae326a1124e5e35e9c95d2986bd8818cb5,186,included_in_public_release,author_created_derived_post_extraction_card,not_included_mixed_public_or_provider_access,not_redistributed_no_rights_grant,withheld_hash_locator_only
b1d9c7411fb4b404f3b5,TSLA,FY2021_Q1,FY2021_Q2,34aa2ee2b23291b8e9c5a04a,899e9e04d3992bc58d1bef69,ledger_forward+shock_forward,claim,Tesla::Services And Other,BOOSTS_REVENUE_OF,demand,demand,demand,positive,medium,0.9,False,explicit,[107],explicit_segment,e0d964782e121e6eff36f2c7,FY2021_Q2,Forecast/Guidance,0.08595629993262104,2,True,False,unknown,full_mainpanel,auto_retail,66410757e112e280d93eea551714e69d4912a016094a94e516d1c39716c7cb16,90,included_in_public_release,author_created_derived_post_extraction_card,not_included_mixed_public_or_provider_access,not_redistributed_no_rights_grant,withheld_hash_locator_only
70fc2ac26e6fc44026f1,TSLA,FY2021_Q1,FY2021_Q2,adfe33ffcefe9c5d6821c220,e8b3095438eb6f08fe975ad7,ledger_forward+shock_forward,event,Tesla::Automotive Sales,LIMITS_REVENUE_OF,supply,supply,supply_capacity,negative,high,0.95,True,,[49],explicit_tail,72f284d6d9a6e8eb360e2440,FY2021_Q2,Forecast/Guidance,0.8379054769467706,1,True,False,persistent,full_mainpanel,auto_retail,1c261e643720b22fc6a6531b62cc1e788f0ad95b05a8d2980167f3d322e72aa5,53,included_in_public_release,author_created_derived_post_extraction_card,not_included_mixed_public_or_provider_access,not_redistributed_no_rights_grant,withheld_hash_locator_only
0e032ab3edda9b270b18,TSLA,FY2021_Q1,FY2021_Q2,b112fc40522f2fab55e41536,820bdf90135a9572db431991,ledger_forward+shock_forward,event,Tesla::Automotive Sales,LIMITS_REVENUE_OF,macro,macro,regulation_macro,negative,medium,0.9,True,,[51],explicit_tail,72f284d6d9a6e8eb360e2440,FY2021_Q2,Forecast/Guidance,0.8379054769467706,1,True,False,persistent,full_mainpanel,auto_retail,844b308935e386cb8c97434551d04c9c3273b9e92427df5a1b4975a88faa65f3,87,included_in_public_release,author_created_derived_post_extraction_card,not_included_mixed_public_or_provider_access,not_redistributed_no_rights_grant,withheld_hash_locator_only
31330ac5387a3355c4b2,TSLA,FY2021_Q1,FY2021_Q2,092196a98703b836ef536c0d,d21c5164bf566a5ae1446bd0,ledger_forward+shock_forward,event,Tesla::Automotive Sales,BOOSTS_REVENUE_OF,product_transition,product_transition,product_transition,positive,medium,0.95,True,,[62],explicit_tail,72f284d6d9a6e8eb360e2440,FY2021_Q2,Forecast/Guidance,0.8379054769467706,1,True,False,persistent,full_mainpanel,auto_retail,4058cabbb3aaa2474d8e1a0fd7590ac525f80d4d8721c826e68d5d3a6a7ed472,86,included_in_public_release,author_created_derived_post_extraction_card,not_included_mixed_public_or_provider_access,not_redistributed_no_rights_grant,withheld_hash_locator_only
0801dc39aabe6336df1b,TSLA,FY2021_Q2,FY2021_Q3,476e40f2ab2809ba10d5969c,34e719525425c0db3a39113c,ledger_forward+shock_forward,claim,Tesla::Services And Other,DRIVES_DEMAND_FOR,demand,demand,demand,positive,medium,0.9,True,explicit,[16],explicit_segment,763945b7c31e503e88c65cfe,FY2021_Q3,Forecast/Guidance,0.07952834922227797,2,True,False,persistent,full_mainpanel,auto_retail,cc46cdc9c1a1e28370dc63a47d7043dcebbb79ad7b01005c166da2e81d81db15,176,included_in_public_release,author_created_derived_post_extraction_card,not_included_mixed_public_or_provider_access,not_redistributed_no_rights_grant,withheld_hash_locator_only
ed0735edb768abe803b6,TSLA,FY2021_Q2,FY2021_Q3,5537d30d8c06b9163a089222,9bbcc741f9aa3d3b523e79a8,ledger_forward+shock_forward,claim,Tesla::Automotive Sales,BOOSTS_REVENUE_OF,product_transition,product_transition,product_transition,positive,medium,0.9,False,explicit,[26],explicit_segment,995cb6097c0ba2a6608c065a,FY2021_Q3,Forecast/Guidance,0.8257233651112226,1,True,False,unknown,full_mainpanel,auto_retail,e7f0314ad883a80b7b7dd8c4f7109d9637a959a05c8c255389b662dbb7bc9104,106,included_in_public_release,author_created_derived_post_extraction_card,not_included_mixed_public_or_provider_access,not_redistributed_no_rights_grant,withheld_hash_locator_only
05393160a43d8f108970,TSLA,FY2021_Q2,FY2021_Q3,91ed53ea4cc33a7ee3646a87,20c29e7ad50097ec9a9527a1,ledger_forward+shock_forward,claim,Tesla::Energy Generation And Storage,DRIVES_DEMAND_FOR,supply,supply,demand,positive,high,0.95,False,explicit,[80],explicit_segment,18a1af6786f884b2f8f4fe5e,FY2021_Q3,Forecast/Guidance,0.06698444555945811,3,True,False,unknown,full_mainpanel,auto_retail,363907190e1f18bc462c26934e95080a5e81cc12a62e0011a7382138abfcd09c,67,included_in_public_release,author_created_derived_post_extraction_card,not_included_mixed_public_or_provider_access,not_redistributed_no_rights_grant,withheld_hash_locator_only
41b391d7a55652a211f7,TSLA,FY2021_Q2,FY2021_Q3,981c9a88f9eaf9296f2d56fa,28815d4489493748538a0d82,ledger_forward+shock_forward,event,Tesla::Automotive Sales,LIMITS_REVENUE_OF,supply,supply,supply_capacity,negative,medium,1.0,True,,[80],explicit_tail,72f284d6d9a6e8eb360e2440,FY2021_Q3,Forecast/Guidance,0.8257233651112226,1,True,False,persistent,full_mainpanel,auto_retail,6543996a12bed60b01f152d5defa47a718a74a0e113b15bfe9c58b82da7c719f,125,included_in_public_release,author_created_derived_post_extraction_card,not_included_mixed_public_or_provider_access,not_redistributed_no_rights_grant,withheld_hash_locator_only
5190925b57fa285467f1,TSLA,FY2021_Q3,FY2021_Q4,7ccc591b82f581dbd1f35229,ee29045ccd38bc65ce40cf5d,ledger_forward+shock_forward,event,Tesla::Automotive Sales,LIMITS_REVENUE_OF,supply,supply,supply_capacity,negative,medium,0.95,True,,[350],explicit_tail,72f284d6d9a6e8eb360e2440,FY2021_Q4,Forecast/Guidance,0.8484407937777132,1,True,False,persistent,full_mainpanel,auto_retail,59b409fa5e5d108c57d0cfcac35f0b903c8315f4aab9014268f88e753798c43d,136,included_in_public_release,author_created_derived_post_extraction_card,not_included_mixed_public_or_provider_access,not_redistributed_no_rights_grant,withheld_hash_locator_only
863af10ac52b44193336,TSLA,FY2021_Q3,FY2021_Q4,15b12face2d2fe40ec0fe6b4,ddf50161f6db2977c1fb1787,ledger_forward+shock_forward,event,Tesla::Automotive Sales,LIMITS_REVENUE_OF,macro,macro,regulation_macro,negative,medium,0.9,True,,[41],explicit_tail,72f284d6d9a6e8eb360e2440,FY2021_Q4,Forecast/Guidance,0.8484407937777132,1,True,False,persistent,full_mainpanel,auto_retail,3ed740a2904c5f77b8f05ed52737c5a5e2ac5e53b6a1d9ee78095801f567d9dd,143,included_in_public_release,author_created_derived_post_extraction_card,not_included_mixed_public_or_provider_access,not_redistributed_no_rights_grant,withheld_hash_locator_only
382706b60e7b6e9714d9,TSLA,FY2021_Q4,FY2022_Q1,c07afaad7e7922f783aca0e4,875932232cbd24e230078ed2,ledger_forward+shock_forward,claim,Tesla::Automotive Sales,CONSTRAINS_PRODUCTION_OF,supply,supply,supply_capacity,negative,high,0.95,True,explicit,[39],explicit_segment,fbd452cda6bab92556f8f40a,FY2022_Q1,Forecast/Guidance,0.7830012980416502,1,True,False,persistent,full_mainpanel,auto_retail,45dba75c0ad804f479e7ab59efdf20f351c6cf4bed95f5703bd6f665aae0f39d,79,included_in_public_release,author_created_derived_post_extraction_card,not_included_mixed_public_or_provider_access,not_redistributed_no_rights_grant,withheld_hash_locator_only
7148110fd33aca15b4c9,TSLA,FY2021_Q4,FY2022_Q1,592741bfbff8c1cf8afb8538,1cd3be20d66926588cccc760,ledger_forward+shock_forward,claim,Tesla::Automotive Sales,BOOSTS_REVENUE_OF,demand,demand,demand,positive,high,0.95,True,explicit,[12],explicit_segment_with_path,b10b8634e34ad6ad80681eed,FY2022_Q1,Forecast/Guidance,0.7830012980416502,1,True,False,persistent,full_mainpanel,auto_retail,85ab80fc55573f147545f8d2215ed9bfc5dbaaac7d42f32b99ab22193f1af7fd,83,included_in_public_release,author_created_derived_post_extraction_card,not_included_mixed_public_or_provider_access,not_redistributed_no_rights_grant,withheld_hash_locator_only
b1d9b8e4761c14d9244f,TSLA,FY2021_Q4,FY2022_Q1,071e9f7e0d80e4b102f049da,1120077b6f81229784f2250a,ledger_forward+shock_forward,claim,Tesla::Automotive Sales,BOOSTS_REVENUE_OF,supply,supply,supply_capacity,positive,medium,0.9,True,explicit,[81],explicit_segment,c2fdf1df66efd5a54645a1c7,FY2022_Q1,Forecast/Guidance,0.7830012980416502,1,True,False,persistent,full_mainpanel,auto_retail,e80bba3db4847c236652797e114e4cb6b72c764e66889c74b4773b8f83a15d22,120,included_in_public_release,author_created_derived_post_extraction_card,not_included_mixed_public_or_provider_access,not_redistributed_no_rights_grant,withheld_hash_locator_only
7860f802a2a1096c4377,TSLA,FY2021_Q4,FY2022_Q1,2b53693313c3b78ee972db9d,55228961e7db941174e74ab5,ledger_forward+shock_forward,claim,Tesla::Automotive Sales,BOOSTS_REVENUE_OF,product_transition,product_transition,product_transition,positive,medium,0.9,True,explicit,[82],explicit_segment,b10b8634e34ad6ad80681eed,FY2022_Q1,Forecast/Guidance,0.7830012980416502,1,True,False,persistent,full_mainpanel,auto_retail,d3501f0979c277773e0fb60c725281e3dbaa4190ac8803e940c017e1826c47c6,144,included_in_public_release,author_created_derived_post_extraction_card,not_included_mixed_public_or_provider_access,not_redistributed_no_rights_grant,withheld_hash_locator_only
c4e03d4a408f282dc055,TSLA,FY2021_Q4,FY2022_Q1,6ea019998ddbfd86f2a93392,a92778135e5a9e13564820ea,ledger_forward+shock_forward,claim,Tesla::Energy Generation And Storage,BOOSTS_REVENUE_OF,product_transition,product_transition,product_transition,positive,medium,0.85,False,explicit,[56],explicit_segment,f5eedc86c0197d5e33376652,FY2022_Q1,Forecast/Guidance,0.038828376319205375,4,True,False,unknown,full_mainpanel,auto_retail,cf8b11796fce7f4b52b365db5fdbe86b4faa9631aca66adab7aa13701907c4c6,184,included_in_public_release,author_created_derived_post_extraction_card,not_included_mixed_public_or_provider_access,not_redistributed_no_rights_grant,withheld_hash_locator_only
bc5284952797827c6dc2,TSLA,FY2022_Q1,FY2022_Q2,d04d957c9e7c2d87c9194d53,3521fe43a3f53525834a2568,ledger_forward+shock_forward,claim,Tesla::Automotive Sales,CONSTRAINS_PRODUCTION_OF,supply,supply,supply_capacity,negative,medium,1.0,True,explicit,[18],explicit_segment,15ce755f453a354ac85b9062,FY2022_Q2,Forecast/Guidance,0.827148645766688,1,True,False,persistent,full_mainpanel,auto_retail,1a7eacf9a744460d9251eea3f31fde22a9d66f976cfeff7469bfbf21ce3983cd,131,included_in_public_release,author_created_derived_post_extraction_card,not_included_mixed_public_or_provider_access,not_redistributed_no_rights_grant,withheld_hash_locator_only
e763bd28e9a642831c88,TSLA,FY2022_Q1,FY2022_Q2,10baf352d106985fb3900fb0,0ab7bce1f094e1d438b4f457,ledger_forward+shock_forward,claim,Tesla::Automotive Sales,BOOSTS_REVENUE_OF,pricing,pricing,pricing_margin,positive,medium,0.9,False,explicit,[19],explicit_segment,322ee88ab1eb873788afc869,FY2022_Q2,Forecast/Guidance,0.827148645766688,1,True,False,unknown,full_mainpanel,auto_retail,5f0ad48da486cb08004194f3bd777e948919ab7a8f7a3a275a68754024bb14bb,89,included_in_public_release,author_created_derived_post_extraction_card,not_included_mixed_public_or_provider_access,not_redistributed_no_rights_grant,withheld_hash_locator_only
faa7c4b3ad2736e79b71,TSLA,FY2022_Q1,FY2022_Q2,9f9f171eba2400f82b81dc83,98ab037681de2aa5451cc847,ledger_forward+shock_forward,claim,Tesla::Automotive Sales,BOOSTS_REVENUE_OF,product_transition,product_transition,product_transition,positive,medium,0.95,False,explicit,[44],explicit_segment,913153564f4d281e51165d0f,FY2022_Q2,Forecast/Guidance,0.827148645766688,1,True,False,unknown,full_mainpanel,auto_retail,dd587ad868207ad6cd63d4c796ff2ab445f77742bd28ffe95340b50dfd6fbbc1,115,included_in_public_release,author_created_derived_post_extraction_card,not_included_mixed_public_or_provider_access,not_redistributed_no_rights_grant,withheld_hash_locator_only
8cf602ee6b799c4a5cd9,TSLA,FY2022_Q1,FY2022_Q2,1401a272b05fe8bdf27d0607,3e0aa2634abd9c875f568cee,ledger_forward+shock_forward,event,Tesla::Automotive Sales,LIMITS_REVENUE_OF,product_transition,product_transition,product_transition,negative,medium,0.95,True,,[39],explicit_tail,72f284d6d9a6e8eb360e2440,FY2022_Q2,Forecast/Guidance,0.827148645766688,1,True,False,persistent,full_mainpanel,auto_retail,a29fa225e31dcabf442ce5346019ddddf474d0c4025bc4840285c0f320d1837b,165,included_in_public_release,author_created_derived_post_extraction_card,not_included_mixed_public_or_provider_access,not_redistributed_no_rights_grant,withheld_hash_locator_only
636cacb49447f7a42162,TSLA,FY2022_Q2,FY2022_Q3,a87f745733d2d36d5914c69f,68689aa5256e853bc8f26026,ledger_forward+shock_forward,claim,Tesla::Automotive Sales,BOOSTS_REVENUE_OF,pricing,pricing,pricing_margin,positive,medium,0.9,True,explicit,[36],explicit_segment,7a4502d45e65ee287436ff99,FY2022_Q3,Forecast/Guidance,0.8072516830046061,1,True,False,persistent,full_mainpanel,auto_retail,7bd22f5dad86d580c68192f522fd05e5e04c6557bf07f772711dee7fda98b3a2,96,included_in_public_release,author_created_derived_post_extraction_card,not_included_mixed_public_or_provider_access,not_redistributed_no_rights_grant,withheld_hash_locator_only
955d1568c3365799400a,TSLA,FY2022_Q2,FY2022_Q3,dcf3c9521ed1097de6054aff,1d9c02f178a5eeeabebbcd67,ledger_forward+shock_forward,claim,Tesla::Automotive Sales,CONSTRAINS_PRODUCTION_OF,supply,macro,supply_capacity,negative,medium,0.9,False,explicit,[37],explicit_segment,1481dd22598c96a9eab1a1b4,FY2022_Q3,Forecast/Guidance,0.8072516830046061,1,True,False,unknown,full_mainpanel,auto_retail,f160d17df71ef225bed8fa49a12f1e936a8f8b8cece36c5f1aefed2d2b6591fd,81,included_in_public_release,author_created_derived_post_extraction_card,not_included_mixed_public_or_provider_access,not_redistributed_no_rights_grant,withheld_hash_locator_only
e2786e13485f53f2f693,TSLA,FY2022_Q2,FY2022_Q3,691b19ae5a17f31ef7cb7ee3,686ce5ffc99702c7d6ae2915,ledger_forward+shock_forward,event,Tesla::Automotive Sales,BOOSTS_REVENUE_OF,inventory,inventory,inventory_channel,positive,medium,0.9,True,,[94],explicit_tail,72f284d6d9a6e8eb360e2440,FY2022_Q3,Forecast/Guidance,0.8072516830046061,1,True,False,persistent,full_mainpanel,auto_retail,4f0bd7ed39017869d858ff703e4e45a8a4af17e0ab7437bba0ac203df94d5eed,202,included_in_public_release,author_created_derived_post_extraction_card,not_included_mixed_public_or_provider_access,not_redistributed_no_rights_grant,withheld_hash_locator_only
06ed714187fb393ff750,TSLA,FY2022_Q2,FY2022_Q3,530e9d1c9eeba10ddec378f3,05209c869ce5a0ab287b80a5,ledger_forward+shock_forward,event,Tesla::Automotive Sales,LIMITS_REVENUE_OF,supply,supply,supply_capacity,negative,medium,0.95,True,,[98],explicit_tail,72f284d6d9a6e8eb360e2440,FY2022_Q3,Forecast/Guidance,0.8072516830046061,1,True,False,persistent,full_mainpanel,auto_retail,6bd0c9f7f2b279d1e0701f2ba4e9e9555b9e20ead9d7ffa00356603de135916d,104,included_in_public_release,author_created_derived_post_extraction_card,not_included_mixed_public_or_provider_access,not_redistributed_no_rights_grant,withheld_hash_locator_only
8a048468b9be71510eb6,TSLA,FY2022_Q2,FY2022_Q3,b276a7f2ebe9e0a98ee0b431,00d6cf4634fbcbe639e56234,ledger_forward+shock_forward,event,Tesla::Automotive Sales,LIMITS_REVENUE_OF,macro,macro,regulation_macro,negative,medium,0.9,True,,[101],explicit_tail,72f284d6d9a6e8eb360e2440,FY2022_Q3,Forecast/Guidance,0.8072516830046061,1,True,False,persistent,full_mainpanel,auto_retail,057356811d9362730ea419c7c4951bb3ba9666fb6ac73d025651c5b8adef6320,89,included_in_public_release,author_created_derived_post_extraction_card,not_included_mixed_public_or_provider_access,not_redistributed_no_rights_grant,withheld_hash_locator_only
994d51436615d2c0ca84,TSLA,FY2022_Q3,FY2022_Q4,2373d895ae813271cc9129b5,46ac56fb8a6d9e7113457d69,ledger_forward+shock_forward,claim,Tesla::Automotive Sales,DRIVES_DEMAND_FOR,demand,demand,demand,positive,high,0.95,True,explicit,[14],explicit_segment,39fc51fd476a62e9a8c313a9,FY2022_Q4,Forecast/Guidance,0.8289829402442435,1,True,False,persistent,full_mainpanel,auto_retail,8f026ab77836310075896fb4bf91904c6fa4548f2110a3855c3c93afa15f1995,237,included_in_public_release,author_created_derived_post_extraction_card,not_included_mixed_public_or_provider_access,not_redistributed_no_rights_grant,withheld_hash_locator_only
0342df1300dda19cf3ad,TSLA,FY2022_Q3,FY2022_Q4,66ec3ecaf780c04675b4f78f,671a6b07d793d07259cc700a,ledger_forward,claim,Tesla::Automotive Sales,CONSTRAINS_PRODUCTION_OF,supply,supply,supply_capacity,mixed,low,0.85,False,explicit,[59],explicit_segment,e18aa06a00b54fb9a077a704,FY2022_Q4,Condition/External,0.8289829402442435,1,True,False,unknown,full_mainpanel,auto_retail,736067a15a3b592ecb376092e1772604b59139f592694621260e657bb90616ac,184,included_in_public_release,author_created_derived_post_extraction_card,not_included_mixed_public_or_provider_access,not_redistributed_no_rights_grant,withheld_hash_locator_only
1465f59dac9e8a10a477,TSLA,FY2022_Q3,FY2022_Q4,760285b791b0a50b2e145da4,bd952061e387569f098db8ba,ledger_forward+shock_forward,claim,Tesla::Automotive Sales,CONTRIBUTES_TO,product_transition,product_transition,product_transition,positive,high,0.95,True,explicit,[22],explicit_segment,3003d1f09bec02b41dbd9a33,FY2022_Q4,Forecast/Guidance,0.8289829402442435,1,True,False,persistent,full_mainpanel,auto_retail,b6d45ea787d574ad1c7c553847e680153002ca2b53899feabe0e5f07df871d62,54,included_in_public_release,author_created_derived_post_extraction_card,not_included_mixed_public_or_provider_access,not_redistributed_no_rights_grant,withheld_hash_locator_only
63de1ee06b5ca3ba37f7,TSLA,FY2022_Q3,FY2022_Q4,a1cca09c8442db23abdf7327,d415f441a28c0b73f003f43c,ledger_forward+shock_forward,claim,Tesla::Energy Generation And Storage,CONTRIBUTES_TO,supply,supply,supply_capacity,positive,high,1.0,True,explicit,"[18,19]",explicit_segment,fe5344aa247c4c3c43c50352,FY2022_Q4,Forecast/Guidance,0.05206488300550014,3,True,False,persistent,full_mainpanel,auto_retail,b25cd8c1635d6a0dc1c568ed8700c9925056ca3191035c193fec06911b9191c5,147,included_in_public_release,author_created_derived_post_extraction_card,not_included_mixed_public_or_provider_access,not_redistributed_no_rights_grant,withheld_hash_locator_only
9bc680ab6a1341081108,TSLA,FY2022_Q3,FY2022_Q4,624c84dc88bff8ae69ba36a7,3b6f204b8afae97d2ca75e4a,ledger_forward+shock_forward,event,Tesla::Automotive Sales,LIMITS_REVENUE_OF,supply,supply,supply_capacity,negative,medium,0.95,True,,[93],explicit_tail,72f284d6d9a6e8eb360e2440,FY2022_Q4,Forecast/Guidance,0.8289829402442435,1,True,False,persistent,full_mainpanel,auto_retail,13ebfcd2617a3151abcd868f5c76bb2e9cdf589a983e4cfe18d59d292038205a,172,included_in_public_release,author_created_derived_post_extraction_card,not_included_mixed_public_or_provider_access,not_redistributed_no_rights_grant,withheld_hash_locator_only
ce5dbf09522d781cdb2d,TSLA,FY2022_Q3,FY2022_Q4,15f80adc7bbe432cd3f9663f,5366f3b677101c3cccdfbd1a,ledger_forward+shock_forward,event,Tesla::Automotive Sales,LIMITS_REVENUE_OF,inventory,inventory,inventory_channel,negative,medium,0.95,True,,[100],explicit_tail,72f284d6d9a6e8eb360e2440,FY2022_Q4,Forecast/Guidance,0.8289829402442435,1,True,False,persistent,full_mainpanel,auto_retail,a53943c29b187dc5b2fb7e4e5bacd2c08ae4cf0eec626bb8b1fd7bbb0e582744,150,included_in_public_release,author_created_derived_post_extraction_card,not_included_mixed_public_or_provider_access,not_redistributed_no_rights_grant,withheld_hash_locator_only
fdf78fe5c9bb48726ca6,TSLA,FY2022_Q4,FY2023_Q1,aa0ae06b246eff392bda2463,349a118f1d0d1deb9d417a67,ledger_forward,claim,Tesla::Automotive Sales,DRIVES_DEMAND_FOR,demand,demand,demand,positive,high,1.0,False,explicit,[15],explicit_segment,b02edbd7f6ce27d0e51442d5,FY2023_Q1,Realized/Reporting,0.8323464100666174,1,True,False,unknown,full_mainpanel,auto_retail,f874730a05e55b6224ac91fb3d3c0ebc4bb1673aeaa94590a12e1da2da638fe6,162,included_in_public_release,author_created_derived_post_extraction_card,not_included_mixed_public_or_provider_access,not_redistributed_no_rights_grant,withheld_hash_locator_only
ae1265013db78a1cac82,TSLA,FY2022_Q4,FY2023_Q1,9af851484d3035bb5aae5269,512021fcb80a298283711b48,ledger_forward,claim,Tesla::Automotive Sales,BOOSTS_REVENUE_OF,pricing,pricing,pricing_margin,positive,medium,1.0,False,explicit,[16],explicit_segment,a53b595c21279d1b71d5ad5e,FY2023_Q1,Realized/Reporting,0.8323464100666174,1,True,False,unknown,full_mainpanel,auto_retail,38c0addaf8d6e9a48cc7b2ed20031b22db01591615f12fa6a8911dd5dcf4fdbf,73,included_in_public_release,author_created_derived_post_extraction_card,not_included_mixed_public_or_provider_access,not_redistributed_no_rights_grant,withheld_hash_locator_only
ca33b46e8caeb0bf490a,TSLA,FY2022_Q4,FY2023_Q1,e0874240d40b0b6826b1ba37,528b62e000f7453f75dbf442,ledger_forward+shock_forward,claim,Tesla::Automotive Sales,SUPPORTS_REVENUE_OF,supply,supply,supply_capacity,positive,high,1.0,True,explicit,[18],explicit_segment,9d7bdcda7c5f66b56c481002,FY2023_Q1,Forecast/Guidance,0.8323464100666174,1,True,False,persistent,full_mainpanel,auto_retail,efec7fe0b340b686d2cff854bf600bc6f05cc7822d562525e3ceda74b104c702,109,included_in_public_release,author_created_derived_post_extraction_card,not_included_mixed_public_or_provider_access,not_redistributed_no_rights_grant,withheld_hash_locator_only
f95130a60a15f7616d8b,TSLA,FY2023_Q2,FY2023_Q3,b260af9992a54bc58943a86f,f7ae7473a02c4c1baae2e7a5,ledger_forward+shock_forward,claim,Tesla::Automotive Sales,DRIVES_DEMAND_FOR,demand,demand,demand,positive,high,1.0,True,explicit,[4],explicit_segment,6a1b4d15fcec6f00f4ae0a15,FY2023_Q3,Forecast/Guidance,0.8191519236169615,1,True,False,persistent,full_mainpanel,auto_retail,9c2772a6569a3d2a3ca5ef16479b09c52e71960cf8871e8c9c7fd2ef8169add4,97,included_in_public_release,author_created_derived_post_extraction_card,not_included_mixed_public_or_provider_access,not_redistributed_no_rights_grant,withheld_hash_locator_only
51978fd0397b09e08318,TSLA,FY2023_Q2,FY2023_Q3,437eef90a5bc897c29e83f98,14750bb5487f8941399adf8d,ledger_forward+shock_forward,event,Tesla::Automotive Sales,LIMITS_REVENUE_OF,supply,supply,supply_capacity,negative,medium,0.95,True,,[20],explicit_tail,72f284d6d9a6e8eb360e2440,FY2023_Q3,Forecast/Guidance,0.8191519236169615,1,True,False,persistent,full_mainpanel,auto_retail,9b3cfb19f5d97290ec993dbb547cb4aaf5a3b80ee8bb950fdea98165a20420c5,125,included_in_public_release,author_created_derived_post_extraction_card,not_included_mixed_public_or_provider_access,not_redistributed_no_rights_grant,withheld_hash_locator_only
1885f3b2c16df3805178,TSLA,FY2023_Q2,FY2023_Q3,a0d17ea05f1af299dac164de,1ef92289ef5c95236f7efb0f,ledger_forward+shock_forward,event,Tesla::Automotive Sales,BOOSTS_REVENUE_OF,product_transition,product_transition,product_transition,positive,medium,0.95,True,,[170],explicit_tail,72f284d6d9a6e8eb360e2440,FY2023_Q3,Forecast/Guidance,0.8191519236169615,1,True,False,persistent,full_mainpanel,auto_retail,185e8b857a417a363b49dbbda5e095e95dd94565fff186b3dee4bd130ff798c0,124,included_in_public_release,author_created_derived_post_extraction_card,not_included_mixed_public_or_provider_access,not_redistributed_no_rights_grant,withheld_hash_locator_only
87906eb39eef093cf047,TSLA,FY2023_Q3,FY2023_Q4,1b70ac4c5b3d5a222083dd48,906c0656cb1ee75bb6de3a48,ledger_forward,claim,UNKNOWN,CONSTRAINS_PRODUCTION_OF,supply,supply,supply_capacity,negative,high,1.0,True,explicit,[1],unresolved,,FY2023_Q4,Forecast/Guidance,,0,True,False,persistent,full_mainpanel,auto_retail,d99036ff2f80c84ed2ccd3f0327ba606005f3e27e51879589eaa3b2b2a7dbb71,83,included_in_public_release,author_created_derived_post_extraction_card,not_included_mixed_public_or_provider_access,not_redistributed_no_rights_grant,withheld_hash_locator_only
7312d79ba7e3783a3fd5,TSLA,FY2023_Q3,FY2023_Q4,5a715f4faf54943336c64e3c,151697cc63cd583faa7c896f,ledger_forward+shock_forward,claim,Tesla::Automotive Sales,BOOSTS_REVENUE_OF,product_transition,product_transition,product_transition,positive,high,1.0,True,explicit,[1],explicit_segment,645996d02af4c610d9a1dd2e,FY2023_Q4,Forecast/Guidance,0.7958029978586724,1,True,False,persistent,full_mainpanel,auto_retail,cd83dc5fd7b023734f1b30c278694029d95cf9b6d158fdc90dc96ac5a8bbb314,97,included_in_public_release,author_created_derived_post_extraction_card,not_included_mixed_public_or_provider_access,not_redistributed_no_rights_grant,withheld_hash_locator_only
74538e950333b7e6a64b,TSLA,FY2023_Q3,FY2023_Q4,eaefaebb34bfe41026c517b5,a54fb762fb78c526c012ca5c,ledger_forward,claim,UNKNOWN,CONSTRAINS_PRODUCTION_OF,supply,macro,supply_capacity,negative,medium,1.0,False,explicit,[9],unresolved,,FY2023_Q4,Condition/External,,0,True,False,unknown,full_mainpanel,auto_retail,b9ff4b988f84579e7a6fb9f447338a34668918738153b2e62e6b720acdc9446e,116,included_in_public_release,author_created_derived_post_extraction_card,not_included_mixed_public_or_provider_access,not_redistributed_no_rights_grant,withheld_hash_locator_only
c9a029c72e27d95bafb8,TSLA,FY2023_Q3,FY2023_Q4,c0a5f6d0c1ddfc0b8a799082,2933aedf340df51bfe6303fa,ledger_forward+shock_forward,event,Tesla::Automotive Sales,LIMITS_REVENUE_OF,supply,supply,supply_capacity,negative,medium,0.95,True,,[45],explicit_tail,72f284d6d9a6e8eb360e2440,FY2023_Q4,Forecast/Guidance,0.7958029978586724,1,True,False,persistent,full_mainpanel,auto_retail,ff2982f06fa644488a6e25a7e45ebe5e0cbf16495d6ad7ca65366893b554f8b9,196,included_in_public_release,author_created_derived_post_extraction_card,not_included_mixed_public_or_provider_access,not_redistributed_no_rights_grant,withheld_hash_locator_only
7f78988a26bb4a942721,TSLA,FY2023_Q4,FY2024_Q1,59d803f3d9f7705f41a6ce21,a8a805a61067a8e94948c1a2,ledger_forward,claim,Tesla::Automotive Sales,CONTRIBUTES_TO,supply,supply,supply_capacity,positive,medium,0.9,False,explicit,[52],explicit_segment,c7f97d9c7e8ba64b1bb85759,FY2024_Q1,Condition/External,0.8197242420630191,1,True,False,unknown,full_mainpanel,auto_retail,e28424b4c8a4c2095bf9ef6508dd73b3cfe2962a2566fb16d6c3f5c27515bb2d,138,included_in_public_release,author_created_derived_post_extraction_card,not_included_mixed_public_or_provider_access,not_redistributed_no_rights_grant,withheld_hash_locator_only
9e147540b291bfea1ada,TSLA,FY2023_Q4,FY2024_Q1,c7d79e7bad06ef4927b9bf7c,d1ce6fb553af621b394345e0,ledger_forward+shock_forward,claim,Tesla::Energy Generation And Storage,DRIVES_DEMAND_FOR,demand,demand,demand,positive,high,0.9,True,explicit,[64],explicit_segment,50747e27ad0d6d7c5cc9fc5e,FY2024_Q1,Forecast/Guidance,0.057138316048794054,3,True,False,persistent,full_mainpanel,auto_retail,3b0a4259a136ecd185a2a87a7e0412a7aa8e26ea0887631f5027ed077aedbea3,115,included_in_public_release,author_created_derived_post_extraction_card,not_included_mixed_public_or_provider_access,not_redistributed_no_rights_grant,withheld_hash_locator_only
71475988e462b5e7f9b7,TSLA,FY2023_Q4,FY2024_Q1,0d0e11db4e602463ec3edb49,110fe4d54c696079a955beed,ledger_forward+shock_forward,claim,Tesla::Energy Generation And Storage,CONTRIBUTES_TO,supply,supply,supply_capacity,positive,high,0.95,True,explicit,[65],explicit_segment,34a5d08259a592db2a297a73,FY2024_Q1,Forecast/Guidance,0.057138316048794054,3,True,False,persistent,full_mainpanel,auto_retail,c756cc3611669114ca90493d51e78b0079ac6aca058ff1a1acf599e444551680,170,included_in_public_release,author_created_derived_post_extraction_card,not_included_mixed_public_or_provider_access,not_redistributed_no_rights_grant,withheld_hash_locator_only
ecaada76b40518dff741,TSLA,FY2023_Q4,FY2024_Q1,c179214b0a32e828951bb727,4a0cc51fdf39ba5680ee06b4,ledger_forward+shock_forward,event,Tesla::Automotive Sales,BOOSTS_REVENUE_OF,regulation,regulation,regulation_macro,positive,medium,0.95,True,,[95],explicit_tail,72f284d6d9a6e8eb360e2440,FY2024_Q1,Forecast/Guidance,0.8197242420630191,1,True,False,persistent,full_mainpanel,auto_retail,f78dd3d7afdcb604ac81cfbfa0f3669ae47210c6c5f375abe07c05be7c0ce4fd,206,included_in_public_release,author_created_derived_post_extraction_card,not_included_mixed_public_or_provider_access,not_redistributed_no_rights_grant,withheld_hash_locator_only
6687442733951ce00038,TSLA,FY2023_Q4,FY2024_Q1,c4d0759487b1fcaf4483ab8f,986dc0b3387e2cccea9a1f2e,ledger_forward+shock_forward,event,Tesla::Automotive Leasing,BOOSTS_REVENUE_OF,pricing,pricing,pricing_margin,positive,medium,0.95,True,,[96],explicit_tail,a8b1a2db40731e40564d41c4,FY2024_Q1,Forecast/Guidance,0.019867286526006278,4,True,False,persistent,full_mainpanel,auto_retail,403af12459ae2aee2b5a3fee59449aad7baf1ffa4ae00358323ff40621bf40c6,111,included_in_public_release,author_created_derived_post_extraction_card,not_included_mixed_public_or_provider_access,not_redistributed_no_rights_grant,withheld_hash_locator_only
76928dd826d22c179fc5,TSLA,FY2024_Q1,FY2024_Q2,c795064d7021756e2616d711,4a817e750af4359b1ebec915,ledger_forward+shock_forward,claim,Tesla::Energy Generation And Storage,BOOSTS_REVENUE_OF,demand,demand,demand,positive,high,1.0,True,explicit,[8],explicit_segment,94a77de361af6c844b038f2a,FY2024_Q2,Forecast/Guidance,0.07675695976714708,3,True,False,persistent,full_mainpanel,auto_retail,89ef4ae6aa0e4c75f91a271d4c080110b6a8b7a60fdeac6109cc82e8a8fc7c06,223,included_in_public_release,author_created_derived_post_extraction_card,not_included_mixed_public_or_provider_access,not_redistributed_no_rights_grant,withheld_hash_locator_only
cba6c581b7666812a629,TSLA,FY2024_Q1,FY2024_Q2,5951a752ea51bcd02e923af6,6ee43219ca4e5fcf7de5e708,ledger_forward+shock_forward,claim,Tesla::Automotive Sales,BOOSTS_REVENUE_OF,product_transition,product_transition,product_transition,positive,high,1.0,True,explicit,"[11,12,13]",explicit_segment,8416d9dd6f7dec7826f8088d,FY2024_Q2,Forecast/Guidance,0.7727336744753768,1,True,False,persistent,full_mainpanel,auto_retail,0cc0d81b86d4f8465c50fb55cddc8c097887715d350fd48e061f824d60cf253a,293,included_in_public_release,author_created_derived_post_extraction_card,not_included_mixed_public_or_provider_access,not_redistributed_no_rights_grant,withheld_hash_locator_only
49a3921352496e4e36d8,TSLA,FY2024_Q1,FY2024_Q2,e882050851bdc4de300fa623,82d905a1932369cf9d5896b8,ledger_forward+shock_forward,event,Tesla::Automotive Sales,BOOSTS_REVENUE_OF,inventory,inventory,inventory_channel,positive,medium,0.95,True,,[73],explicit_tail,72f284d6d9a6e8eb360e2440,FY2024_Q2,Forecast/Guidance,0.7727336744753768,1,True,False,persistent,full_mainpanel,auto_retail,38e48466f627991ced8e953ee2cdd4da26634f322c0e82ab584d2238b3d36c93,110,included_in_public_release,author_created_derived_post_extraction_card,not_included_mixed_public_or_provider_access,not_redistributed_no_rights_grant,withheld_hash_locator_only
a3101f3e0fa084fbe983,TSLA,FY2024_Q2,FY2024_Q3,49aca909f1c8146326240f52,12079c7a2dafd31fe4893e1b,ledger_forward+shock_forward,claim,Tesla::Automotive Sales,DRIVES_DEMAND_FOR,demand,demand,demand,positive,high,0.95,True,explicit,[6],explicit_segment,a478377e2024ec7759f7c04a,FY2024_Q3,Forecast/Guidance,0.7266666666666667,1,True,False,persistent,full_mainpanel,auto_retail,9ffe9c8ab8c708a87849f7ed6c0e478a8f46d0bf35b734b822d0a6ccc8e85275,123,included_in_public_release,author_created_derived_post_extraction_card,not_included_mixed_public_or_provider_access,not_redistributed_no_rights_grant,withheld_hash_locator_only
90bca0fc5690cafe7da1,TSLA,FY2024_Q2,FY2024_Q3,09749513a149ccde5b54e27a,a2b205684d84f136cc24932b,ledger_forward+shock_forward,event,Tesla::Automotive Sales,LIMITS_REVENUE_OF,pricing,pricing,pricing_margin,negative,medium,0.95,True,,[65],explicit_tail,72f284d6d9a6e8eb360e2440,FY2024_Q3,Forecast/Guidance,0.7266666666666667,1,True,False,persistent,full_mainpanel,auto_retail,702e2cda23f6f6059deec835f138389e16cc66fa91ef4f0ae3b8d6503fd1571c,300,included_in_public_release,author_created_derived_post_extraction_card,not_included_mixed_public_or_provider_access,not_redistributed_no_rights_grant,withheld_hash_locator_only
8eed83f48916d507e988,TSLA,FY2024_Q2,FY2024_Q3,b01776410afe2e5b9e0cf4e9,e66040286792eeb6da161f3f,ledger_forward+shock_forward,event,Tesla::Automotive Sales,BOOSTS_REVENUE_OF,pricing,pricing,pricing_margin,positive,medium,0.9,True,,[68],explicit_tail,72f284d6d9a6e8eb360e2440,FY2024_Q3,Forecast/Guidance,0.7266666666666667,1,True,False,persistent,full_mainpanel,auto_retail,db397a6165b08be2405509edc5a45cd920455c82e0d469252c892b2e5a58da12,195,included_in_public_release,author_created_derived_post_extraction_card,not_included_mixed_public_or_provider_access,not_redistributed_no_rights_grant,withheld_hash_locator_only
9e1e1efea10e84caa460,TSLA,FY2024_Q3,FY2024_Q4,94c8e0a4a802d23747f1f043,4603411868ac349ad8bd33b5,ledger_forward+shock_forward,claim,Tesla::Automotive Sales,DRIVES_DEMAND_FOR,demand,demand,demand,positive,medium,0.9,False,explicit,[11],explicit_segment,241c5cb9015d9b253d66bbf1,FY2024_Q4,Forecast/Guidance,0.7477960447939004,1,True,False,unknown,full_mainpanel,auto_retail,5a65b16f47940bf595e7701135a6a39006a88bec0cdc27ec2a14dcc76f1b679d,130,included_in_public_release,author_created_derived_post_extraction_card,not_included_mixed_public_or_provider_access,not_redistributed_no_rights_grant,withheld_hash_locator_only
b85cc062bb960f712f87,TSLA,FY2024_Q3,FY2024_Q4,115ad7ed0708a3ad7b5028c3,269053cd96dfa32803490cd6,ledger_forward+shock_forward,claim,Tesla::Automotive Sales,DRIVES_DEMAND_FOR,demand,product_transition,demand,positive,medium,0.9,True,explicit,"[15,25]",explicit_segment,95f4d5e6952c2c4d6a4a8d63,FY2024_Q4,Forecast/Guidance,0.7477960447939004,1,True,False,persistent,full_mainpanel,auto_retail,574326d15bbc0d57e2e72eac0a3724e7e365e1d4adf99623dd1d58f7712bbb3c,170,included_in_public_release,author_created_derived_post_extraction_card,not_included_mixed_public_or_provider_access,not_redistributed_no_rights_grant,withheld_hash_locator_only
dfa6d2236b416d838c87,TSLA,FY2024_Q3,FY2024_Q4,cb4d86087295f04859eb93e2,8e9938273c7a5614ef19a6b5,ledger_forward+shock_forward,claim,Tesla::Energy Generation And Storage,BOOSTS_REVENUE_OF,supply,supply,supply_capacity,positive,high,0.9,True,explicit,[54],explicit_segment,b234194a948cee45df0c3de1,FY2024_Q4,Forecast/Guidance,0.0943531093638313,3,True,False,persistent,full_mainpanel,auto_retail,b9d4ba11e423dfa4cc37196de7a5e6ca9e10751bf08b7aee60b3f5c268b72374,108,included_in_public_release,author_created_derived_post_extraction_card,not_included_mixed_public_or_provider_access,not_redistributed_no_rights_grant,withheld_hash_locator_only
2803daf0101c2158d672,TSLA,FY2024_Q3,FY2024_Q4,d3ad6cf04ff4ff81fdd6778f,da06402867a0c6d09ea1fe70,ledger_forward+shock_forward,event,Tesla::Energy Generation And Storage,BOOSTS_REVENUE_OF,demand,demand,demand,positive,high,0.95,True,,[214],explicit_tail,4c62470b1127b619ce5e84cc,FY2024_Q4,Forecast/Guidance,0.0943531093638313,3,True,False,persistent,full_mainpanel,auto_retail,2716e7a268ed45362acd249e810d9607b7d78f16ca6bcada99bbe8ac519a8541,104,included_in_public_release,author_created_derived_post_extraction_card,not_included_mixed_public_or_provider_access,not_redistributed_no_rights_grant,withheld_hash_locator_only
0a7dc0a0eb42ee9d6f70,TSLA,FY2024_Q3,FY2024_Q4,28009da606e21f042f65783c,7ee06eb1bfb311625698ce55,ledger_forward+shock_forward,claim,Tesla::Services And Other,BOOSTS_REVENUE_OF,demand,demand,demand,positive,medium,0.85,False,explicit,[110],explicit_segment,ca0c44a5000e51845cccd558,FY2024_Q4,Forecast/Guidance,0.11079342387419586,2,True,False,unknown,full_mainpanel,auto_retail,7c4f3cee2e859d4aa500bd9b597703627946ae0bdaa90346a42be4bb0d448098,89,included_in_public_release,author_created_derived_post_extraction_card,not_included_mixed_public_or_provider_access,not_redistributed_no_rights_grant,withheld_hash_locator_only
3854e731cc49711b6e20,TSLA,FY2024_Q3,FY2024_Q4,e571d2a68811b6e9c926b328,f699415f2c7ccc92612ce121,ledger_forward+shock_forward,claim,Tesla::Automotive Sales,SUPPORTS_REVENUE_OF,product_transition,product_transition,product_transition,positive,medium,0.9,True,explicit,[86],explicit_segment,95f4d5e6952c2c4d6a4a8d63,FY2024_Q4,Forecast/Guidance,0.7477960447939004,1,True,False,persistent,full_mainpanel,auto_retail,b6cec5d8355cc5dedb22d589743e7369846c0d653b5e0fd165e3322c2fb7e6b3,130,included_in_public_release,author_created_derived_post_extraction_card,not_included_mixed_public_or_provider_access,not_redistributed_no_rights_grant,withheld_hash_locator_only
cb4a64693ee5ffc37c18,TSLA,FY2024_Q3,FY2024_Q4,743468cf6c869c9c0721757f,cde77414909b90cde2b15748,ledger_forward+shock_forward,event,Tesla::Automotive Sales,BOOSTS_REVENUE_OF,macro,macro,regulation_macro,positive,high,0.95,True,,[206],explicit_tail,72f284d6d9a6e8eb360e2440,FY2024_Q4,Forecast/Guidance,0.7477960447939004,1,True,False,persistent,full_mainpanel,auto_retail,3a4e47be581426c9931ba0f69ae2d1c77eaaad302a7b68543110ada3d6c30644,164,included_in_public_release,author_created_derived_post_extraction_card,not_included_mixed_public_or_provider_access,not_redistributed_no_rights_grant,withheld_hash_locator_only
ce0f85abda96b1a5395b,TSLA,FY2024_Q3,FY2024_Q4,1c54ccc4d17235cb3badbc91,85d88d51a151b42ba3ea1522,ledger_forward+shock_forward,event,Tesla::Energy Generation And Storage,SUPPORTS_REVENUE_OF,demand,demand,demand,mixed,medium,0.9,True,,[213],explicit_tail,4c62470b1127b619ce5e84cc,FY2024_Q4,Forecast/Guidance,0.0943531093638313,3,True,False,persistent,full_mainpanel,auto_retail,b55ba273128864a3b1ca97f55349fd56f321b5a3bdd0f22dce1d2193b857506d,189,included_in_public_release,author_created_derived_post_extraction_card,not_included_mixed_public_or_provider_access,not_redistributed_no_rights_grant,withheld_hash_locator_only
656a92529fdcf568ad4c,TSLA,FY2024_Q3,FY2024_Q4,253bd67b9efe1a47e28ac5ef,8bc90eea926bf2692e38877a,ledger_forward+shock_forward,event,Tesla::Automotive Sales,LIMITS_REVENUE_OF,macro,macro,regulation_macro,negative,medium,0.9,True,,[203],explicit_tail,72f284d6d9a6e8eb360e2440,FY2024_Q4,Forecast/Guidance,0.7477960447939004,1,True,False,persistent,full_mainpanel,auto_retail,610c2f89a51dfae0aabea7342fb2c4265ae95f161304b0ad4f53411496902239,100,included_in_public_release,author_created_derived_post_extraction_card,not_included_mixed_public_or_provider_access,not_redistributed_no_rights_grant,withheld_hash_locator_only
62542c3e0676863048fd,TSLA,FY2024_Q4,FY2025_Q1,b76d7d97a6a5d38c1c0dd800,b3f7a4a747a08d9f151df57b,ledger_forward+shock_forward,event,Tesla::Automotive Sales,LIMITS_REVENUE_OF,product_transition,product_transition,product_transition,negative,high,0.95,True,,[603],explicit_tail,72f284d6d9a6e8eb360e2440,FY2025_Q1,Forecast/Guidance,0.7258334305831097,1,True,False,persistent,full_mainpanel,auto_retail,cdaaf426d2f6e1a955d8a19dba82e3c5268d0d254841defb26038c3df0f8553c,128,included_in_public_release,author_created_derived_post_extraction_card,not_included_mixed_public_or_provider_access,not_redistributed_no_rights_grant,withheld_hash_locator_only
dc7fd37b24255aee251f,TSLA,FY2025_Q1,FY2025_Q2,ce78165bc7eceffbe00d4055,f0ccb00cda886b4adfe0b3ab,ledger_forward+shock_forward,claim,Tesla::Automotive Sales,DRIVES_DEMAND_FOR,demand,demand,demand,positive,high,1.0,False,explicit,[10],explicit_segment,6a1b4d15fcec6f00f4ae0a15,FY2025_Q2,Forecast/Guidance,0.6684768554434962,1,True,False,unknown,full_mainpanel,auto_retail,2ca50591e3352a6bfe5808d3b9df4dfd347f3381d2a761de31c299e3b7f1d31a,124,included_in_public_release,author_created_derived_post_extraction_card,not_included_mixed_public_or_provider_access,not_redistributed_no_rights_grant,withheld_hash_locator_only
8f512a65ed340595ebc9,TSLA,FY2025_Q1,FY2025_Q2,78212a3af713acae512fcd5e,bbce82784f7b73a9542c385a,ledger_forward+shock_forward,event,Tesla::Automotive Sales,LIMITS_REVENUE_OF,regulation,regulation,regulation_macro,negative,medium,0.95,True,,[163],explicit_tail,72f284d6d9a6e8eb360e2440,FY2025_Q2,Forecast/Guidance,0.6684768554434962,1,True,False,persistent,full_mainpanel,auto_retail,466ca7c756a481f34b2270278bf0c389406c85315f18bff3141f2d3d4273052c,199,included_in_public_release,author_created_derived_post_extraction_card,not_included_mixed_public_or_provider_access,not_redistributed_no_rights_grant,withheld_hash_locator_only
2b89c6e90cc53960de6b,TSLA,FY2025_Q1,FY2025_Q2,f0c277d269710341b0bd9fd3,828631d5c9b47e0a2795937e,ledger_forward+shock_forward,event,Tesla::Energy Generation And Storage,LIMITS_REVENUE_OF,regulation,regulation,regulation_macro,negative,medium,0.95,True,,[166],explicit_tail,4c62470b1127b619ce5e84cc,FY2025_Q2,Forecast/Guidance,0.14119472459270752,2,True,False,persistent,full_mainpanel,auto_retail,55af62f028872cadfcd6675bf4c0552949e56679ada10164e7a5b878be27d96b,107,included_in_public_release,author_created_derived_post_extraction_card,not_included_mixed_public_or_provider_access,not_redistributed_no_rights_grant,withheld_hash_locator_only
bac7eb0e252e7b89453d,TSLA,FY2025_Q2,FY2025_Q3,f6fc633c8090524c6f5e51a5,5411190c5684e975f91b75c3,ledger_forward+shock_forward,claim,Tesla::Automotive Sales,DRIVES_DEMAND_FOR,demand,demand,demand,positive,high,0.95,True,explicit,[7],explicit_segment,60eec0199ad1bd40cb952266,FY2025_Q3,Forecast/Guidance,0.7017692034139402,1,True,False,persistent,full_mainpanel,auto_retail,08f9c09df71ae294876ca38591750677b6e42f4d7335b29435484bdb4c945a22,192,included_in_public_release,author_created_derived_post_extraction_card,not_included_mixed_public_or_provider_access,not_redistributed_no_rights_grant,withheld_hash_locator_only
b7873daa061b9eb7736d,TSLA,FY2025_Q2,FY2025_Q3,f3628537322ad9b2a21a7ec3,25bc58b3c693c6649ed1049d,ledger_forward+shock_forward,claim,Tesla::Automotive Sales,DRIVES_DEMAND_FOR,demand,regulation,demand,positive,medium,0.9,False,explicit,[12],explicit_segment,4f7b2afa50830f84b099645a,FY2025_Q3,Forecast/Guidance,0.7017692034139402,1,True,False,unknown,full_mainpanel,auto_retail,0d86a83f1670b03f7d319fb7f74f46e0827aad00bff1a7cb7bf177634ebb5052,139,included_in_public_release,author_created_derived_post_extraction_card,not_included_mixed_public_or_provider_access,not_redistributed_no_rights_grant,withheld_hash_locator_only
52dc8b40468e901961ce,TSLA,FY2025_Q2,FY2025_Q3,871f9a499879dee3c47976a6,91ddce0b664df6fd66bfa100,ledger_forward+shock_forward,claim,Tesla::Automotive Sales,CONSTRAINS_PRODUCTION_OF,supply,regulation,supply_capacity,negative,medium,0.9,True,explicit,[14],explicit_segment,aedaf3afd459029d1f91bbfd,FY2025_Q3,Forecast/Guidance,0.7017692034139402,1,True,False,persistent,full_mainpanel,auto_retail,149ba790f1507a3b65451aa6eae2d1e6767e1c49bb54fc80f1b873932dd6dd28,146,included_in_public_release,author_created_derived_post_extraction_card,not_included_mixed_public_or_provider_access,not_redistributed_no_rights_grant,withheld_hash_locator_only
ab22a2d9dd7af5f25a0c,TSLA,FY2025_Q2,FY2025_Q3,b920122ca6e330dd7f011cc4,2bc41a30c38f4ed5683d7b1e,ledger_forward+shock_forward,claim,Tesla::Automotive Sales,BOOSTS_REVENUE_OF,product_transition,product_transition,product_transition,positive,high,0.95,False,explicit,[19],explicit_segment,13de5880793a8d862c35aea1,FY2025_Q3,Forecast/Guidance,0.7017692034139402,1,True,False,unknown,full_mainpanel,auto_retail,7a62de7461eabca98c0fc59437e16a63be340c931c01b8d1f3289a5a1c9b27fe,94,included_in_public_release,author_created_derived_post_extraction_card,not_included_mixed_public_or_provider_access,not_redistributed_no_rights_grant,withheld_hash_locator_only
8562c8a0edef884bffe1,TSLA,FY2025_Q2,FY2025_Q3,d8288d944850141f2574196c,7fa7a1ca643c7a2bd022e305,ledger_forward+shock_forward,claim,Tesla::Energy Generation And Storage,DRIVES_DEMAND_FOR,demand,demand,demand,positive,medium,0.95,False,explicit,[60],explicit_segment,cc234be97701b3c73c2138b9,FY2025_Q3,Forecast/Guidance,0.1239775960170697,3,True,False,unknown,full_mainpanel,auto_retail,93816d75ea3544816edec9001044f3a9e1a25c901cbbae1a9dfec5da32c8dd72,147,included_in_public_release,author_created_derived_post_extraction_card,not_included_mixed_public_or_provider_access,not_redistributed_no_rights_grant,withheld_hash_locator_only
970a07070f2c8681995b,TSLA,FY2025_Q2,FY2025_Q3,701e1a7671d02fb59a80ca01,1a556d870fa839e51934a4a1,ledger_forward+shock_forward,event,Tesla::Automotive Sales,LIMITS_REVENUE_OF,regulation,regulation,regulation_macro,negative,high,0.95,True,,[140],explicit_tail,72f284d6d9a6e8eb360e2440,FY2025_Q3,Forecast/Guidance,0.7017692034139402,1,True,False,persistent,full_mainpanel,auto_retail,3b904043565f134cb2796cf8f4e331bbefa2ac83dbf8d9d8107d475e428443fd,102,included_in_public_release,author_created_derived_post_extraction_card,not_included_mixed_public_or_provider_access,not_redistributed_no_rights_grant,withheld_hash_locator_only
d1b1fb652a46c2a4a332,TSLA,FY2025_Q2,FY2025_Q3,89a7d352484474019b3b903f,0c055e5a665013981993b315,ledger_forward+shock_forward,event,Tesla::Automotive Sales,LIMITS_REVENUE_OF,supply,supply,supply_capacity,negative,high,0.9,True,,[141],explicit_tail,72f284d6d9a6e8eb360e2440,FY2025_Q3,Forecast/Guidance,0.7017692034139402,1,True,False,persistent,full_mainpanel,auto_retail,d273a5b2a29b2d7ae393899536304f492c2a577aa850e10d02013c73a0b08888,153,included_in_public_release,author_created_derived_post_extraction_card,not_included_mixed_public_or_provider_access,not_redistributed_no_rights_grant,withheld_hash_locator_only
e33edf041e70394e7a60,TSLA,FY2025_Q2,FY2025_Q3,0999758316504dc0a850538a,4ca16b1b4c5fc1307a5e865b,ledger_forward+shock_forward,event,Tesla::Automotive Regulatory Credits,LIMITS_REVENUE_OF,regulation,regulation,regulation_macro,negative,medium,0.95,True,,[158],explicit_tail,f353969ca554d340a95e47dc,FY2025_Q3,Forecast/Guidance,0.019514580369843527,4,True,False,persistent,full_mainpanel,auto_retail,1e788fded00b5d2992ea7acbd50db80a4c593da9feed6772e7c5cdc20a710bde,188,included_in_public_release,author_created_derived_post_extraction_card,not_included_mixed_public_or_provider_access,not_redistributed_no_rights_grant,withheld_hash_locator_only
c10a85d7ccda5b87f26b,TSLA,FY2025_Q2,FY2025_Q3,e92f869fb297a63f412168bb,e0b28d8c3875064bd7f7b3b2,ledger_forward+shock_forward,event,Tesla::Energy Generation And Storage,LIMITS_REVENUE_OF,regulation,regulation,regulation_macro,negative,medium,0.9,True,,[173],explicit_tail,4c62470b1127b619ce5e84cc,FY2025_Q3,Forecast/Guidance,0.1239775960170697,3,True,False,persistent,full_mainpanel,auto_retail,38fe91610d80850d7a7bb364f59130f4d7108118d23ceef4a1b49c28d0b6426d,192,included_in_public_release,author_created_derived_post_extraction_card,not_included_mixed_public_or_provider_access,not_redistributed_no_rights_grant,withheld_hash_locator_only
1e46c2c7e127d5b69e26,TSLA,FY2025_Q3,FY2025_Q4,4080d2aa6e711dd4b48b6a89,0c5a3997dc7356359c7bf00e,ledger_forward+shock_forward,claim,Tesla::Automotive Sales,DRIVES_DEMAND_FOR,demand,demand,demand,positive,high,0.9,True,explicit,[11],explicit_segment,4d46518ac6fe38bc69a5b372,FY2025_Q4,Forecast/Guidance,0.7246485139704574,1,True,False,persistent,full_mainpanel,auto_retail,8a87b6b9e514bef2e95bb569a7d88092c5136132d48088be9d28b2859628b896,49,included_in_public_release,author_created_derived_post_extraction_card,not_included_mixed_public_or_provider_access,not_redistributed_no_rights_grant,withheld_hash_locator_only
190cfb63718281ffea0e,TSLA,FY2025_Q3,FY2025_Q4,a6ffd9c66ec55e6300c2e072,0ed527e9d6fd9a6012070ab9,ledger_forward+shock_forward,event,Tesla::Automotive Sales,BOOSTS_REVENUE_OF,regulation,regulation,regulation_macro,positive,medium,0.95,True,,[129],explicit_tail,72f284d6d9a6e8eb360e2440,FY2025_Q4,Forecast/Guidance,0.7246485139704574,1,True,False,persistent,full_mainpanel,auto_retail,99c951dbb17090834b4d01cf71e2009e8968d4978112ee07ba5780be19f77b75,80,included_in_public_release,author_created_derived_post_extraction_card,not_included_mixed_public_or_provider_access,not_redistributed_no_rights_grant,withheld_hash_locator_only
d6ef1a338e47ddce6927,TSLA,FY2025_Q3,FY2025_Q4,022fa95682c7b293298aeba8,6228ae931a9f39b8be432396,ledger_forward+shock_forward,claim,Tesla::Automotive Sales,BOOSTS_REVENUE_OF,product_transition,product_transition,product_transition,positive,high,0.9,True,explicit,[73],explicit_segment,899b3b06fb55c832c624f3e1,FY2025_Q4,Forecast/Guidance,0.7246485139704574,1,True,False,persistent,full_mainpanel,auto_retail,76613cd4eb65fab26704f8ccb4d81b4e11f1deea3eb20666300b4e5532458d40,62,included_in_public_release,author_created_derived_post_extraction_card,not_included_mixed_public_or_provider_access,not_redistributed_no_rights_grant,withheld_hash_locator_only
f3996859d2817b141e8e,TSLA,FY2025_Q3,FY2025_Q4,1b6996ad6144d8a5f86b8422,3e37c79c7ebda576e6fc9133,ledger_forward+shock_forward,event,Tesla::Energy Generation And Storage,BOOSTS_REVENUE_OF,demand,demand,demand,positive,high,0.95,True,,[150],explicit_tail,4c62470b1127b619ce5e84cc,FY2025_Q4,Forecast/Guidance,0.1215518775582844,3,True,False,persistent,full_mainpanel,auto_retail,9306326f4bbc97e89327b09e100ffb5fae3795e746c612f9d3623e664bb7b96f,79,included_in_public_release,author_created_derived_post_extraction_card,not_included_mixed_public_or_provider_access,not_redistributed_no_rights_grant,withheld_hash_locator_only
121f8f36d454211955b6,TSLA,FY2025_Q3,FY2025_Q4,1086572cc8b745e5fdf0f738,7534a7a364514b0d6c6d9262,ledger_forward+shock_forward,event,Tesla::Energy Generation And Storage,BOOSTS_REVENUE_OF,product_transition,product_transition,product_transition,positive,medium,0.9,True,,[151],explicit_tail,4c62470b1127b619ce5e84cc,FY2025_Q4,Forecast/Guidance,0.1215518775582844,3,True,False,persistent,full_mainpanel,auto_retail,01bea819e8a563cb5ecb92cd8cc892056a30a1561554f08b7bf9d899b92073de,114,included_in_public_release,author_created_derived_post_extraction_card,not_included_mixed_public_or_provider_access,not_redistributed_no_rights_grant,withheld_hash_locator_only
61c5c8667e9f18d467eb,TSLA,FY2025_Q3,FY2025_Q4,d330cf1040961ec1f2562b4a,3ef78b87e28d5bc0858596be,ledger_forward+shock_forward,event,Tesla::Energy Generation And Storage,BOOSTS_REVENUE_OF,regulation,regulation,regulation_macro,positive,medium,0.9,True,,[154],explicit_tail,4c62470b1127b619ce5e84cc,FY2025_Q4,Forecast/Guidance,0.1215518775582844,3,True,False,persistent,full_mainpanel,auto_retail,61f2c91238bd7d599da8adb043247678bee05e237925875dcd3194bffdf5f632,167,included_in_public_release,author_created_derived_post_extraction_card,not_included_mixed_public_or_provider_access,not_redistributed_no_rights_grant,withheld_hash_locator_only
